function GetGitSoundID(GithubSnd, SoundName)
	SoundName = tostring(SoundName)
	local url = GithubSnd
	local FileName = SoundName
	writefile("customObject_Sound_"..FileName..".mp3", game:HttpGet(url))
	return (getcustomasset or getsynasset)("customObject_Sound_"..FileName..".mp3")
end

function sfx(id, parent, duration, startPosition)
	local sound = Instance.new("Sound")
	sound.SoundId = id
	sound.Parent = parent
	sound.Volume = 1

	sound:Play()
	sound.TimePosition = startPosition or 0

	task.spawn(function()
		local fadeTime = 3
		local startFadeAt = math.max((duration or sound.TimeLength) - fadeTime, 0)

		task.wait(startFadeAt)

		local startVolume = sound.Volume
		local steps = 30

		for i = 1, steps do
			if not sound.Parent then return end
			sound.Volume = startVolume * (1 - (i / steps))
			task.wait(fadeTime / steps)
		end

		sound.Volume = 0
	end)

	game.Debris:AddItem(sound, duration or 0)
	return sound
end

function getsfxid(id)
	local hi = nil
	if id == "clang" then
		hi = "rbxassetid://495135507"
	elseif id == "imposter" then
		local url = "https://github.com/anhubuniversal-create/Obfuscation-/raw/refs/heads/main/lv_0_20260806194113.mp3"
		hi = GetGitSoundID(url, "Theme")
	end
	return tostring(hi)
end

sfx(getsfxid("imposter"), workspace, 19, 0)
Wait(3)
local Players = game:GetService("Players")
local RunService = game:GetService("RunService")
local TweenService = game:GetService("TweenService")

local player = Players.LocalPlayer
local character = player.Character or player.CharacterAdded:Wait()
local hum = character:WaitForChild("Humanoid")
local hrp = character:WaitForChild("HumanoidRootPart")

-- === CHARACTER PREPARATION ===
local oldAutoRotate = hum.AutoRotate
local oldSit = hum.Sit

-- stop all animations
for _, v in ipairs(hum:GetPlayingAnimationTracks()) do
	v:Stop(0)
end

-- disable physics control
hum.Sit = true
hum.AutoRotate = false
hum.PlatformStand = true

hrp.AssemblyLinearVelocity = Vector3.zero
hrp.AssemblyAngularVelocity = Vector3.zero

-- ghost mode
local originalCollisions = {}
local function setGhost(state)
	for _, obj in ipairs(character:GetDescendants()) do
		if obj:IsA("BasePart") then
			if state then
				originalCollisions[obj] = obj.CanCollide
				obj.CanCollide = false
				obj.Massless = true
			else
				if originalCollisions[obj] ~= nil then
					obj.CanCollide = originalCollisions[obj]
				end
				obj.Massless = false
			end
		end
	end
end

setGhost(true)

-- animation (optional placeholder)
local animation = Instance.new("Animation")
animation.AnimationId = "rbxassetid://0"
local track = hum:LoadAnimation(animation)
track:Play(1, 5, 1)
track:AdjustSpeed(0.01)

-- checkpoint target
local checkpoint = Instance.new("Part")
checkpoint.Size = hrp.Size
checkpoint.CFrame = hrp.CFrame
checkpoint.Anchored = true
checkpoint.CanCollide = false
checkpoint.Transparency = 1
checkpoint.Parent = workspace


local frames = {
	CFrame.new(-407.344604,4.498321,-349.141541,0.980167,0.000000,-0.198173,0.000000,1.000000,0.000000,0.198173,0.000000,0.980167),
	CFrame.new(-407.337799,4.491467,-349.150696,0.973229,-0.001065,-0.229835,0.001530,0.999997,0.001845,0.229832,-0.002147,0.973228),
	CFrame.new(-407.329620,4.483802,-349.161652,0.963514,-0.002255,-0.267648,0.003451,0.999986,0.003999,0.267635,-0.004777,0.963509),
	CFrame.new(-407.321442,4.476958,-349.172607,0.952291,-0.003344,-0.305174,0.005461,0.999967,0.006084,0.305144,-0.007460,0.952277),
	CFrame.new(-407.313263,4.470680,-349.183594,0.939572,-0.004330,-0.342325,0.007557,0.999939,0.008093,0.342269,-0.010191,0.939547),
	CFrame.new(-407.287720,4.476662,-349.191345,0.906940,-0.006898,-0.421203,0.011821,0.999889,0.009078,0.421094,-0.013212,0.906921),
	CFrame.new(-407.273529,4.475474,-349.193634,0.875532,-0.012607,-0.482995,0.015459,0.999879,0.001923,0.482912,-0.009151,0.875621),
	CFrame.new(-407.265167,4.474127,-349.199738,0.857473,-0.013903,-0.514342,0.017314,0.999848,0.001837,0.514238,-0.010480,0.857583),
	CFrame.new(-407.254700,4.472588,-349.207397,0.833331,-0.015453,-0.552558,0.019624,0.999806,0.001635,0.552426,-0.012206,0.833473),
	CFrame.new(-407.244232,4.471351,-349.215057,0.807522,-0.016922,-0.589594,0.021920,0.999759,0.001329,0.589429,-0.013997,0.807699),
	CFrame.new(-407.201355,4.467368,-349.217987,0.770824,-0.017394,-0.636811,0.026089,0.999650,0.004274,0.636514,-0.019908,0.771008),
	CFrame.new(-407.187561,4.466292,-349.225342,0.739896,-0.018508,-0.672467,0.028640,0.999582,0.004001,0.672112,-0.022220,0.740116),
	CFrame.new(-407.176544,4.465509,-349.231232,0.714072,-0.019317,-0.699805,0.030662,0.999523,0.003697,0.699400,-0.024097,0.714324),
	CFrame.new(-407.141479,4.466058,-349.232422,0.654888,-0.019016,-0.755487,0.032116,0.999481,0.002682,0.755043,-0.026020,0.655158),
	CFrame.new(-407.125854,4.465140,-349.239410,0.616490,-0.019697,-0.787116,0.034509,0.999402,0.002019,0.786606,-0.028407,0.616802),
	CFrame.new(-407.119598,4.464752,-349.242218,0.600792,-0.019934,-0.799157,0.035451,0.999370,0.001723,0.798619,-0.029366,0.601120),
	CFrame.new(-407.090759,4.468458,-349.228271,0.586774,-0.034729,-0.809006,0.038595,0.999144,-0.014898,0.808831,-0.022482,0.587612),
	CFrame.new(-407.090759,4.468458,-349.228271,0.586774,-0.034729,-0.809006,0.038595,0.999144,-0.014898,0.808831,-0.022482,0.587612),
	CFrame.new(-407.090759,4.468458,-349.228271,0.586774,-0.034729,-0.809006,0.038595,0.999144,-0.014898,0.808831,-0.022482,0.587612),
	CFrame.new(-407.090759,4.468458,-349.228271,0.586774,-0.034729,-0.809006,0.038595,0.999144,-0.014898,0.808831,-0.022482,0.587612),
	CFrame.new(-407.091309,4.468511,-349.224701,0.573992,-0.035401,-0.818096,0.035183,0.999209,-0.018553,0.818105,-0.018134,0.574783),
	CFrame.new(-407.091309,4.468511,-349.224701,0.573992,-0.035401,-0.818096,0.035183,0.999209,-0.018553,0.818105,-0.018134,0.574783),
	CFrame.new(-407.091309,4.468511,-349.224701,0.573992,-0.035401,-0.818096,0.035183,0.999209,-0.018553,0.818105,-0.018134,0.574783),
	CFrame.new(-407.091309,4.468511,-349.224701,0.573992,-0.035401,-0.818096,0.035183,0.999209,-0.018553,0.818105,-0.018134,0.574783),
	CFrame.new(-407.091309,4.468511,-349.224701,0.573992,-0.035401,-0.818096,0.035183,0.999209,-0.018553,0.818105,-0.018134,0.574783),
	CFrame.new(-407.091309,4.468511,-349.224701,0.573992,-0.035401,-0.818096,0.035183,0.999209,-0.018553,0.818105,-0.018134,0.574783),
	CFrame.new(-407.123718,4.445728,-349.228516,0.613648,-0.036034,-0.788757,0.037262,0.999167,-0.016657,0.788700,-0.019170,0.614479),
	CFrame.new(-407.123718,4.445728,-349.228516,0.613648,-0.036034,-0.788757,0.037262,0.999167,-0.016657,0.788700,-0.019170,0.614479),
	CFrame.new(-407.123718,4.445728,-349.228638,0.613648,-0.036034,-0.788757,0.037262,0.999167,-0.016657,0.788700,-0.019170,0.614479),
	CFrame.new(-407.123718,4.445728,-349.228638,0.613648,-0.036034,-0.788757,0.037262,0.999167,-0.016657,0.788700,-0.019170,0.614479),
	CFrame.new(-407.170105,4.448890,-349.222198,0.628679,-0.028426,-0.777145,0.016248,0.999594,-0.023418,0.777495,0.002096,0.628886),
	CFrame.new(-407.170105,4.448890,-349.222198,0.628679,-0.028426,-0.777145,0.016248,0.999594,-0.023418,0.777495,0.002096,0.628886),
	CFrame.new(-407.170013,4.448890,-349.222748,0.628679,-0.028426,-0.777145,0.016248,0.999594,-0.023418,0.777495,0.002096,0.628886),
	CFrame.new(-407.170013,4.448890,-349.222748,0.628679,-0.028426,-0.777145,0.016248,0.999594,-0.023418,0.777495,0.002096,0.628886),
	CFrame.new(-407.209503,4.433109,-349.235596,0.706137,-0.015025,-0.707916,0.010865,0.999887,-0.010384,0.707992,-0.000359,0.706220),
	CFrame.new(-407.209503,4.433109,-349.235596,0.706137,-0.015025,-0.707916,0.010865,0.999887,-0.010384,0.707992,-0.000359,0.706220),
	CFrame.new(-407.209381,4.433109,-349.236237,0.706137,-0.015025,-0.707916,0.010865,0.999887,-0.010384,0.707992,-0.000359,0.706220),
	CFrame.new(-407.209381,4.433109,-349.236237,0.706137,-0.015025,-0.707916,0.010865,0.999887,-0.010384,0.707992,-0.000359,0.706220),
	CFrame.new(-407.248352,4.428559,-349.239471,0.876653,-0.013759,-0.480926,0.009080,0.999886,-0.012054,0.481038,0.006200,0.876678),
	CFrame.new(-407.248352,4.428559,-349.239471,0.876653,-0.013759,-0.480926,0.009080,0.999886,-0.012054,0.481038,0.006200,0.876678),
	CFrame.new(-407.248291,4.428559,-349.239868,0.876653,-0.013759,-0.480926,0.009080,0.999886,-0.012054,0.481038,0.006200,0.876678),
	CFrame.new(-407.248291,4.428559,-349.239868,0.876653,-0.013759,-0.480926,0.009080,0.999886,-0.012054,0.481038,0.006200,0.876678),
	CFrame.new(-407.306305,4.420859,-349.282867,0.998202,0.016970,-0.057496,-0.015474,0.999533,0.026363,0.057917,-0.025426,0.997998),
	CFrame.new(-407.306305,4.420859,-349.282867,0.998202,0.016970,-0.057496,-0.015474,0.999533,0.026363,0.057917,-0.025426,0.997998),
	CFrame.new(-407.383881,4.440608,-349.300964,0.963272,0.020589,0.267739,-0.027227,0.999406,0.021105,-0.267145,-0.027619,0.963260),
	CFrame.new(-407.383881,4.440608,-349.300964,0.963272,0.020589,0.267739,-0.027227,0.999406,0.021105,-0.267145,-0.027619,0.963260),
	CFrame.new(-407.383881,4.440608,-349.300964,0.963272,0.020589,0.267739,-0.027227,0.999406,0.021105,-0.267145,-0.027619,0.963260),
	CFrame.new(-407.383881,4.440608,-349.300964,0.963272,0.020589,0.267739,-0.027227,0.999406,0.021105,-0.267145,-0.027619,0.963260),
	CFrame.new(-407.383881,4.440608,-349.300964,0.963272,0.020589,0.267739,-0.027227,0.999406,0.021105,-0.267145,-0.027619,0.963260),
	CFrame.new(-407.426666,4.466689,-349.310333,0.926181,0.023737,0.376332,-0.032482,0.999329,0.016908,-0.375678,-0.027884,0.926330),
	CFrame.new(-407.440460,4.467942,-349.301636,0.901748,0.029998,0.431220,-0.032523,0.999470,-0.001517,-0.431037,-0.012657,0.902246),
	CFrame.new(-407.440460,4.467942,-349.301636,0.901748,0.029998,0.431220,-0.032523,0.999470,-0.001517,-0.431037,-0.012657,0.902246),
	CFrame.new(-407.440460,4.467942,-349.301636,0.901748,0.029998,0.431220,-0.032523,0.999470,-0.001517,-0.431037,-0.012657,0.902246),
	CFrame.new(-407.486267,4.463300,-349.316132,0.887118,0.030897,0.460508,-0.036096,0.999345,0.002486,-0.460129,-0.018828,0.887652),
	CFrame.new(-407.486267,4.463300,-349.316132,0.887118,0.030897,0.460508,-0.036096,0.999345,0.002486,-0.460129,-0.018828,0.887652),
	CFrame.new(-407.512817,4.464752,-349.321716,0.863855,0.029777,0.502860,-0.035451,0.999370,0.001723,-0.502492,-0.019315,0.864366),
	CFrame.new(-407.512817,4.464752,-349.321716,0.863855,0.029777,0.502860,-0.035451,0.999370,0.001723,-0.502492,-0.019315,0.864366),
	CFrame.new(-407.512817,4.464752,-349.321716,0.863855,0.029777,0.502860,-0.035451,0.999370,0.001723,-0.502492,-0.019315,0.864366),
	CFrame.new(-407.544800,4.468458,-349.320068,0.854905,0.040735,0.517183,-0.038595,0.999144,-0.014898,-0.517347,-0.007224,0.855745),
	CFrame.new(-407.544800,4.468458,-349.320068,0.854905,0.040735,0.517183,-0.038595,0.999144,-0.014898,-0.517347,-0.007224,0.855745),
	CFrame.new(-407.544800,4.468458,-349.320068,0.854905,0.040735,0.517183,-0.038595,0.999144,-0.014898,-0.517347,-0.007224,0.855745),
	CFrame.new(-407.545685,4.468511,-349.316559,0.846729,0.039665,0.530543,-0.035184,0.999209,-0.018553,-0.530859,-0.002957,0.847455),
	CFrame.new(-407.545685,4.468511,-349.316559,0.846729,0.039665,0.530543,-0.035184,0.999209,-0.018553,-0.530859,-0.002957,0.847455),
	CFrame.new(-407.545685,4.468511,-349.316559,0.846729,0.039665,0.530543,-0.035184,0.999209,-0.018553,-0.530859,-0.002957,0.847455),
	CFrame.new(-407.545685,4.468511,-349.316559,0.846729,0.039665,0.530543,-0.035184,0.999209,-0.018553,-0.530859,-0.002957,0.847455),
	CFrame.new(-407.545685,4.468511,-349.316559,0.846729,0.039665,0.530543,-0.035184,0.999209,-0.018553,-0.530859,-0.002957,0.847455),
	CFrame.new(-407.514343,4.445728,-349.307495,0.871848,0.040651,0.488087,-0.037263,0.999167,-0.016656,-0.488358,-0.003665,0.872636),
	CFrame.new(-407.514343,4.445728,-349.307495,0.871848,0.040651,0.488087,-0.037263,0.999167,-0.016656,-0.488358,-0.003665,0.872636),
	CFrame.new(-407.474152,4.448890,-349.283142,0.881345,0.025379,0.471791,-0.016248,0.999594,-0.023418,-0.472193,0.012974,0.881400),
	CFrame.new(-407.474152,4.448890,-349.283142,0.881345,0.025379,0.471791,-0.016248,0.999594,-0.023418,-0.472193,0.012974,0.881400),
	CFrame.new(-407.474152,4.448890,-349.283142,0.881345,0.025379,0.471791,-0.016248,0.999594,-0.023418,-0.472193,0.012974,0.881400),
	CFrame.new(-407.474152,4.448890,-349.283142,0.881345,0.025379,0.471791,-0.016248,0.999594,-0.023418,-0.472193,0.012974,0.881400),
	CFrame.new(-407.432892,4.433109,-349.279022,0.925718,0.013984,0.377956,-0.010865,0.999887,-0.010384,-0.378059,0.005506,0.925765),
	CFrame.new(-407.432892,4.433109,-349.279022,0.925718,0.013984,0.377956,-0.010865,0.999887,-0.010384,-0.378059,0.005506,0.925765),
	CFrame.new(-407.432892,4.433109,-349.279022,0.925718,0.013984,0.377956,-0.010865,0.999887,-0.010384,-0.378059,0.005506,0.925765),
	CFrame.new(-407.395813,4.428559,-349.266357,0.994672,0.010269,0.102574,-0.009080,0.999886,-0.012054,-0.102686,0.011058,0.994652),
	CFrame.new(-407.395813,4.428559,-349.266357,0.994672,0.010269,0.102574,-0.009080,0.999886,-0.012054,-0.102686,0.011058,0.994652),
	CFrame.new(-407.395813,4.428559,-349.266357,0.994672,0.010269,0.102574,-0.009080,0.999886,-0.012054,-0.102686,0.011058,0.994652),
	CFrame.new(-407.246490,4.440608,-349.273163,0.783829,-0.008242,-0.620922,0.027227,0.999406,0.021105,0.620380,-0.033448,0.783588),
	CFrame.new(-407.246490,4.440608,-349.273163,0.783829,-0.008242,-0.620922,0.027227,0.999406,0.021105,0.620380,-0.033448,0.783588),
	CFrame.new(-407.246490,4.440608,-349.273163,0.783829,-0.008242,-0.620922,0.027227,0.999406,0.021105,0.620380,-0.033448,0.783588),
	CFrame.new(-407.246490,4.440608,-349.273163,0.783829,-0.008242,-0.620922,0.027227,0.999406,0.021105,0.620380,-0.033448,0.783588),
	CFrame.new(-407.246490,4.440608,-349.273163,0.783829,-0.008242,-0.620922,0.027227,0.999406,0.021105,0.620380,-0.033448,0.783588),
	CFrame.new(-407.203400,4.466689,-349.265198,0.707488,-0.011040,-0.706639,0.032482,0.999329,0.016908,0.705979,-0.034915,0.707372),
	CFrame.new(-407.203400,4.466689,-349.265198,0.707488,-0.011040,-0.706639,0.032482,0.999329,0.016908,0.705979,-0.034915,0.707372),
	CFrame.new(-407.194061,4.467942,-349.251831,0.663468,-0.022725,-0.747859,0.032523,0.999470,-0.001517,0.747497,-0.023316,0.663856),
	CFrame.new(-407.194061,4.467942,-349.251831,0.663468,-0.022725,-0.747859,0.032523,0.999470,-0.001517,0.747497,-0.023316,0.663856),
	CFrame.new(-407.194061,4.467942,-349.251831,0.663468,-0.022725,-0.747859,0.032523,0.999470,-0.001517,0.747497,-0.023316,0.663856),
	CFrame.new(-407.194061,4.467942,-349.251831,0.663468,-0.022725,-0.747859,0.032523,0.999470,-0.001517,0.747497,-0.023316,0.663856),
	CFrame.new(-407.146240,4.463300,-349.247375,0.638685,-0.021155,-0.769177,0.036096,0.999345,0.002486,0.768621,-0.029352,0.639030),
	CFrame.new(-407.146240,4.463300,-349.247375,0.638685,-0.021155,-0.769177,0.036096,0.999345,0.002486,0.768621,-0.029352,0.639030),
	CFrame.new(-407.146240,4.463300,-349.247375,0.638685,-0.021155,-0.769177,0.036096,0.999345,0.002486,0.768621,-0.029352,0.639030),
	CFrame.new(-407.146240,4.463300,-349.247375,0.638685,-0.021155,-0.769177,0.036096,0.999345,0.002486,0.768621,-0.029352,0.639030),
	CFrame.new(-407.119598,4.464752,-349.242218,0.600792,-0.019934,-0.799157,0.035451,0.999370,0.001723,0.798619,-0.029366,0.601120),
	CFrame.new(-407.119598,4.464752,-349.242218,0.600792,-0.019934,-0.799157,0.035451,0.999370,0.001723,0.798619,-0.029366,0.601120),
	CFrame.new(-407.119598,4.464752,-349.242218,0.600792,-0.019934,-0.799157,0.035451,0.999370,0.001723,0.798619,-0.029366,0.601120),
	CFrame.new(-407.119598,4.464752,-349.242218,0.600792,-0.019934,-0.799157,0.035451,0.999370,0.001723,0.798619,-0.029366,0.601120),
	CFrame.new(-407.090759,4.468458,-349.228271,0.586774,-0.034729,-0.809006,0.038595,0.999144,-0.014898,0.808831,-0.022482,0.587612),
	CFrame.new(-407.090759,4.468458,-349.228271,0.586774,-0.034729,-0.809006,0.038595,0.999144,-0.014898,0.808831,-0.022482,0.587612),
	CFrame.new(-407.090759,4.468458,-349.228271,0.586774,-0.034729,-0.809006,0.038595,0.999144,-0.014898,0.808831,-0.022482,0.587612),
	CFrame.new(-407.091309,4.468511,-349.224701,0.573992,-0.035401,-0.818096,0.035183,0.999209,-0.018553,0.818105,-0.018134,0.574783),
	CFrame.new(-407.091309,4.468511,-349.224701,0.573992,-0.035401,-0.818096,0.035183,0.999209,-0.018553,0.818105,-0.018134,0.574783),
	CFrame.new(-407.091309,4.468511,-349.224701,0.573992,-0.035401,-0.818096,0.035183,0.999209,-0.018553,0.818105,-0.018134,0.574783),
	CFrame.new(-407.091309,4.468511,-349.224701,0.573992,-0.035401,-0.818096,0.035183,0.999209,-0.018553,0.818105,-0.018134,0.574783),
	CFrame.new(-407.091309,4.468511,-349.224701,0.573992,-0.035401,-0.818096,0.035183,0.999209,-0.018553,0.818105,-0.018134,0.574783),
	CFrame.new(-407.091309,4.468511,-349.224701,0.573992,-0.035401,-0.818096,0.035183,0.999209,-0.018553,0.818105,-0.018134,0.574783),
	CFrame.new(-407.123718,4.445728,-349.228516,0.613648,-0.036034,-0.788757,0.037262,0.999167,-0.016657,0.788700,-0.019170,0.614479),
	CFrame.new(-407.123718,4.445728,-349.228638,0.613648,-0.036034,-0.788757,0.037262,0.999167,-0.016657,0.788700,-0.019170,0.614479),
	CFrame.new(-407.123718,4.445728,-349.228638,0.613648,-0.036034,-0.788757,0.037262,0.999167,-0.016657,0.788700,-0.019170,0.614479),
	CFrame.new(-407.170105,4.448890,-349.222198,0.628679,-0.028426,-0.777145,0.016248,0.999594,-0.023418,0.777495,0.002096,0.628886),
	CFrame.new(-407.170105,4.448890,-349.222198,0.628679,-0.028426,-0.777145,0.016248,0.999594,-0.023418,0.777495,0.002096,0.628886),
	CFrame.new(-407.170013,4.448890,-349.222748,0.628679,-0.028426,-0.777145,0.016248,0.999594,-0.023418,0.777495,0.002096,0.628886),
	CFrame.new(-407.170013,4.448890,-349.222748,0.628679,-0.028426,-0.777145,0.016248,0.999594,-0.023418,0.777495,0.002096,0.628886),
	CFrame.new(-407.209503,4.433109,-349.235596,0.706137,-0.015025,-0.707916,0.010865,0.999887,-0.010384,0.707992,-0.000359,0.706220),
	CFrame.new(-407.209503,4.433109,-349.235596,0.706137,-0.015025,-0.707916,0.010865,0.999887,-0.010384,0.707992,-0.000359,0.706220),
	CFrame.new(-407.209381,4.433109,-349.236237,0.706137,-0.015025,-0.707916,0.010865,0.999887,-0.010384,0.707992,-0.000359,0.706220),
	CFrame.new(-407.209381,4.433109,-349.236237,0.706137,-0.015025,-0.707916,0.010865,0.999887,-0.010384,0.707992,-0.000359,0.706220),
	CFrame.new(-407.248352,4.428559,-349.239471,0.876653,-0.013759,-0.480926,0.009080,0.999886,-0.012054,0.481038,0.006200,0.876678),
	CFrame.new(-407.248352,4.428559,-349.239471,0.876653,-0.013759,-0.480926,0.009080,0.999886,-0.012054,0.481038,0.006200,0.876678),
	CFrame.new(-407.248291,4.428559,-349.239868,0.876653,-0.013759,-0.480926,0.009080,0.999886,-0.012054,0.481038,0.006200,0.876678),
	CFrame.new(-407.248291,4.428559,-349.239868,0.876653,-0.013759,-0.480926,0.009080,0.999886,-0.012054,0.481038,0.006200,0.876678),
	CFrame.new(-407.306305,4.420859,-349.282867,0.998202,0.016970,-0.057496,-0.015474,0.999533,0.026363,0.057917,-0.025426,0.997998),
	CFrame.new(-407.306305,4.420859,-349.282867,0.998202,0.016970,-0.057496,-0.015474,0.999533,0.026363,0.057917,-0.025426,0.997998),
	CFrame.new(-407.383881,4.440608,-349.300964,0.963272,0.020589,0.267739,-0.027227,0.999406,0.021105,-0.267145,-0.027619,0.963260),
	CFrame.new(-407.383881,4.440608,-349.300964,0.963272,0.020589,0.267739,-0.027227,0.999406,0.021105,-0.267145,-0.027619,0.963260),
	CFrame.new(-407.383881,4.440608,-349.300964,0.963272,0.020589,0.267739,-0.027227,0.999406,0.021105,-0.267145,-0.027619,0.963260),
	CFrame.new(-407.383881,4.440608,-349.300964,0.963272,0.020589,0.267739,-0.027227,0.999406,0.021105,-0.267145,-0.027619,0.963260),
	CFrame.new(-407.383881,4.440608,-349.300964,0.963272,0.020589,0.267739,-0.027227,0.999406,0.021105,-0.267145,-0.027619,0.963260),
	CFrame.new(-407.426666,4.466689,-349.310333,0.926181,0.023737,0.376332,-0.032482,0.999329,0.016908,-0.375678,-0.027884,0.926330),
	CFrame.new(-407.426666,4.466689,-349.310333,0.926181,0.023737,0.376332,-0.032482,0.999329,0.016908,-0.375678,-0.027884,0.926330),
	CFrame.new(-407.440460,4.467942,-349.301636,0.901748,0.029998,0.431220,-0.032523,0.999470,-0.001517,-0.431037,-0.012657,0.902246),
	CFrame.new(-407.440460,4.467942,-349.301636,0.901748,0.029998,0.431220,-0.032523,0.999470,-0.001517,-0.431037,-0.012657,0.902246),
	CFrame.new(-407.440460,4.467942,-349.301636,0.901748,0.029998,0.431220,-0.032523,0.999470,-0.001517,-0.431037,-0.012657,0.902246),
	CFrame.new(-407.440460,4.467942,-349.301636,0.901748,0.029998,0.431220,-0.032523,0.999470,-0.001517,-0.431037,-0.012657,0.902246),
	CFrame.new(-407.486267,4.463300,-349.316132,0.887118,0.030897,0.460508,-0.036096,0.999345,0.002486,-0.460129,-0.018828,0.887652),
	CFrame.new(-407.486267,4.463300,-349.316132,0.887118,0.030897,0.460508,-0.036096,0.999345,0.002486,-0.460129,-0.018828,0.887652),
	CFrame.new(-407.486267,4.463300,-349.316132,0.887118,0.030897,0.460508,-0.036096,0.999345,0.002486,-0.460129,-0.018828,0.887652),
	CFrame.new(-407.486267,4.463300,-349.316132,0.887118,0.030897,0.460508,-0.036096,0.999345,0.002486,-0.460129,-0.018828,0.887652),
	CFrame.new(-407.512817,4.464752,-349.321716,0.863855,0.029777,0.502860,-0.035451,0.999370,0.001723,-0.502492,-0.019315,0.864366),
	CFrame.new(-407.512817,4.464752,-349.321716,0.863855,0.029777,0.502860,-0.035451,0.999370,0.001723,-0.502492,-0.019315,0.864366),
	CFrame.new(-407.512817,4.464752,-349.321716,0.863855,0.029777,0.502860,-0.035451,0.999370,0.001723,-0.502492,-0.019315,0.864366),
	CFrame.new(-407.512817,4.464752,-349.321716,0.863855,0.029777,0.502860,-0.035451,0.999370,0.001723,-0.502492,-0.019315,0.864366),
	CFrame.new(-407.544800,4.468458,-349.320068,0.854905,0.040735,0.517183,-0.038595,0.999144,-0.014898,-0.517347,-0.007224,0.855745),
	CFrame.new(-407.544800,4.468458,-349.320068,0.854905,0.040735,0.517183,-0.038595,0.999144,-0.014898,-0.517347,-0.007224,0.855745),
	CFrame.new(-407.544800,4.468458,-349.320068,0.854905,0.040735,0.517183,-0.038595,0.999144,-0.014898,-0.517347,-0.007224,0.855745),
	CFrame.new(-407.545685,4.468511,-349.316559,0.846729,0.039665,0.530543,-0.035184,0.999209,-0.018553,-0.530859,-0.002957,0.847455),
	CFrame.new(-407.545685,4.468511,-349.316559,0.846729,0.039665,0.530543,-0.035184,0.999209,-0.018553,-0.530859,-0.002957,0.847455),
	CFrame.new(-407.545685,4.468511,-349.316559,0.846729,0.039665,0.530543,-0.035184,0.999209,-0.018553,-0.530859,-0.002957,0.847455),
	CFrame.new(-407.545685,4.468511,-349.316559,0.846729,0.039665,0.530543,-0.035184,0.999209,-0.018553,-0.530859,-0.002957,0.847455),
	CFrame.new(-407.545685,4.468511,-349.316559,0.846729,0.039665,0.530543,-0.035184,0.999209,-0.018553,-0.530859,-0.002957,0.847455),
	CFrame.new(-407.545685,4.468511,-349.316559,0.846729,0.039665,0.530543,-0.035184,0.999209,-0.018553,-0.530859,-0.002957,0.847455),
	CFrame.new(-407.514343,4.445728,-349.307495,0.871848,0.040651,0.488087,-0.037263,0.999167,-0.016656,-0.488358,-0.003665,0.872636),
	CFrame.new(-407.514343,4.445728,-349.307495,0.871848,0.040651,0.488087,-0.037263,0.999167,-0.016656,-0.488358,-0.003665,0.872636),
	CFrame.new(-407.514343,4.445728,-349.307495,0.871848,0.040651,0.488087,-0.037263,0.999167,-0.016656,-0.488358,-0.003665,0.872636),
	CFrame.new(-407.514343,4.445728,-349.307495,0.871848,0.040651,0.488087,-0.037263,0.999167,-0.016656,-0.488358,-0.003665,0.872636),
	CFrame.new(-407.474152,4.448890,-349.283142,0.881345,0.025379,0.471791,-0.016248,0.999594,-0.023418,-0.472193,0.012974,0.881400),
	CFrame.new(-407.474152,4.448890,-349.283142,0.881345,0.025379,0.471791,-0.016248,0.999594,-0.023418,-0.472193,0.012974,0.881400),
	CFrame.new(-407.474152,4.448890,-349.283142,0.881345,0.025379,0.471791,-0.016248,0.999594,-0.023418,-0.472193,0.012974,0.881400),
	CFrame.new(-407.432892,4.433109,-349.279022,0.925718,0.013984,0.377956,-0.010865,0.999887,-0.010384,-0.378059,0.005506,0.925765),
	CFrame.new(-407.432892,4.433109,-349.279022,0.925718,0.013984,0.377956,-0.010865,0.999887,-0.010384,-0.378059,0.005506,0.925765),
	CFrame.new(-407.432892,4.433109,-349.279022,0.925718,0.013984,0.377956,-0.010865,0.999887,-0.010384,-0.378059,0.005506,0.925765),
	CFrame.new(-407.432892,4.433109,-349.279022,0.925718,0.013984,0.377956,-0.010865,0.999887,-0.010384,-0.378059,0.005506,0.925765),
	CFrame.new(-407.395813,4.428559,-349.266357,0.994672,0.010269,0.102574,-0.009080,0.999886,-0.012054,-0.102686,0.011058,0.994652),
	CFrame.new(-407.395813,4.428559,-349.266357,0.994672,0.010269,0.102574,-0.009080,0.999886,-0.012054,-0.102686,0.011058,0.994652),
	CFrame.new(-407.395813,4.428559,-349.266357,0.994672,0.010269,0.102574,-0.009080,0.999886,-0.012054,-0.102686,0.011058,0.994652),
	CFrame.new(-407.395813,4.428559,-349.266357,0.994672,0.010269,0.102574,-0.009080,0.999886,-0.012054,-0.102686,0.011058,0.994652),
	CFrame.new(-407.246490,4.440608,-349.273163,0.783829,-0.008242,-0.620922,0.027227,0.999406,0.021105,0.620380,-0.033448,0.783588),
	CFrame.new(-407.246490,4.440608,-349.273163,0.783829,-0.008242,-0.620922,0.027227,0.999406,0.021105,0.620380,-0.033448,0.783588),
	CFrame.new(-407.246490,4.440608,-349.273163,0.783829,-0.008242,-0.620922,0.027227,0.999406,0.021105,0.620380,-0.033448,0.783588),
	CFrame.new(-407.246490,4.440608,-349.273163,0.783829,-0.008242,-0.620922,0.027227,0.999406,0.021105,0.620380,-0.033448,0.783588),
	CFrame.new(-407.246490,4.440608,-349.273163,0.783829,-0.008242,-0.620922,0.027227,0.999406,0.021105,0.620380,-0.033448,0.783588),
	CFrame.new(-407.203400,4.466689,-349.265198,0.707488,-0.011040,-0.706639,0.032482,0.999329,0.016908,0.705979,-0.034915,0.707372),
	CFrame.new(-407.203400,4.466689,-349.265198,0.707488,-0.011040,-0.706639,0.032482,0.999329,0.016908,0.705979,-0.034915,0.707372),
	CFrame.new(-407.194061,4.467942,-349.251831,0.663468,-0.022725,-0.747859,0.032523,0.999470,-0.001517,0.747497,-0.023316,0.663856),
	CFrame.new(-407.194061,4.467942,-349.251831,0.663468,-0.022725,-0.747859,0.032523,0.999470,-0.001517,0.747497,-0.023316,0.663856),
	CFrame.new(-407.194061,4.467942,-349.251831,0.663468,-0.022725,-0.747859,0.032523,0.999470,-0.001517,0.747497,-0.023316,0.663856),
	CFrame.new(-407.194061,4.467942,-349.251831,0.663468,-0.022725,-0.747859,0.032523,0.999470,-0.001517,0.747497,-0.023316,0.663856),
	CFrame.new(-407.146240,4.463300,-349.247375,0.638685,-0.021155,-0.769177,0.036096,0.999345,0.002486,0.768621,-0.029352,0.639030),
	CFrame.new(-407.146240,4.463300,-349.247375,0.638685,-0.021155,-0.769177,0.036096,0.999345,0.002486,0.768621,-0.029352,0.639030),
	CFrame.new(-407.146240,4.463300,-349.247375,0.638685,-0.021155,-0.769177,0.036096,0.999345,0.002486,0.768621,-0.029352,0.639030),
	CFrame.new(-407.146240,4.463300,-349.247375,0.638685,-0.021155,-0.769177,0.036096,0.999345,0.002486,0.768621,-0.029352,0.639030),
	CFrame.new(-407.119598,4.464752,-349.242218,0.600792,-0.019934,-0.799157,0.035451,0.999370,0.001723,0.798619,-0.029366,0.601120),
	CFrame.new(-407.119598,4.464752,-349.242218,0.600792,-0.019934,-0.799157,0.035451,0.999370,0.001723,0.798619,-0.029366,0.601120),
	CFrame.new(-407.119598,4.464752,-349.242218,0.600792,-0.019934,-0.799157,0.035451,0.999370,0.001723,0.798619,-0.029366,0.601120),
	CFrame.new(-407.090759,4.468458,-349.228271,0.586774,-0.034729,-0.809006,0.038595,0.999144,-0.014898,0.808831,-0.022482,0.587612),
	CFrame.new(-407.090759,4.468458,-349.228271,0.586774,-0.034729,-0.809006,0.038595,0.999144,-0.014898,0.808831,-0.022482,0.587612),
	CFrame.new(-407.090759,4.468458,-349.228271,0.586774,-0.034729,-0.809006,0.038595,0.999144,-0.014898,0.808831,-0.022482,0.587612),
	CFrame.new(-407.090759,4.468458,-349.228271,0.586774,-0.034729,-0.809006,0.038595,0.999144,-0.014898,0.808831,-0.022482,0.587612),
	CFrame.new(-407.091309,4.468511,-349.224701,0.573992,-0.035401,-0.818096,0.035183,0.999209,-0.018553,0.818105,-0.018134,0.574783),
	CFrame.new(-407.091309,4.468511,-349.224701,0.573992,-0.035401,-0.818096,0.035183,0.999209,-0.018553,0.818105,-0.018134,0.574783),
	CFrame.new(-407.091309,4.468511,-349.224701,0.573992,-0.035401,-0.818096,0.035183,0.999209,-0.018553,0.818105,-0.018134,0.574783),
	CFrame.new(-407.091309,4.468511,-349.224701,0.573992,-0.035401,-0.818096,0.035183,0.999209,-0.018553,0.818105,-0.018134,0.574783),
	CFrame.new(-407.091309,4.468511,-349.224701,0.573992,-0.035401,-0.818096,0.035183,0.999209,-0.018553,0.818105,-0.018134,0.574783),
	CFrame.new(-407.091309,4.468511,-349.224701,0.573992,-0.035401,-0.818096,0.035183,0.999209,-0.018553,0.818105,-0.018134,0.574783),
	CFrame.new(-407.123718,4.445728,-349.228516,0.613648,-0.036034,-0.788757,0.037262,0.999167,-0.016657,0.788700,-0.019170,0.614479),
	CFrame.new(-407.123718,4.445728,-349.228516,0.613648,-0.036034,-0.788757,0.037262,0.999167,-0.016657,0.788700,-0.019170,0.614479),
	CFrame.new(-407.123718,4.445728,-349.228638,0.613648,-0.036034,-0.788757,0.037262,0.999167,-0.016657,0.788700,-0.019170,0.614479),
	CFrame.new(-407.123718,4.445728,-349.228638,0.613648,-0.036034,-0.788757,0.037262,0.999167,-0.016657,0.788700,-0.019170,0.614479),
	CFrame.new(-407.170105,4.448890,-349.222198,0.628679,-0.028426,-0.777145,0.016248,0.999594,-0.023418,0.777495,0.002096,0.628886),
	CFrame.new(-407.170105,4.448890,-349.222198,0.628679,-0.028426,-0.777145,0.016248,0.999594,-0.023418,0.777495,0.002096,0.628886),
	CFrame.new(-407.170013,4.448890,-349.222748,0.628679,-0.028426,-0.777145,0.016248,0.999594,-0.023418,0.777495,0.002096,0.628886),
	CFrame.new(-407.209503,4.433109,-349.235596,0.706137,-0.015025,-0.707916,0.010865,0.999887,-0.010384,0.707992,-0.000359,0.706220),
	CFrame.new(-407.209503,4.433109,-349.235596,0.706137,-0.015025,-0.707916,0.010865,0.999887,-0.010384,0.707992,-0.000359,0.706220),
	CFrame.new(-407.209381,4.433109,-349.236237,0.706137,-0.015025,-0.707916,0.010865,0.999887,-0.010384,0.707992,-0.000359,0.706220),
	CFrame.new(-407.209381,4.433109,-349.236237,0.706137,-0.015025,-0.707916,0.010865,0.999887,-0.010384,0.707992,-0.000359,0.706220),
	CFrame.new(-407.248352,4.428559,-349.239471,0.876653,-0.013759,-0.480926,0.009080,0.999886,-0.012054,0.481038,0.006200,0.876678),
	CFrame.new(-407.248352,4.428559,-349.239471,0.876653,-0.013759,-0.480926,0.009080,0.999886,-0.012054,0.481038,0.006200,0.876678),
	CFrame.new(-407.248291,4.428559,-349.239868,0.876653,-0.013759,-0.480926,0.009080,0.999886,-0.012054,0.481038,0.006200,0.876678),
	CFrame.new(-407.248291,4.428559,-349.239868,0.876653,-0.013759,-0.480926,0.009080,0.999886,-0.012054,0.481038,0.006200,0.876678),
	CFrame.new(-407.306305,4.420859,-349.282867,0.998202,0.016970,-0.057496,-0.015474,0.999533,0.026363,0.057917,-0.025426,0.997998),
	CFrame.new(-407.306305,4.420859,-349.282867,0.998202,0.016970,-0.057496,-0.015474,0.999533,0.026363,0.057917,-0.025426,0.997998),
	CFrame.new(-407.383881,4.440608,-349.300964,0.963272,0.020589,0.267739,-0.027227,0.999406,0.021105,-0.267145,-0.027619,0.963260),
	CFrame.new(-407.383881,4.440608,-349.300964,0.963272,0.020589,0.267739,-0.027227,0.999406,0.021105,-0.267145,-0.027619,0.963260),
	CFrame.new(-407.383881,4.440608,-349.300964,0.963272,0.020589,0.267739,-0.027227,0.999406,0.021105,-0.267145,-0.027619,0.963260),
	CFrame.new(-407.383881,4.440608,-349.300964,0.963272,0.020589,0.267739,-0.027227,0.999406,0.021105,-0.267145,-0.027619,0.963260),
	CFrame.new(-407.383881,4.440608,-349.300964,0.963272,0.020589,0.267739,-0.027227,0.999406,0.021105,-0.267145,-0.027619,0.963260),
	CFrame.new(-407.383881,4.440608,-349.300964,0.963272,0.020589,0.267739,-0.027227,0.999406,0.021105,-0.267145,-0.027619,0.963260),
	CFrame.new(-407.426666,4.466689,-349.310333,0.926181,0.023737,0.376332,-0.032482,0.999329,0.016908,-0.375678,-0.027884,0.926330),
	CFrame.new(-407.440460,4.467942,-349.301636,0.901748,0.029998,0.431220,-0.032523,0.999470,-0.001517,-0.431037,-0.012657,0.902246),
	CFrame.new(-407.440460,4.467942,-349.301636,0.901748,0.029998,0.431220,-0.032523,0.999470,-0.001517,-0.431037,-0.012657,0.902246),
	CFrame.new(-407.440460,4.467942,-349.301636,0.901748,0.029998,0.431220,-0.032523,0.999470,-0.001517,-0.431037,-0.012657,0.902246),
	CFrame.new(-407.440460,4.467942,-349.301636,0.901748,0.029998,0.431220,-0.032523,0.999470,-0.001517,-0.431037,-0.012657,0.902246),
	CFrame.new(-407.486267,4.463300,-349.316132,0.887118,0.030897,0.460508,-0.036096,0.999345,0.002486,-0.460129,-0.018828,0.887652),
	CFrame.new(-407.486267,4.463300,-349.316132,0.887118,0.030897,0.460508,-0.036096,0.999345,0.002486,-0.460129,-0.018828,0.887652),
	CFrame.new(-407.486267,4.463300,-349.316132,0.887118,0.030897,0.460508,-0.036096,0.999345,0.002486,-0.460129,-0.018828,0.887652),
	CFrame.new(-407.486267,4.463300,-349.316132,0.887118,0.030897,0.460508,-0.036096,0.999345,0.002486,-0.460129,-0.018828,0.887652),
	CFrame.new(-407.512817,4.464752,-349.321716,0.863855,0.029777,0.502860,-0.035451,0.999370,0.001723,-0.502492,-0.019315,0.864366),
	CFrame.new(-407.512817,4.464752,-349.321716,0.863855,0.029777,0.502860,-0.035451,0.999370,0.001723,-0.502492,-0.019315,0.864366),
	CFrame.new(-407.512817,4.464752,-349.321716,0.863855,0.029777,0.502860,-0.035451,0.999370,0.001723,-0.502492,-0.019315,0.864366),
	CFrame.new(-407.512817,4.464752,-349.321716,0.863855,0.029777,0.502860,-0.035451,0.999370,0.001723,-0.502492,-0.019315,0.864366),
	CFrame.new(-407.544800,4.468458,-349.320068,0.854905,0.040735,0.517183,-0.038595,0.999144,-0.014898,-0.517347,-0.007224,0.855745),
	CFrame.new(-407.544800,4.468458,-349.320068,0.854905,0.040735,0.517183,-0.038595,0.999144,-0.014898,-0.517347,-0.007224,0.855745),
	CFrame.new(-407.544800,4.468458,-349.320068,0.854905,0.040735,0.517183,-0.038595,0.999144,-0.014898,-0.517347,-0.007224,0.855745),
	CFrame.new(-407.544800,4.468458,-349.320068,0.854905,0.040735,0.517183,-0.038595,0.999144,-0.014898,-0.517347,-0.007224,0.855745),
	CFrame.new(-407.545685,4.468511,-349.316559,0.846729,0.039665,0.530543,-0.035184,0.999209,-0.018553,-0.530859,-0.002957,0.847455),
	CFrame.new(-407.545685,4.468511,-349.316559,0.846729,0.039665,0.530543,-0.035184,0.999209,-0.018553,-0.530859,-0.002957,0.847455),
	CFrame.new(-407.545685,4.468511,-349.316559,0.846729,0.039665,0.530543,-0.035184,0.999209,-0.018553,-0.530859,-0.002957,0.847455),
	CFrame.new(-407.545685,4.468511,-349.316559,0.846729,0.039665,0.530543,-0.035184,0.999209,-0.018553,-0.530859,-0.002957,0.847455),
	CFrame.new(-407.545685,4.468511,-349.316559,0.846729,0.039665,0.530543,-0.035184,0.999209,-0.018553,-0.530859,-0.002957,0.847455),
	CFrame.new(-407.514343,4.445728,-349.307495,0.871848,0.040651,0.488087,-0.037263,0.999167,-0.016656,-0.488358,-0.003665,0.872636),
	CFrame.new(-407.514343,4.445728,-349.307495,0.871848,0.040651,0.488087,-0.037263,0.999167,-0.016656,-0.488358,-0.003665,0.872636),
	CFrame.new(-407.514343,4.445728,-349.307495,0.871848,0.040651,0.488087,-0.037263,0.999167,-0.016656,-0.488358,-0.003665,0.872636),
	CFrame.new(-407.514343,4.445728,-349.307495,0.871848,0.040651,0.488087,-0.037263,0.999167,-0.016656,-0.488358,-0.003665,0.872636),
	CFrame.new(-407.474152,4.448890,-349.283142,0.881345,0.025379,0.471791,-0.016248,0.999594,-0.023418,-0.472193,0.012974,0.881400),
	CFrame.new(-407.474152,4.448890,-349.283142,0.881345,0.025379,0.471791,-0.016248,0.999594,-0.023418,-0.472193,0.012974,0.881400),
	CFrame.new(-407.474152,4.448890,-349.283142,0.881345,0.025379,0.471791,-0.016248,0.999594,-0.023418,-0.472193,0.012974,0.881400),
	CFrame.new(-407.474152,4.448890,-349.283142,0.881345,0.025379,0.471791,-0.016248,0.999594,-0.023418,-0.472193,0.012974,0.881400),
	CFrame.new(-407.432892,4.433109,-349.279022,0.925718,0.013984,0.377956,-0.010865,0.999887,-0.010384,-0.378059,0.005506,0.925765),
	CFrame.new(-407.432892,4.433109,-349.279022,0.925718,0.013984,0.377956,-0.010865,0.999887,-0.010384,-0.378059,0.005506,0.925765),
	CFrame.new(-407.432892,4.433109,-349.279022,0.925718,0.013984,0.377956,-0.010865,0.999887,-0.010384,-0.378059,0.005506,0.925765),
	CFrame.new(-407.395813,4.428559,-349.266357,0.994672,0.010269,0.102574,-0.009080,0.999886,-0.012054,-0.102686,0.011058,0.994652),
	CFrame.new(-407.395813,4.428559,-349.266357,0.994672,0.010269,0.102574,-0.009080,0.999886,-0.012054,-0.102686,0.011058,0.994652),
	CFrame.new(-407.395813,4.428559,-349.266357,0.994672,0.010269,0.102574,-0.009080,0.999886,-0.012054,-0.102686,0.011058,0.994652),
	CFrame.new(-407.395813,4.428559,-349.266357,0.994672,0.010269,0.102574,-0.009080,0.999886,-0.012054,-0.102686,0.011058,0.994652),
	CFrame.new(-407.246490,4.440608,-349.273163,0.783829,-0.008242,-0.620922,0.027227,0.999406,0.021105,0.620380,-0.033448,0.783588),
	CFrame.new(-407.246490,4.440608,-349.273163,0.783829,-0.008242,-0.620922,0.027227,0.999406,0.021105,0.620380,-0.033448,0.783588),
	CFrame.new(-407.246490,4.440608,-349.273163,0.783829,-0.008242,-0.620922,0.027227,0.999406,0.021105,0.620380,-0.033448,0.783588),
	CFrame.new(-407.246490,4.440608,-349.273163,0.783829,-0.008242,-0.620922,0.027227,0.999406,0.021105,0.620380,-0.033448,0.783588),
	CFrame.new(-407.246490,4.440608,-349.273163,0.783829,-0.008242,-0.620922,0.027227,0.999406,0.021105,0.620380,-0.033448,0.783588),
	CFrame.new(-407.246490,4.440608,-349.273163,0.783829,-0.008242,-0.620922,0.027227,0.999406,0.021105,0.620380,-0.033448,0.783588),
	CFrame.new(-407.203400,4.466689,-349.265198,0.707488,-0.011040,-0.706639,0.032482,0.999329,0.016908,0.705979,-0.034915,0.707372),
	CFrame.new(-407.203400,4.466689,-349.265198,0.707488,-0.011040,-0.706639,0.032482,0.999329,0.016908,0.705979,-0.034915,0.707372),
	CFrame.new(-407.194061,4.467942,-349.251831,0.663468,-0.022725,-0.747859,0.032523,0.999470,-0.001517,0.747497,-0.023316,0.663856),
	CFrame.new(-407.194061,4.467942,-349.251831,0.663468,-0.022725,-0.747859,0.032523,0.999470,-0.001517,0.747497,-0.023316,0.663856),
	CFrame.new(-407.194061,4.467942,-349.251831,0.663468,-0.022725,-0.747859,0.032523,0.999470,-0.001517,0.747497,-0.023316,0.663856),
	CFrame.new(-407.146240,4.463300,-349.247375,0.638685,-0.021155,-0.769177,0.036096,0.999345,0.002486,0.768621,-0.029352,0.639030),
	CFrame.new(-407.146240,4.463300,-349.247375,0.638685,-0.021155,-0.769177,0.036096,0.999345,0.002486,0.768621,-0.029352,0.639030),
	CFrame.new(-407.146240,4.463300,-349.247375,0.638685,-0.021155,-0.769177,0.036096,0.999345,0.002486,0.768621,-0.029352,0.639030),
	CFrame.new(-407.146240,4.463300,-349.247375,0.638685,-0.021155,-0.769177,0.036096,0.999345,0.002486,0.768621,-0.029352,0.639030),
	CFrame.new(-407.119598,4.464752,-349.242218,0.600792,-0.019934,-0.799157,0.035451,0.999370,0.001723,0.798619,-0.029366,0.601120),
	CFrame.new(-407.119598,4.464752,-349.242218,0.600792,-0.019934,-0.799157,0.035451,0.999370,0.001723,0.798619,-0.029366,0.601120),
	CFrame.new(-407.119598,4.464752,-349.242218,0.600792,-0.019934,-0.799157,0.035451,0.999370,0.001723,0.798619,-0.029366,0.601120),
	CFrame.new(-407.119598,4.464752,-349.242218,0.600792,-0.019934,-0.799157,0.035451,0.999370,0.001723,0.798619,-0.029366,0.601120),
	CFrame.new(-407.090759,4.468458,-349.228271,0.586774,-0.034729,-0.809006,0.038595,0.999144,-0.014898,0.808831,-0.022482,0.587612),
	CFrame.new(-407.090759,4.468458,-349.228271,0.586774,-0.034729,-0.809006,0.038595,0.999144,-0.014898,0.808831,-0.022482,0.587612),
	CFrame.new(-407.090759,4.468458,-349.228271,0.586774,-0.034729,-0.809006,0.038595,0.999144,-0.014898,0.808831,-0.022482,0.587612),
	CFrame.new(-407.090759,4.468458,-349.228271,0.586774,-0.034729,-0.809006,0.038595,0.999144,-0.014898,0.808831,-0.022482,0.587612),
	CFrame.new(-407.091309,4.468511,-349.224701,0.573992,-0.035401,-0.818096,0.035183,0.999209,-0.018553,0.818105,-0.018134,0.574783),
	CFrame.new(-407.091309,4.468511,-349.224701,0.573992,-0.035401,-0.818096,0.035183,0.999209,-0.018553,0.818105,-0.018134,0.574783),
	CFrame.new(-407.091309,4.468511,-349.224701,0.573992,-0.035401,-0.818096,0.035183,0.999209,-0.018553,0.818105,-0.018134,0.574783),
	CFrame.new(-407.091309,4.468511,-349.224701,0.573992,-0.035401,-0.818096,0.035183,0.999209,-0.018553,0.818105,-0.018134,0.574783),
	CFrame.new(-407.091309,4.468511,-349.224701,0.573992,-0.035401,-0.818096,0.035183,0.999209,-0.018553,0.818105,-0.018134,0.574783),
	CFrame.new(-407.123718,4.445728,-349.228516,0.613648,-0.036034,-0.788757,0.037262,0.999167,-0.016657,0.788700,-0.019170,0.614479),
	CFrame.new(-407.123718,4.445728,-349.228516,0.613648,-0.036034,-0.788757,0.037262,0.999167,-0.016657,0.788700,-0.019170,0.614479),
	CFrame.new(-407.123718,4.445728,-349.228638,0.613648,-0.036034,-0.788757,0.037262,0.999167,-0.016657,0.788700,-0.019170,0.614479),
	CFrame.new(-407.123718,4.445728,-349.228638,0.613648,-0.036034,-0.788757,0.037262,0.999167,-0.016657,0.788700,-0.019170,0.614479),
	CFrame.new(-407.170105,4.448890,-349.222198,0.628679,-0.028426,-0.777145,0.016248,0.999594,-0.023418,0.777495,0.002096,0.628886),
	CFrame.new(-407.170105,4.448890,-349.222198,0.628679,-0.028426,-0.777145,0.016248,0.999594,-0.023418,0.777495,0.002096,0.628886),
	CFrame.new(-407.170013,4.448890,-349.222748,0.628679,-0.028426,-0.777145,0.016248,0.999594,-0.023418,0.777495,0.002096,0.628886),
	CFrame.new(-407.170013,4.448890,-349.222748,0.628679,-0.028426,-0.777145,0.016248,0.999594,-0.023418,0.777495,0.002096,0.628886),
	CFrame.new(-407.209503,4.433109,-349.235596,0.706137,-0.015025,-0.707916,0.010865,0.999887,-0.010384,0.707992,-0.000359,0.706220),
	CFrame.new(-407.209503,4.433109,-349.235596,0.706137,-0.015025,-0.707916,0.010865,0.999887,-0.010384,0.707992,-0.000359,0.706220),
	CFrame.new(-407.209381,4.433109,-349.236237,0.706137,-0.015025,-0.707916,0.010865,0.999887,-0.010384,0.707992,-0.000359,0.706220),
	CFrame.new(-407.209381,4.433109,-349.236237,0.706137,-0.015025,-0.707916,0.010865,0.999887,-0.010384,0.707992,-0.000359,0.706220),
	CFrame.new(-407.248352,4.428559,-349.239471,0.876653,-0.013759,-0.480926,0.009080,0.999886,-0.012054,0.481038,0.006200,0.876678),
	CFrame.new(-407.248291,4.428559,-349.239868,0.876653,-0.013759,-0.480926,0.009080,0.999886,-0.012054,0.481038,0.006200,0.876678),
	CFrame.new(-407.248291,4.428559,-349.239868,0.876653,-0.013759,-0.480926,0.009080,0.999886,-0.012054,0.481038,0.006200,0.876678),
	CFrame.new(-407.306305,4.420859,-349.282867,0.998202,0.016970,-0.057496,-0.015474,0.999533,0.026363,0.057917,-0.025426,0.997998),
	CFrame.new(-407.306305,4.420859,-349.282867,0.998202,0.016970,-0.057496,-0.015474,0.999533,0.026363,0.057917,-0.025426,0.997998),
	CFrame.new(-407.383881,4.440608,-349.300964,0.963272,0.020589,0.267739,-0.027227,0.999406,0.021105,-0.267145,-0.027619,0.963260),
	CFrame.new(-407.383881,4.440608,-349.300964,0.963272,0.020589,0.267739,-0.027227,0.999406,0.021105,-0.267145,-0.027619,0.963260),
	CFrame.new(-407.383881,4.440608,-349.300964,0.963272,0.020589,0.267739,-0.027227,0.999406,0.021105,-0.267145,-0.027619,0.963260),
	CFrame.new(-407.383881,4.440608,-349.300964,0.963272,0.020589,0.267739,-0.027227,0.999406,0.021105,-0.267145,-0.027619,0.963260),
	CFrame.new(-407.383881,4.440608,-349.300964,0.963272,0.020589,0.267739,-0.027227,0.999406,0.021105,-0.267145,-0.027619,0.963260),
	CFrame.new(-407.426666,4.466689,-349.310333,0.926181,0.023737,0.376332,-0.032482,0.999329,0.016908,-0.375678,-0.027884,0.926330),
	CFrame.new(-407.426666,4.466689,-349.310333,0.926181,0.023737,0.376332,-0.032482,0.999329,0.016908,-0.375678,-0.027884,0.926330),
	CFrame.new(-407.440460,4.467942,-349.301636,0.901748,0.029998,0.431220,-0.032523,0.999470,-0.001517,-0.431037,-0.012657,0.902246),
	CFrame.new(-407.440460,4.467942,-349.301636,0.901748,0.029998,0.431220,-0.032523,0.999470,-0.001517,-0.431037,-0.012657,0.902246),
	CFrame.new(-407.440460,4.467942,-349.301636,0.901748,0.029998,0.431220,-0.032523,0.999470,-0.001517,-0.431037,-0.012657,0.902246),
	CFrame.new(-407.440460,4.467942,-349.301636,0.901748,0.029998,0.431220,-0.032523,0.999470,-0.001517,-0.431037,-0.012657,0.902246),
	CFrame.new(-407.486267,4.463300,-349.316132,0.887118,0.030897,0.460508,-0.036096,0.999345,0.002486,-0.460129,-0.018828,0.887652),
	CFrame.new(-407.486267,4.463300,-349.316132,0.887118,0.030897,0.460508,-0.036096,0.999345,0.002486,-0.460129,-0.018828,0.887652),
	CFrame.new(-407.486267,4.463300,-349.316132,0.887118,0.030897,0.460508,-0.036096,0.999345,0.002486,-0.460129,-0.018828,0.887652),
	CFrame.new(-407.512817,4.464752,-349.321716,0.863855,0.029777,0.502860,-0.035451,0.999370,0.001723,-0.502492,-0.019315,0.864366),
	CFrame.new(-407.512817,4.464752,-349.321716,0.863855,0.029777,0.502860,-0.035451,0.999370,0.001723,-0.502492,-0.019315,0.864366),
	CFrame.new(-407.512817,4.464752,-349.321716,0.863855,0.029777,0.502860,-0.035451,0.999370,0.001723,-0.502492,-0.019315,0.864366),
	CFrame.new(-407.512817,4.464752,-349.321716,0.863855,0.029777,0.502860,-0.035451,0.999370,0.001723,-0.502492,-0.019315,0.864366),
	CFrame.new(-407.544800,4.468458,-349.320068,0.854905,0.040735,0.517183,-0.038595,0.999144,-0.014898,-0.517347,-0.007224,0.855745),
	CFrame.new(-407.544800,4.468458,-349.320068,0.854905,0.040735,0.517183,-0.038595,0.999144,-0.014898,-0.517347,-0.007224,0.855745),
	CFrame.new(-407.544800,4.468458,-349.320068,0.854905,0.040735,0.517183,-0.038595,0.999144,-0.014898,-0.517347,-0.007224,0.855745),
	CFrame.new(-407.544800,4.468458,-349.320068,0.854905,0.040735,0.517183,-0.038595,0.999144,-0.014898,-0.517347,-0.007224,0.855745),
	CFrame.new(-407.545685,4.468511,-349.316559,0.846729,0.039665,0.530543,-0.035184,0.999209,-0.018553,-0.530859,-0.002957,0.847455),
	CFrame.new(-407.545685,4.468511,-349.316559,0.846729,0.039665,0.530543,-0.035184,0.999209,-0.018553,-0.530859,-0.002957,0.847455),
	CFrame.new(-407.545685,4.468511,-349.316559,0.846729,0.039665,0.530543,-0.035184,0.999209,-0.018553,-0.530859,-0.002957,0.847455),
	CFrame.new(-407.545685,4.468511,-349.316559,0.846729,0.039665,0.530543,-0.035184,0.999209,-0.018553,-0.530859,-0.002957,0.847455),
	CFrame.new(-407.545685,4.468511,-349.316559,0.846729,0.039665,0.530543,-0.035184,0.999209,-0.018553,-0.530859,-0.002957,0.847455),
	CFrame.new(-407.514343,4.445728,-349.307495,0.871848,0.040651,0.488087,-0.037263,0.999167,-0.016656,-0.488358,-0.003665,0.872636),
	CFrame.new(-407.514343,4.445728,-349.307495,0.871848,0.040651,0.488087,-0.037263,0.999167,-0.016656,-0.488358,-0.003665,0.872636),
	CFrame.new(-407.514343,4.445728,-349.307495,0.871848,0.040651,0.488087,-0.037263,0.999167,-0.016656,-0.488358,-0.003665,0.872636),
	CFrame.new(-407.514343,4.445728,-349.307495,0.871848,0.040651,0.488087,-0.037263,0.999167,-0.016656,-0.488358,-0.003665,0.872636),
	CFrame.new(-407.474152,4.448890,-349.283142,0.881345,0.025379,0.471791,-0.016248,0.999594,-0.023418,-0.472193,0.012974,0.881400),
	CFrame.new(-407.474152,4.448890,-349.283142,0.881345,0.025379,0.471791,-0.016248,0.999594,-0.023418,-0.472193,0.012974,0.881400),
	CFrame.new(-407.474152,4.448890,-349.283142,0.881345,0.025379,0.471791,-0.016248,0.999594,-0.023418,-0.472193,0.012974,0.881400),
	CFrame.new(-407.432892,4.433109,-349.279022,0.925718,0.013984,0.377956,-0.010865,0.999887,-0.010384,-0.378059,0.005506,0.925765),
	CFrame.new(-407.432892,4.433109,-349.279022,0.925718,0.013984,0.377956,-0.010865,0.999887,-0.010384,-0.378059,0.005506,0.925765),
	CFrame.new(-407.432892,4.433109,-349.279022,0.925718,0.013984,0.377956,-0.010865,0.999887,-0.010384,-0.378059,0.005506,0.925765),
	CFrame.new(-407.432892,4.433109,-349.279022,0.925718,0.013984,0.377956,-0.010865,0.999887,-0.010384,-0.378059,0.005506,0.925765),
	CFrame.new(-407.395813,4.428559,-349.266357,0.994672,0.010269,0.102574,-0.009080,0.999886,-0.012054,-0.102686,0.011058,0.994652),
	CFrame.new(-407.395813,4.428559,-349.266357,0.994672,0.010269,0.102574,-0.009080,0.999886,-0.012054,-0.102686,0.011058,0.994652),
	CFrame.new(-407.395813,4.428559,-349.266357,0.994672,0.010269,0.102574,-0.009080,0.999886,-0.012054,-0.102686,0.011058,0.994652),
	CFrame.new(-407.246490,4.440608,-349.273163,0.783829,-0.008242,-0.620922,0.027227,0.999406,0.021105,0.620380,-0.033448,0.783588),
	CFrame.new(-407.246490,4.440608,-349.273163,0.783829,-0.008242,-0.620922,0.027227,0.999406,0.021105,0.620380,-0.033448,0.783588),
	CFrame.new(-407.246490,4.440608,-349.273163,0.783829,-0.008242,-0.620922,0.027227,0.999406,0.021105,0.620380,-0.033448,0.783588),
	CFrame.new(-407.246490,4.440608,-349.273163,0.783829,-0.008242,-0.620922,0.027227,0.999406,0.021105,0.620380,-0.033448,0.783588),
	CFrame.new(-407.246490,4.440608,-349.273163,0.783829,-0.008242,-0.620922,0.027227,0.999406,0.021105,0.620380,-0.033448,0.783588),
	CFrame.new(-407.246490,4.440608,-349.273163,0.783829,-0.008242,-0.620922,0.027227,0.999406,0.021105,0.620380,-0.033448,0.783588),
	CFrame.new(-407.203400,4.466689,-349.265198,0.707488,-0.011040,-0.706639,0.032482,0.999329,0.016908,0.705979,-0.034915,0.707372),
	CFrame.new(-407.194061,4.467942,-349.251831,0.663468,-0.022725,-0.747859,0.032523,0.999470,-0.001517,0.747497,-0.023316,0.663856),
	CFrame.new(-407.194061,4.467942,-349.251831,0.663468,-0.022725,-0.747859,0.032523,0.999470,-0.001517,0.747497,-0.023316,0.663856),
	CFrame.new(-407.194061,4.467942,-349.251831,0.663468,-0.022725,-0.747859,0.032523,0.999470,-0.001517,0.747497,-0.023316,0.663856),
	CFrame.new(-407.194061,4.467942,-349.251831,0.663468,-0.022725,-0.747859,0.032523,0.999470,-0.001517,0.747497,-0.023316,0.663856),
	CFrame.new(-407.146240,4.463300,-349.247375,0.638685,-0.021155,-0.769177,0.036096,0.999345,0.002486,0.768621,-0.029352,0.639030),
	CFrame.new(-407.146240,4.463300,-349.247375,0.638685,-0.021155,-0.769177,0.036096,0.999345,0.002486,0.768621,-0.029352,0.639030),
	CFrame.new(-407.146240,4.463300,-349.247375,0.638685,-0.021155,-0.769177,0.036096,0.999345,0.002486,0.768621,-0.029352,0.639030),
	CFrame.new(-407.146240,4.463300,-349.247375,0.638685,-0.021155,-0.769177,0.036096,0.999345,0.002486,0.768621,-0.029352,0.639030),
	CFrame.new(-407.119598,4.464752,-349.242218,0.600792,-0.019934,-0.799157,0.035451,0.999370,0.001723,0.798619,-0.029366,0.601120),
	CFrame.new(-407.119598,4.464752,-349.242218,0.600792,-0.019934,-0.799157,0.035451,0.999370,0.001723,0.798619,-0.029366,0.601120),
	CFrame.new(-407.119598,4.464752,-349.242218,0.600792,-0.019934,-0.799157,0.035451,0.999370,0.001723,0.798619,-0.029366,0.601120),
	CFrame.new(-407.119598,4.464752,-349.242218,0.600792,-0.019934,-0.799157,0.035451,0.999370,0.001723,0.798619,-0.029366,0.601120),
	CFrame.new(-407.090759,4.468458,-349.228271,0.586774,-0.034729,-0.809006,0.038595,0.999144,-0.014898,0.808831,-0.022482,0.587612),
	CFrame.new(-407.090759,4.468458,-349.228271,0.586774,-0.034729,-0.809006,0.038595,0.999144,-0.014898,0.808831,-0.022482,0.587612),
	CFrame.new(-407.090759,4.468458,-349.228271,0.586774,-0.034729,-0.809006,0.038595,0.999144,-0.014898,0.808831,-0.022482,0.587612),
	CFrame.new(-407.090759,4.468458,-349.228271,0.586774,-0.034729,-0.809006,0.038595,0.999144,-0.014898,0.808831,-0.022482,0.587612),
	CFrame.new(-407.091309,4.468511,-349.224701,0.573992,-0.035401,-0.818096,0.035183,0.999209,-0.018553,0.818105,-0.018134,0.574783),
	CFrame.new(-407.091309,4.468511,-349.224701,0.573992,-0.035401,-0.818096,0.035183,0.999209,-0.018553,0.818105,-0.018134,0.574783),
	CFrame.new(-407.091309,4.468511,-349.224701,0.573992,-0.035401,-0.818096,0.035183,0.999209,-0.018553,0.818105,-0.018134,0.574783),
	CFrame.new(-407.091309,4.468511,-349.224701,0.573992,-0.035401,-0.818096,0.035183,0.999209,-0.018553,0.818105,-0.018134,0.574783),
	CFrame.new(-407.091309,4.468511,-349.224701,0.573992,-0.035401,-0.818096,0.035183,0.999209,-0.018553,0.818105,-0.018134,0.574783),
	CFrame.new(-407.091309,4.468511,-349.224701,0.573992,-0.035401,-0.818096,0.035183,0.999209,-0.018553,0.818105,-0.018134,0.574783),
	CFrame.new(-407.123718,4.445728,-349.228516,0.613648,-0.036034,-0.788757,0.037262,0.999167,-0.016657,0.788700,-0.019170,0.614479),
	CFrame.new(-407.123718,4.445728,-349.228516,0.613648,-0.036034,-0.788757,0.037262,0.999167,-0.016657,0.788700,-0.019170,0.614479),
	CFrame.new(-407.123718,4.445728,-349.228638,0.613648,-0.036034,-0.788757,0.037262,0.999167,-0.016657,0.788700,-0.019170,0.614479),
	CFrame.new(-407.123718,4.445728,-349.228638,0.613648,-0.036034,-0.788757,0.037262,0.999167,-0.016657,0.788700,-0.019170,0.614479),
	CFrame.new(-407.170105,4.448890,-349.222198,0.628679,-0.028426,-0.777145,0.016248,0.999594,-0.023418,0.777495,0.002096,0.628886),
	CFrame.new(-407.170105,4.448890,-349.222198,0.628679,-0.028426,-0.777145,0.016248,0.999594,-0.023418,0.777495,0.002096,0.628886),
	CFrame.new(-407.170013,4.448890,-349.222748,0.628679,-0.028426,-0.777145,0.016248,0.999594,-0.023418,0.777495,0.002096,0.628886),
	CFrame.new(-407.170013,4.448890,-349.222748,0.628679,-0.028426,-0.777145,0.016248,0.999594,-0.023418,0.777495,0.002096,0.628886),
	CFrame.new(-407.209503,4.433109,-349.235596,0.706137,-0.015025,-0.707916,0.010865,0.999887,-0.010384,0.707992,-0.000359,0.706220),
	CFrame.new(-407.209503,4.433109,-349.235596,0.706137,-0.015025,-0.707916,0.010865,0.999887,-0.010384,0.707992,-0.000359,0.706220),
	CFrame.new(-407.209381,4.433109,-349.236237,0.706137,-0.015025,-0.707916,0.010865,0.999887,-0.010384,0.707992,-0.000359,0.706220),
	CFrame.new(-407.209381,4.433109,-349.236237,0.706137,-0.015025,-0.707916,0.010865,0.999887,-0.010384,0.707992,-0.000359,0.706220),
	CFrame.new(-407.248352,4.428559,-349.239471,0.876653,-0.013759,-0.480926,0.009080,0.999886,-0.012054,0.481038,0.006200,0.876678),
	CFrame.new(-407.248352,4.428559,-349.239471,0.876653,-0.013759,-0.480926,0.009080,0.999886,-0.012054,0.481038,0.006200,0.876678),
	CFrame.new(-407.248291,4.428559,-349.239868,0.876653,-0.013759,-0.480926,0.009080,0.999886,-0.012054,0.481038,0.006200,0.876678),
	CFrame.new(-407.248291,4.428559,-349.239868,0.876653,-0.013759,-0.480926,0.009080,0.999886,-0.012054,0.481038,0.006200,0.876678),
	CFrame.new(-407.306305,4.420859,-349.282867,0.998202,0.016970,-0.057496,-0.015474,0.999533,0.026363,0.057917,-0.025426,0.997998),
	CFrame.new(-407.306305,4.420859,-349.282867,0.998202,0.016970,-0.057496,-0.015474,0.999533,0.026363,0.057917,-0.025426,0.997998),
	CFrame.new(-407.383881,4.440608,-349.300964,0.963272,0.020589,0.267739,-0.027227,0.999406,0.021105,-0.267145,-0.027619,0.963260),
	CFrame.new(-407.383881,4.440608,-349.300964,0.963272,0.020589,0.267739,-0.027227,0.999406,0.021105,-0.267145,-0.027619,0.963260),
	CFrame.new(-407.383881,4.440608,-349.300964,0.963272,0.020589,0.267739,-0.027227,0.999406,0.021105,-0.267145,-0.027619,0.963260),
	CFrame.new(-407.383881,4.440608,-349.300964,0.963272,0.020589,0.267739,-0.027227,0.999406,0.021105,-0.267145,-0.027619,0.963260),
	CFrame.new(-407.383881,4.440608,-349.300964,0.963272,0.020589,0.267739,-0.027227,0.999406,0.021105,-0.267145,-0.027619,0.963260),
	CFrame.new(-407.383881,4.440608,-349.300964,0.963272,0.020589,0.267739,-0.027227,0.999406,0.021105,-0.267145,-0.027619,0.963260),
	CFrame.new(-407.426666,4.466689,-349.310333,0.926181,0.023737,0.376332,-0.032482,0.999329,0.016908,-0.375678,-0.027884,0.926330),
	CFrame.new(-407.426666,4.466689,-349.310333,0.926181,0.023737,0.376332,-0.032482,0.999329,0.016908,-0.375678,-0.027884,0.926330),
	CFrame.new(-407.440460,4.467942,-349.301636,0.901748,0.029998,0.431220,-0.032523,0.999470,-0.001517,-0.431037,-0.012657,0.902246),
	CFrame.new(-407.440460,4.467942,-349.301636,0.901748,0.029998,0.431220,-0.032523,0.999470,-0.001517,-0.431037,-0.012657,0.902246),
	CFrame.new(-407.440460,4.467942,-349.301636,0.901748,0.029998,0.431220,-0.032523,0.999470,-0.001517,-0.431037,-0.012657,0.902246),
	CFrame.new(-407.440460,4.467942,-349.301636,0.901748,0.029998,0.431220,-0.032523,0.999470,-0.001517,-0.431037,-0.012657,0.902246),
	CFrame.new(-407.486267,4.463300,-349.316132,0.887118,0.030897,0.460508,-0.036096,0.999345,0.002486,-0.460129,-0.018828,0.887652),
	CFrame.new(-407.486267,4.463300,-349.316132,0.887118,0.030897,0.460508,-0.036096,0.999345,0.002486,-0.460129,-0.018828,0.887652),
	CFrame.new(-407.486267,4.463300,-349.316132,0.887118,0.030897,0.460508,-0.036096,0.999345,0.002486,-0.460129,-0.018828,0.887652),
	CFrame.new(-407.486267,4.463300,-349.316132,0.887118,0.030897,0.460508,-0.036096,0.999345,0.002486,-0.460129,-0.018828,0.887652),
	CFrame.new(-407.512817,4.464752,-349.321716,0.863855,0.029777,0.502860,-0.035451,0.999370,0.001723,-0.502492,-0.019315,0.864366),
	CFrame.new(-407.512817,4.464752,-349.321716,0.863855,0.029777,0.502860,-0.035451,0.999370,0.001723,-0.502492,-0.019315,0.864366),
	CFrame.new(-407.512817,4.464752,-349.321716,0.863855,0.029777,0.502860,-0.035451,0.999370,0.001723,-0.502492,-0.019315,0.864366),
	CFrame.new(-407.512817,4.464752,-349.321716,0.863855,0.029777,0.502860,-0.035451,0.999370,0.001723,-0.502492,-0.019315,0.864366),
	CFrame.new(-407.544800,4.468458,-349.320068,0.854905,0.040735,0.517183,-0.038595,0.999144,-0.014898,-0.517347,-0.007224,0.855745),
	CFrame.new(-407.544800,4.468458,-349.320068,0.854905,0.040735,0.517183,-0.038595,0.999144,-0.014898,-0.517347,-0.007224,0.855745),
	CFrame.new(-407.544800,4.468458,-349.320068,0.854905,0.040735,0.517183,-0.038595,0.999144,-0.014898,-0.517347,-0.007224,0.855745),
	CFrame.new(-407.544800,4.468458,-349.320068,0.854905,0.040735,0.517183,-0.038595,0.999144,-0.014898,-0.517347,-0.007224,0.855745),
	CFrame.new(-407.545685,4.468511,-349.316559,0.846729,0.039665,0.530543,-0.035184,0.999209,-0.018553,-0.530859,-0.002957,0.847455),
	CFrame.new(-407.545685,4.468511,-349.316559,0.846729,0.039665,0.530543,-0.035184,0.999209,-0.018553,-0.530859,-0.002957,0.847455),
	CFrame.new(-407.545685,4.468511,-349.316559,0.846729,0.039665,0.530543,-0.035184,0.999209,-0.018553,-0.530859,-0.002957,0.847455),
	CFrame.new(-407.545685,4.468511,-349.316559,0.846729,0.039665,0.530543,-0.035184,0.999209,-0.018553,-0.530859,-0.002957,0.847455),
	CFrame.new(-407.545685,4.468511,-349.316559,0.846729,0.039665,0.530543,-0.035184,0.999209,-0.018553,-0.530859,-0.002957,0.847455),
	CFrame.new(-407.545685,4.468511,-349.316559,0.846729,0.039665,0.530543,-0.035184,0.999209,-0.018553,-0.530859,-0.002957,0.847455),
	CFrame.new(-407.514343,4.445728,-349.307495,0.871848,0.040651,0.488087,-0.037263,0.999167,-0.016656,-0.488358,-0.003665,0.872636),
	CFrame.new(-407.514343,4.445728,-349.307495,0.871848,0.040651,0.488087,-0.037263,0.999167,-0.016656,-0.488358,-0.003665,0.872636),
	CFrame.new(-407.514343,4.445728,-349.307495,0.871848,0.040651,0.488087,-0.037263,0.999167,-0.016656,-0.488358,-0.003665,0.872636),
	CFrame.new(-407.514343,4.445728,-349.307495,0.871848,0.040651,0.488087,-0.037263,0.999167,-0.016656,-0.488358,-0.003665,0.872636),
	CFrame.new(-407.474152,4.448890,-349.283142,0.881345,0.025379,0.471791,-0.016248,0.999594,-0.023418,-0.472193,0.012974,0.881400),
	CFrame.new(-407.474152,4.448890,-349.283142,0.881345,0.025379,0.471791,-0.016248,0.999594,-0.023418,-0.472193,0.012974,0.881400),
	CFrame.new(-407.474152,4.448890,-349.283142,0.881345,0.025379,0.471791,-0.016248,0.999594,-0.023418,-0.472193,0.012974,0.881400),
	CFrame.new(-407.474152,4.448890,-349.283142,0.881345,0.025379,0.471791,-0.016248,0.999594,-0.023418,-0.472193,0.012974,0.881400),
	CFrame.new(-407.432892,4.433109,-349.279022,0.925718,0.013984,0.377956,-0.010865,0.999887,-0.010384,-0.378059,0.005506,0.925765),
	CFrame.new(-407.432892,4.433109,-349.279022,0.925718,0.013984,0.377956,-0.010865,0.999887,-0.010384,-0.378059,0.005506,0.925765),
	CFrame.new(-407.432892,4.433109,-349.279022,0.925718,0.013984,0.377956,-0.010865,0.999887,-0.010384,-0.378059,0.005506,0.925765),
	CFrame.new(-407.432892,4.433109,-349.279022,0.925718,0.013984,0.377956,-0.010865,0.999887,-0.010384,-0.378059,0.005506,0.925765),
	CFrame.new(-407.395813,4.428559,-349.266357,0.994672,0.010269,0.102574,-0.009080,0.999886,-0.012054,-0.102686,0.011058,0.994652),
	CFrame.new(-407.395813,4.428559,-349.266357,0.994672,0.010269,0.102574,-0.009080,0.999886,-0.012054,-0.102686,0.011058,0.994652),
	CFrame.new(-407.395813,4.428559,-349.266357,0.994672,0.010269,0.102574,-0.009080,0.999886,-0.012054,-0.102686,0.011058,0.994652),
	CFrame.new(-407.395813,4.428559,-349.266357,0.994672,0.010269,0.102574,-0.009080,0.999886,-0.012054,-0.102686,0.011058,0.994652),
	CFrame.new(-407.246490,4.440608,-349.273163,0.783829,-0.008242,-0.620922,0.027227,0.999406,0.021105,0.620380,-0.033448,0.783588),
	CFrame.new(-407.246490,4.440608,-349.273163,0.783829,-0.008242,-0.620922,0.027227,0.999406,0.021105,0.620380,-0.033448,0.783588),
	CFrame.new(-407.246490,4.440608,-349.273163,0.783829,-0.008242,-0.620922,0.027227,0.999406,0.021105,0.620380,-0.033448,0.783588),
	CFrame.new(-407.246490,4.440608,-349.273163,0.783829,-0.008242,-0.620922,0.027227,0.999406,0.021105,0.620380,-0.033448,0.783588),
	CFrame.new(-407.246490,4.440608,-349.273163,0.783829,-0.008242,-0.620922,0.027227,0.999406,0.021105,0.620380,-0.033448,0.783588),
	CFrame.new(-407.246490,4.440608,-349.273163,0.783829,-0.008242,-0.620922,0.027227,0.999406,0.021105,0.620380,-0.033448,0.783588),
	CFrame.new(-407.203400,4.466689,-349.265198,0.707488,-0.011040,-0.706639,0.032482,0.999329,0.016908,0.705979,-0.034915,0.707372),
	CFrame.new(-407.203400,4.466689,-349.265198,0.707488,-0.011040,-0.706639,0.032482,0.999329,0.016908,0.705979,-0.034915,0.707372),
	CFrame.new(-407.194061,4.467942,-349.251831,0.663468,-0.022725,-0.747859,0.032523,0.999470,-0.001517,0.747497,-0.023316,0.663856),
	CFrame.new(-407.194061,4.467942,-349.251831,0.663468,-0.022725,-0.747859,0.032523,0.999470,-0.001517,0.747497,-0.023316,0.663856),
	CFrame.new(-407.194061,4.467942,-349.251831,0.663468,-0.022725,-0.747859,0.032523,0.999470,-0.001517,0.747497,-0.023316,0.663856),
	CFrame.new(-407.194061,4.467942,-349.251831,0.663468,-0.022725,-0.747859,0.032523,0.999470,-0.001517,0.747497,-0.023316,0.663856),
	CFrame.new(-407.146240,4.463300,-349.247375,0.638685,-0.021155,-0.769177,0.036096,0.999345,0.002486,0.768621,-0.029352,0.639030),
	CFrame.new(-407.146240,4.463300,-349.247375,0.638685,-0.021155,-0.769177,0.036096,0.999345,0.002486,0.768621,-0.029352,0.639030),
	CFrame.new(-407.119598,4.464752,-349.242218,0.600792,-0.019934,-0.799157,0.035451,0.999370,0.001723,0.798619,-0.029366,0.601120),
	CFrame.new(-407.119598,4.464752,-349.242218,0.600792,-0.019934,-0.799157,0.035451,0.999370,0.001723,0.798619,-0.029366,0.601120),
	CFrame.new(-407.119598,4.464752,-349.242218,0.600792,-0.019934,-0.799157,0.035451,0.999370,0.001723,0.798619,-0.029366,0.601120),
	CFrame.new(-407.119598,4.464752,-349.242218,0.600792,-0.019934,-0.799157,0.035451,0.999370,0.001723,0.798619,-0.029366,0.601120),
	CFrame.new(-407.090759,4.468458,-349.228271,0.586774,-0.034729,-0.809006,0.038595,0.999144,-0.014898,0.808831,-0.022482,0.587612),
	CFrame.new(-407.090759,4.468458,-349.228271,0.586774,-0.034729,-0.809006,0.038595,0.999144,-0.014898,0.808831,-0.022482,0.587612),
	CFrame.new(-407.090759,4.468458,-349.228271,0.586774,-0.034729,-0.809006,0.038595,0.999144,-0.014898,0.808831,-0.022482,0.587612),
	CFrame.new(-407.090759,4.468458,-349.228271,0.586774,-0.034729,-0.809006,0.038595,0.999144,-0.014898,0.808831,-0.022482,0.587612),
	CFrame.new(-407.090759,4.468458,-349.228271,0.586774,-0.034729,-0.809006,0.038595,0.999144,-0.014898,0.808831,-0.022482,0.587612),
	CFrame.new(-407.091309,4.468511,-349.224701,0.573992,-0.035401,-0.818096,0.035183,0.999209,-0.018553,0.818105,-0.018134,0.574783),
	CFrame.new(-407.091309,4.468511,-349.224701,0.573992,-0.035401,-0.818096,0.035183,0.999209,-0.018553,0.818105,-0.018134,0.574783),
	CFrame.new(-407.091309,4.468511,-349.224701,0.573992,-0.035401,-0.818096,0.035183,0.999209,-0.018553,0.818105,-0.018134,0.574783),
	CFrame.new(-407.091309,4.468511,-349.224701,0.573992,-0.035401,-0.818096,0.035183,0.999209,-0.018553,0.818105,-0.018134,0.574783),
	CFrame.new(-407.091309,4.468511,-349.224701,0.573992,-0.035401,-0.818096,0.035183,0.999209,-0.018553,0.818105,-0.018134,0.574783),
	CFrame.new(-407.091309,4.468511,-349.224701,0.573992,-0.035401,-0.818096,0.035183,0.999209,-0.018553,0.818105,-0.018134,0.574783),
	CFrame.new(-407.123718,4.445728,-349.228516,0.613648,-0.036034,-0.788757,0.037262,0.999167,-0.016657,0.788700,-0.019170,0.614479),
	CFrame.new(-407.123718,4.445728,-349.228516,0.613648,-0.036034,-0.788757,0.037262,0.999167,-0.016657,0.788700,-0.019170,0.614479),
	CFrame.new(-407.123718,4.445728,-349.228638,0.613648,-0.036034,-0.788757,0.037262,0.999167,-0.016657,0.788700,-0.019170,0.614479),
	CFrame.new(-407.123718,4.445728,-349.228638,0.613648,-0.036034,-0.788757,0.037262,0.999167,-0.016657,0.788700,-0.019170,0.614479),
	CFrame.new(-407.170105,4.448890,-349.222198,0.628679,-0.028426,-0.777145,0.016248,0.999594,-0.023418,0.777495,0.002096,0.628886),
	CFrame.new(-407.170105,4.448890,-349.222198,0.628679,-0.028426,-0.777145,0.016248,0.999594,-0.023418,0.777495,0.002096,0.628886),
	CFrame.new(-407.170013,4.448890,-349.222748,0.628679,-0.028426,-0.777145,0.016248,0.999594,-0.023418,0.777495,0.002096,0.628886),
	CFrame.new(-407.170013,4.448890,-349.222748,0.628679,-0.028426,-0.777145,0.016248,0.999594,-0.023418,0.777495,0.002096,0.628886),
	CFrame.new(-407.209503,4.433109,-349.235596,0.706137,-0.015025,-0.707916,0.010865,0.999887,-0.010384,0.707992,-0.000359,0.706220),
	CFrame.new(-407.209503,4.433109,-349.235596,0.706137,-0.015025,-0.707916,0.010865,0.999887,-0.010384,0.707992,-0.000359,0.706220),
	CFrame.new(-407.209381,4.433109,-349.236237,0.706137,-0.015025,-0.707916,0.010865,0.999887,-0.010384,0.707992,-0.000359,0.706220),
	CFrame.new(-407.209381,4.433109,-349.236237,0.706137,-0.015025,-0.707916,0.010865,0.999887,-0.010384,0.707992,-0.000359,0.706220),
	CFrame.new(-407.248352,4.428559,-349.239471,0.876653,-0.013759,-0.480926,0.009080,0.999886,-0.012054,0.481038,0.006200,0.876678),
	CFrame.new(-407.248352,4.428559,-349.239471,0.876653,-0.013759,-0.480926,0.009080,0.999886,-0.012054,0.481038,0.006200,0.876678),
	CFrame.new(-407.248291,4.428559,-349.239868,0.876653,-0.013759,-0.480926,0.009080,0.999886,-0.012054,0.481038,0.006200,0.876678),
	CFrame.new(-407.248291,4.428559,-349.239868,0.876653,-0.013759,-0.480926,0.009080,0.999886,-0.012054,0.481038,0.006200,0.876678),
	CFrame.new(-407.306305,4.420859,-349.282867,0.998202,0.016970,-0.057496,-0.015474,0.999533,0.026363,0.057917,-0.025426,0.997998),
	CFrame.new(-407.306305,4.420859,-349.282867,0.998202,0.016970,-0.057496,-0.015474,0.999533,0.026363,0.057917,-0.025426,0.997998),
	CFrame.new(-407.383881,4.440608,-349.300964,0.963272,0.020589,0.267739,-0.027227,0.999406,0.021105,-0.267145,-0.027619,0.963260),
	CFrame.new(-407.383881,4.440608,-349.300964,0.963272,0.020589,0.267739,-0.027227,0.999406,0.021105,-0.267145,-0.027619,0.963260),
	CFrame.new(-407.383881,4.440608,-349.300964,0.963272,0.020589,0.267739,-0.027227,0.999406,0.021105,-0.267145,-0.027619,0.963260),
	CFrame.new(-407.383881,4.440608,-349.300964,0.963272,0.020589,0.267739,-0.027227,0.999406,0.021105,-0.267145,-0.027619,0.963260),
	CFrame.new(-407.383881,4.440608,-349.300964,0.963272,0.020589,0.267739,-0.027227,0.999406,0.021105,-0.267145,-0.027619,0.963260),
	CFrame.new(-407.383881,4.440608,-349.300964,0.963272,0.020589,0.267739,-0.027227,0.999406,0.021105,-0.267145,-0.027619,0.963260),
	CFrame.new(-407.426666,4.466689,-349.310333,0.926181,0.023737,0.376332,-0.032482,0.999329,0.016908,-0.375678,-0.027884,0.926330),
	CFrame.new(-407.426666,4.466689,-349.310333,0.926181,0.023737,0.376332,-0.032482,0.999329,0.016908,-0.375678,-0.027884,0.926330),
	CFrame.new(-407.440460,4.467942,-349.301636,0.901748,0.029998,0.431220,-0.032523,0.999470,-0.001517,-0.431037,-0.012657,0.902246),
	CFrame.new(-407.440460,4.467942,-349.301636,0.901748,0.029998,0.431220,-0.032523,0.999470,-0.001517,-0.431037,-0.012657,0.902246),
	CFrame.new(-407.440460,4.467942,-349.301636,0.901748,0.029998,0.431220,-0.032523,0.999470,-0.001517,-0.431037,-0.012657,0.902246),
	CFrame.new(-407.440460,4.467942,-349.301636,0.901748,0.029998,0.431220,-0.032523,0.999470,-0.001517,-0.431037,-0.012657,0.902246),
	CFrame.new(-407.486267,4.463300,-349.316132,0.887118,0.030897,0.460508,-0.036096,0.999345,0.002486,-0.460129,-0.018828,0.887652),
	CFrame.new(-407.486267,4.463300,-349.316132,0.887118,0.030897,0.460508,-0.036096,0.999345,0.002486,-0.460129,-0.018828,0.887652),
	CFrame.new(-407.486267,4.463300,-349.316132,0.887118,0.030897,0.460508,-0.036096,0.999345,0.002486,-0.460129,-0.018828,0.887652),
	CFrame.new(-407.486267,4.463300,-349.316132,0.887118,0.030897,0.460508,-0.036096,0.999345,0.002486,-0.460129,-0.018828,0.887652),
	CFrame.new(-407.512817,4.464752,-349.321716,0.863855,0.029777,0.502860,-0.035451,0.999370,0.001723,-0.502492,-0.019315,0.864366),
	CFrame.new(-407.512817,4.464752,-349.321716,0.863855,0.029777,0.502860,-0.035451,0.999370,0.001723,-0.502492,-0.019315,0.864366),
	CFrame.new(-407.512817,4.464752,-349.321716,0.863855,0.029777,0.502860,-0.035451,0.999370,0.001723,-0.502492,-0.019315,0.864366),
	CFrame.new(-407.512817,4.464752,-349.321716,0.863855,0.029777,0.502860,-0.035451,0.999370,0.001723,-0.502492,-0.019315,0.864366),
	CFrame.new(-407.544800,4.468458,-349.320068,0.854905,0.040735,0.517183,-0.038595,0.999144,-0.014898,-0.517347,-0.007224,0.855745),
	CFrame.new(-407.544800,4.468458,-349.320068,0.854905,0.040735,0.517183,-0.038595,0.999144,-0.014898,-0.517347,-0.007224,0.855745),
	CFrame.new(-407.544800,4.468458,-349.320068,0.854905,0.040735,0.517183,-0.038595,0.999144,-0.014898,-0.517347,-0.007224,0.855745),
	CFrame.new(-407.544800,4.468458,-349.320068,0.854905,0.040735,0.517183,-0.038595,0.999144,-0.014898,-0.517347,-0.007224,0.855745),
	CFrame.new(-407.545685,4.468511,-349.316559,0.846729,0.039665,0.530543,-0.035184,0.999209,-0.018553,-0.530859,-0.002957,0.847455),
	CFrame.new(-407.545685,4.468511,-349.316559,0.846729,0.039665,0.530543,-0.035184,0.999209,-0.018553,-0.530859,-0.002957,0.847455),
	CFrame.new(-407.545685,4.468511,-349.316559,0.846729,0.039665,0.530543,-0.035184,0.999209,-0.018553,-0.530859,-0.002957,0.847455),
	CFrame.new(-407.545685,4.468511,-349.316559,0.846729,0.039665,0.530543,-0.035184,0.999209,-0.018553,-0.530859,-0.002957,0.847455),
	CFrame.new(-407.545685,4.468511,-349.316559,0.846729,0.039665,0.530543,-0.035184,0.999209,-0.018553,-0.530859,-0.002957,0.847455),
	CFrame.new(-407.545685,4.468511,-349.316559,0.846729,0.039665,0.530543,-0.035184,0.999209,-0.018553,-0.530859,-0.002957,0.847455),
	CFrame.new(-407.514343,4.445728,-349.307495,0.871848,0.040651,0.488087,-0.037263,0.999167,-0.016656,-0.488358,-0.003665,0.872636),
	CFrame.new(-407.514343,4.445728,-349.307495,0.871848,0.040651,0.488087,-0.037263,0.999167,-0.016656,-0.488358,-0.003665,0.872636),
	CFrame.new(-407.514343,4.445728,-349.307495,0.871848,0.040651,0.488087,-0.037263,0.999167,-0.016656,-0.488358,-0.003665,0.872636),
	CFrame.new(-407.514343,4.445728,-349.307495,0.871848,0.040651,0.488087,-0.037263,0.999167,-0.016656,-0.488358,-0.003665,0.872636),
	CFrame.new(-407.474152,4.448890,-349.283142,0.881345,0.025379,0.471791,-0.016248,0.999594,-0.023418,-0.472193,0.012974,0.881400),
	CFrame.new(-407.474152,4.448890,-349.283142,0.881345,0.025379,0.471791,-0.016248,0.999594,-0.023418,-0.472193,0.012974,0.881400),
	CFrame.new(-407.474152,4.448890,-349.283142,0.881345,0.025379,0.471791,-0.016248,0.999594,-0.023418,-0.472193,0.012974,0.881400),
	CFrame.new(-407.474152,4.448890,-349.283142,0.881345,0.025379,0.471791,-0.016248,0.999594,-0.023418,-0.472193,0.012974,0.881400),
	CFrame.new(-407.432892,4.433109,-349.279022,0.925718,0.013984,0.377956,-0.010865,0.999887,-0.010384,-0.378059,0.005506,0.925765),
	CFrame.new(-407.395813,4.428559,-349.266357,0.994672,0.010269,0.102574,-0.009080,0.999886,-0.012054,-0.102686,0.011058,0.994652),
	CFrame.new(-407.395813,4.428559,-349.266357,0.994672,0.010269,0.102574,-0.009080,0.999886,-0.012054,-0.102686,0.011058,0.994652),
	CFrame.new(-407.395813,4.428559,-349.266357,0.994672,0.010269,0.102574,-0.009080,0.999886,-0.012054,-0.102686,0.011058,0.994652),
	CFrame.new(-407.395813,4.428559,-349.266357,0.994672,0.010269,0.102574,-0.009080,0.999886,-0.012054,-0.102686,0.011058,0.994652),
	CFrame.new(-407.246490,4.440608,-349.273163,0.783829,-0.008242,-0.620922,0.027227,0.999406,0.021105,0.620380,-0.033448,0.783588),
	CFrame.new(-407.246490,4.440608,-349.273163,0.783829,-0.008242,-0.620922,0.027227,0.999406,0.021105,0.620380,-0.033448,0.783588),
	CFrame.new(-407.246490,4.440608,-349.273163,0.783829,-0.008242,-0.620922,0.027227,0.999406,0.021105,0.620380,-0.033448,0.783588),
	CFrame.new(-407.246490,4.440608,-349.273163,0.783829,-0.008242,-0.620922,0.027227,0.999406,0.021105,0.620380,-0.033448,0.783588),
	CFrame.new(-407.246490,4.440608,-349.273163,0.783829,-0.008242,-0.620922,0.027227,0.999406,0.021105,0.620380,-0.033448,0.783588),
	CFrame.new(-407.246490,4.440608,-349.273163,0.783829,-0.008242,-0.620922,0.027227,0.999406,0.021105,0.620380,-0.033448,0.783588),
	CFrame.new(-407.203400,4.466689,-349.265198,0.707488,-0.011040,-0.706639,0.032482,0.999329,0.016908,0.705979,-0.034915,0.707372),
	CFrame.new(-407.203400,4.466689,-349.265198,0.707488,-0.011040,-0.706639,0.032482,0.999329,0.016908,0.705979,-0.034915,0.707372),
	CFrame.new(-407.194061,4.467942,-349.251831,0.663468,-0.022725,-0.747859,0.032523,0.999470,-0.001517,0.747497,-0.023316,0.663856),
	CFrame.new(-407.194061,4.467942,-349.251831,0.663468,-0.022725,-0.747859,0.032523,0.999470,-0.001517,0.747497,-0.023316,0.663856),
	CFrame.new(-407.194061,4.467942,-349.251831,0.663468,-0.022725,-0.747859,0.032523,0.999470,-0.001517,0.747497,-0.023316,0.663856),
	CFrame.new(-407.194061,4.467942,-349.251831,0.663468,-0.022725,-0.747859,0.032523,0.999470,-0.001517,0.747497,-0.023316,0.663856),
	CFrame.new(-407.146240,4.463300,-349.247375,0.638685,-0.021155,-0.769177,0.036096,0.999345,0.002486,0.768621,-0.029352,0.639030),
	CFrame.new(-407.146240,4.463300,-349.247375,0.638685,-0.021155,-0.769177,0.036096,0.999345,0.002486,0.768621,-0.029352,0.639030),
	CFrame.new(-407.146240,4.463300,-349.247375,0.638685,-0.021155,-0.769177,0.036096,0.999345,0.002486,0.768621,-0.029352,0.639030),
	CFrame.new(-407.146240,4.463300,-349.247375,0.638685,-0.021155,-0.769177,0.036096,0.999345,0.002486,0.768621,-0.029352,0.639030),
	CFrame.new(-407.119598,4.464752,-349.242218,0.600792,-0.019934,-0.799157,0.035451,0.999370,0.001723,0.798619,-0.029366,0.601120),
	CFrame.new(-407.119598,4.464752,-349.242218,0.600792,-0.019934,-0.799157,0.035451,0.999370,0.001723,0.798619,-0.029366,0.601120),
	CFrame.new(-407.119598,4.464752,-349.242218,0.600792,-0.019934,-0.799157,0.035451,0.999370,0.001723,0.798619,-0.029366,0.601120),
	CFrame.new(-407.119598,4.464752,-349.242218,0.600792,-0.019934,-0.799157,0.035451,0.999370,0.001723,0.798619,-0.029366,0.601120),
	CFrame.new(-407.090759,4.468458,-349.228271,0.586774,-0.034729,-0.809006,0.038595,0.999144,-0.014898,0.808831,-0.022482,0.587612),
	CFrame.new(-407.090759,4.468458,-349.228271,0.586774,-0.034729,-0.809006,0.038595,0.999144,-0.014898,0.808831,-0.022482,0.587612),
	CFrame.new(-407.090759,4.468458,-349.228271,0.586774,-0.034729,-0.809006,0.038595,0.999144,-0.014898,0.808831,-0.022482,0.587612),
	CFrame.new(-407.090759,4.468458,-349.228271,0.586774,-0.034729,-0.809006,0.038595,0.999144,-0.014898,0.808831,-0.022482,0.587612),
	CFrame.new(-407.091309,4.468511,-349.224701,0.573992,-0.035401,-0.818096,0.035183,0.999209,-0.018553,0.818105,-0.018134,0.574783),
	CFrame.new(-407.091309,4.468511,-349.224701,0.573992,-0.035401,-0.818096,0.035183,0.999209,-0.018553,0.818105,-0.018134,0.574783),
	CFrame.new(-407.091309,4.468511,-349.224701,0.573992,-0.035401,-0.818096,0.035183,0.999209,-0.018553,0.818105,-0.018134,0.574783),
	CFrame.new(-407.091309,4.468511,-349.224701,0.573992,-0.035401,-0.818096,0.035183,0.999209,-0.018553,0.818105,-0.018134,0.574783),
	CFrame.new(-407.091309,4.468511,-349.224701,0.573992,-0.035401,-0.818096,0.035183,0.999209,-0.018553,0.818105,-0.018134,0.574783),
	CFrame.new(-407.123718,4.445728,-349.228516,0.613648,-0.036034,-0.788757,0.037262,0.999167,-0.016657,0.788700,-0.019170,0.614479),
	CFrame.new(-407.123718,4.445728,-349.228516,0.613648,-0.036034,-0.788757,0.037262,0.999167,-0.016657,0.788700,-0.019170,0.614479),
	CFrame.new(-407.123718,4.445728,-349.228638,0.613648,-0.036034,-0.788757,0.037262,0.999167,-0.016657,0.788700,-0.019170,0.614479),
	CFrame.new(-407.123718,4.445728,-349.228638,0.613648,-0.036034,-0.788757,0.037262,0.999167,-0.016657,0.788700,-0.019170,0.614479),
	CFrame.new(-407.170105,4.448890,-349.222198,0.628679,-0.028426,-0.777145,0.016248,0.999594,-0.023418,0.777495,0.002096,0.628886),
	CFrame.new(-407.170105,4.448890,-349.222198,0.628679,-0.028426,-0.777145,0.016248,0.999594,-0.023418,0.777495,0.002096,0.628886),
	CFrame.new(-407.170013,4.448890,-349.222748,0.628679,-0.028426,-0.777145,0.016248,0.999594,-0.023418,0.777495,0.002096,0.628886),
	CFrame.new(-407.209503,4.433109,-349.235596,0.706137,-0.015025,-0.707916,0.010865,0.999887,-0.010384,0.707992,-0.000359,0.706220),
	CFrame.new(-407.209503,4.433109,-349.235596,0.706137,-0.015025,-0.707916,0.010865,0.999887,-0.010384,0.707992,-0.000359,0.706220),
	CFrame.new(-407.209381,4.433109,-349.236237,0.706137,-0.015025,-0.707916,0.010865,0.999887,-0.010384,0.707992,-0.000359,0.706220),
	CFrame.new(-407.248352,4.428559,-349.239471,0.876653,-0.013759,-0.480926,0.009080,0.999886,-0.012054,0.481038,0.006200,0.876678),
	CFrame.new(-407.248352,4.428559,-349.239471,0.876653,-0.013759,-0.480926,0.009080,0.999886,-0.012054,0.481038,0.006200,0.876678),
	CFrame.new(-407.248291,4.428559,-349.239868,0.876653,-0.013759,-0.480926,0.009080,0.999886,-0.012054,0.481038,0.006200,0.876678),
	CFrame.new(-407.306305,4.420859,-349.282867,0.998202,0.016970,-0.057496,-0.015474,0.999533,0.026363,0.057917,-0.025426,0.997998),
	CFrame.new(-407.383881,4.440608,-349.300964,0.963272,0.020589,0.267739,-0.027227,0.999406,0.021105,-0.267145,-0.027619,0.963260),
	CFrame.new(-407.383881,4.440608,-349.300964,0.963272,0.020589,0.267739,-0.027227,0.999406,0.021105,-0.267145,-0.027619,0.963260),
	CFrame.new(-407.383881,4.440608,-349.300964,0.963272,0.020589,0.267739,-0.027227,0.999406,0.021105,-0.267145,-0.027619,0.963260),
	CFrame.new(-407.426666,4.466689,-349.310333,0.926181,0.023737,0.376332,-0.032482,0.999329,0.016908,-0.375678,-0.027884,0.926330),
	CFrame.new(-407.426666,4.466689,-349.310333,0.926181,0.023737,0.376332,-0.032482,0.999329,0.016908,-0.375678,-0.027884,0.926330),
	CFrame.new(-407.440460,4.467942,-349.301636,0.901748,0.029998,0.431220,-0.032523,0.999470,-0.001517,-0.431037,-0.012657,0.902246),
	CFrame.new(-407.440460,4.467942,-349.301636,0.901748,0.029998,0.431220,-0.032523,0.999470,-0.001517,-0.431037,-0.012657,0.902246),
	CFrame.new(-407.440460,4.467942,-349.301636,0.901748,0.029998,0.431220,-0.032523,0.999470,-0.001517,-0.431037,-0.012657,0.902246),
	CFrame.new(-407.440460,4.467942,-349.301636,0.901748,0.029998,0.431220,-0.032523,0.999470,-0.001517,-0.431037,-0.012657,0.902246),
	CFrame.new(-407.486267,4.463300,-349.316132,0.887118,0.030897,0.460508,-0.036096,0.999345,0.002486,-0.460129,-0.018828,0.887652),
	CFrame.new(-407.486267,4.463300,-349.316132,0.887118,0.030897,0.460508,-0.036096,0.999345,0.002486,-0.460129,-0.018828,0.887652),
	CFrame.new(-407.512817,4.464752,-349.321716,0.863855,0.029777,0.502860,-0.035451,0.999370,0.001723,-0.502492,-0.019315,0.864366),
	CFrame.new(-407.512817,4.464752,-349.321716,0.863855,0.029777,0.502860,-0.035451,0.999370,0.001723,-0.502492,-0.019315,0.864366),
	CFrame.new(-407.512817,4.464752,-349.321716,0.863855,0.029777,0.502860,-0.035451,0.999370,0.001723,-0.502492,-0.019315,0.864366),
	CFrame.new(-407.512817,4.464752,-349.321716,0.863855,0.029777,0.502860,-0.035451,0.999370,0.001723,-0.502492,-0.019315,0.864366),
	CFrame.new(-407.544800,4.468458,-349.320068,0.854905,0.040735,0.517183,-0.038595,0.999144,-0.014898,-0.517347,-0.007224,0.855745),
	CFrame.new(-407.544800,4.468458,-349.320068,0.854905,0.040735,0.517183,-0.038595,0.999144,-0.014898,-0.517347,-0.007224,0.855745),
	CFrame.new(-407.544800,4.468458,-349.320068,0.854905,0.040735,0.517183,-0.038595,0.999144,-0.014898,-0.517347,-0.007224,0.855745),
	CFrame.new(-407.544800,4.468458,-349.320068,0.854905,0.040735,0.517183,-0.038595,0.999144,-0.014898,-0.517347,-0.007224,0.855745),
	CFrame.new(-407.545685,4.468511,-349.316559,0.846729,0.039665,0.530543,-0.035184,0.999209,-0.018553,-0.530859,-0.002957,0.847455),
	CFrame.new(-407.545685,4.468511,-349.316559,0.846729,0.039665,0.530543,-0.035184,0.999209,-0.018553,-0.530859,-0.002957,0.847455),
	CFrame.new(-407.545685,4.468511,-349.316559,0.846729,0.039665,0.530543,-0.035184,0.999209,-0.018553,-0.530859,-0.002957,0.847455),
	CFrame.new(-407.545685,4.468511,-349.316559,0.846729,0.039665,0.530543,-0.035184,0.999209,-0.018553,-0.530859,-0.002957,0.847455),
	CFrame.new(-407.545685,4.468511,-349.316559,0.846729,0.039665,0.530543,-0.035184,0.999209,-0.018553,-0.530859,-0.002957,0.847455),
	CFrame.new(-407.545685,4.468511,-349.316559,0.846729,0.039665,0.530543,-0.035184,0.999209,-0.018553,-0.530859,-0.002957,0.847455),
	CFrame.new(-407.514343,4.445728,-349.307495,0.871848,0.040651,0.488087,-0.037263,0.999167,-0.016656,-0.488358,-0.003665,0.872636),
	CFrame.new(-407.514343,4.445728,-349.307495,0.871848,0.040651,0.488087,-0.037263,0.999167,-0.016656,-0.488358,-0.003665,0.872636),
	CFrame.new(-407.514343,4.445728,-349.307495,0.871848,0.040651,0.488087,-0.037263,0.999167,-0.016656,-0.488358,-0.003665,0.872636),
	CFrame.new(-407.514343,4.445728,-349.307495,0.871848,0.040651,0.488087,-0.037263,0.999167,-0.016656,-0.488358,-0.003665,0.872636),
	CFrame.new(-407.474152,4.448890,-349.283142,0.881345,0.025379,0.471791,-0.016248,0.999594,-0.023418,-0.472193,0.012974,0.881400),
	CFrame.new(-407.474152,4.448890,-349.283142,0.881345,0.025379,0.471791,-0.016248,0.999594,-0.023418,-0.472193,0.012974,0.881400),
	CFrame.new(-407.474152,4.448890,-349.283142,0.881345,0.025379,0.471791,-0.016248,0.999594,-0.023418,-0.472193,0.012974,0.881400),
	CFrame.new(-407.474152,4.448890,-349.283142,0.881345,0.025379,0.471791,-0.016248,0.999594,-0.023418,-0.472193,0.012974,0.881400),
	CFrame.new(-407.432892,4.433109,-349.279022,0.925718,0.013984,0.377956,-0.010865,0.999887,-0.010384,-0.378059,0.005506,0.925765),
	CFrame.new(-407.432892,4.433109,-349.279022,0.925718,0.013984,0.377956,-0.010865,0.999887,-0.010384,-0.378059,0.005506,0.925765),
	CFrame.new(-407.432892,4.433109,-349.279022,0.925718,0.013984,0.377956,-0.010865,0.999887,-0.010384,-0.378059,0.005506,0.925765),
	CFrame.new(-407.432892,4.433109,-349.279022,0.925718,0.013984,0.377956,-0.010865,0.999887,-0.010384,-0.378059,0.005506,0.925765),
	CFrame.new(-407.395813,4.428559,-349.266357,0.994672,0.010269,0.102574,-0.009080,0.999886,-0.012054,-0.102686,0.011058,0.994652),
	CFrame.new(-407.395813,4.428559,-349.266357,0.994672,0.010269,0.102574,-0.009080,0.999886,-0.012054,-0.102686,0.011058,0.994652),
	CFrame.new(-407.395813,4.428559,-349.266357,0.994672,0.010269,0.102574,-0.009080,0.999886,-0.012054,-0.102686,0.011058,0.994652),
	CFrame.new(-407.395813,4.428559,-349.266357,0.994672,0.010269,0.102574,-0.009080,0.999886,-0.012054,-0.102686,0.011058,0.994652),
	CFrame.new(-407.246490,4.440608,-349.273163,0.783829,-0.008242,-0.620922,0.027227,0.999406,0.021105,0.620380,-0.033448,0.783588),
	CFrame.new(-407.246490,4.440608,-349.273163,0.783829,-0.008242,-0.620922,0.027227,0.999406,0.021105,0.620380,-0.033448,0.783588),
	CFrame.new(-407.246490,4.440608,-349.273163,0.783829,-0.008242,-0.620922,0.027227,0.999406,0.021105,0.620380,-0.033448,0.783588),
	CFrame.new(-407.246490,4.440608,-349.273163,0.783829,-0.008242,-0.620922,0.027227,0.999406,0.021105,0.620380,-0.033448,0.783588),
	CFrame.new(-407.246490,4.440608,-349.273163,0.783829,-0.008242,-0.620922,0.027227,0.999406,0.021105,0.620380,-0.033448,0.783588),
	CFrame.new(-407.246490,4.440608,-349.273163,0.783829,-0.008242,-0.620922,0.027227,0.999406,0.021105,0.620380,-0.033448,0.783588),
	CFrame.new(-407.203400,4.466689,-349.265198,0.707488,-0.011040,-0.706639,0.032482,0.999329,0.016908,0.705979,-0.034915,0.707372),
	CFrame.new(-407.203400,4.466689,-349.265198,0.707488,-0.011040,-0.706639,0.032482,0.999329,0.016908,0.705979,-0.034915,0.707372),
	CFrame.new(-407.194061,4.467942,-349.251831,0.663468,-0.022725,-0.747859,0.032523,0.999470,-0.001517,0.747497,-0.023316,0.663856),
	CFrame.new(-407.194061,4.467942,-349.251831,0.663468,-0.022725,-0.747859,0.032523,0.999470,-0.001517,0.747497,-0.023316,0.663856),
	CFrame.new(-407.194061,4.467942,-349.251831,0.663468,-0.022725,-0.747859,0.032523,0.999470,-0.001517,0.747497,-0.023316,0.663856),
	CFrame.new(-407.194061,4.467942,-349.251831,0.663468,-0.022725,-0.747859,0.032523,0.999470,-0.001517,0.747497,-0.023316,0.663856),
	CFrame.new(-407.146240,4.463300,-349.247375,0.638685,-0.021155,-0.769177,0.036096,0.999345,0.002486,0.768621,-0.029352,0.639030),
	CFrame.new(-407.146240,4.463300,-349.247375,0.638685,-0.021155,-0.769177,0.036096,0.999345,0.002486,0.768621,-0.029352,0.639030),
	CFrame.new(-407.146240,4.463300,-349.247375,0.638685,-0.021155,-0.769177,0.036096,0.999345,0.002486,0.768621,-0.029352,0.639030),
	CFrame.new(-407.146240,4.463300,-349.247375,0.638685,-0.021155,-0.769177,0.036096,0.999345,0.002486,0.768621,-0.029352,0.639030),
	CFrame.new(-407.119598,4.464752,-349.242218,0.600792,-0.019934,-0.799157,0.035451,0.999370,0.001723,0.798619,-0.029366,0.601120),
	CFrame.new(-407.119598,4.464752,-349.242218,0.600792,-0.019934,-0.799157,0.035451,0.999370,0.001723,0.798619,-0.029366,0.601120),
	CFrame.new(-407.119598,4.464752,-349.242218,0.600792,-0.019934,-0.799157,0.035451,0.999370,0.001723,0.798619,-0.029366,0.601120),
	CFrame.new(-407.119598,4.464752,-349.242218,0.600792,-0.019934,-0.799157,0.035451,0.999370,0.001723,0.798619,-0.029366,0.601120),
	CFrame.new(-407.090759,4.468458,-349.228271,0.586774,-0.034729,-0.809006,0.038595,0.999144,-0.014898,0.808831,-0.022482,0.587612),
	CFrame.new(-407.090759,4.468458,-349.228271,0.586774,-0.034729,-0.809006,0.038595,0.999144,-0.014898,0.808831,-0.022482,0.587612),
	CFrame.new(-407.090759,4.468458,-349.228271,0.586774,-0.034729,-0.809006,0.038595,0.999144,-0.014898,0.808831,-0.022482,0.587612),
	CFrame.new(-407.090759,4.468458,-349.228271,0.586774,-0.034729,-0.809006,0.038595,0.999144,-0.014898,0.808831,-0.022482,0.587612),
	CFrame.new(-407.091309,4.468511,-349.224701,0.573992,-0.035401,-0.818096,0.035183,0.999209,-0.018553,0.818105,-0.018134,0.574783),
	CFrame.new(-407.091309,4.468511,-349.224701,0.573992,-0.035401,-0.818096,0.035183,0.999209,-0.018553,0.818105,-0.018134,0.574783),
	CFrame.new(-407.091309,4.468511,-349.224701,0.573992,-0.035401,-0.818096,0.035183,0.999209,-0.018553,0.818105,-0.018134,0.574783),
	CFrame.new(-407.091309,4.468511,-349.224701,0.573992,-0.035401,-0.818096,0.035183,0.999209,-0.018553,0.818105,-0.018134,0.574783),
	CFrame.new(-407.091309,4.468511,-349.224701,0.573992,-0.035401,-0.818096,0.035183,0.999209,-0.018553,0.818105,-0.018134,0.574783),
	CFrame.new(-407.091309,4.468511,-349.224701,0.573992,-0.035401,-0.818096,0.035183,0.999209,-0.018553,0.818105,-0.018134,0.574783),
	CFrame.new(-407.123718,4.445728,-349.228516,0.613648,-0.036034,-0.788757,0.037262,0.999167,-0.016657,0.788700,-0.019170,0.614479),
	CFrame.new(-407.123718,4.445728,-349.228516,0.613648,-0.036034,-0.788757,0.037262,0.999167,-0.016657,0.788700,-0.019170,0.614479),
	CFrame.new(-407.123718,4.445728,-349.228638,0.613648,-0.036034,-0.788757,0.037262,0.999167,-0.016657,0.788700,-0.019170,0.614479),
	CFrame.new(-407.123718,4.445728,-349.228638,0.613648,-0.036034,-0.788757,0.037262,0.999167,-0.016657,0.788700,-0.019170,0.614479),
	CFrame.new(-407.170105,4.448890,-349.222198,0.628679,-0.028426,-0.777145,0.016248,0.999594,-0.023418,0.777495,0.002096,0.628886),
	CFrame.new(-407.170105,4.448890,-349.222198,0.628679,-0.028426,-0.777145,0.016248,0.999594,-0.023418,0.777495,0.002096,0.628886),
	CFrame.new(-407.170013,4.448890,-349.222748,0.628679,-0.028426,-0.777145,0.016248,0.999594,-0.023418,0.777495,0.002096,0.628886),
	CFrame.new(-407.170013,4.448890,-349.222748,0.628679,-0.028426,-0.777145,0.016248,0.999594,-0.023418,0.777495,0.002096,0.628886),
	CFrame.new(-407.209503,4.433109,-349.235596,0.706137,-0.015025,-0.707916,0.010865,0.999887,-0.010384,0.707992,-0.000359,0.706220),
	CFrame.new(-407.209503,4.433109,-349.235596,0.706137,-0.015025,-0.707916,0.010865,0.999887,-0.010384,0.707992,-0.000359,0.706220),
	CFrame.new(-407.209381,4.433109,-349.236237,0.706137,-0.015025,-0.707916,0.010865,0.999887,-0.010384,0.707992,-0.000359,0.706220),
	CFrame.new(-407.209381,4.433109,-349.236237,0.706137,-0.015025,-0.707916,0.010865,0.999887,-0.010384,0.707992,-0.000359,0.706220),
	CFrame.new(-407.248352,4.428559,-349.239471,0.876653,-0.013759,-0.480926,0.009080,0.999886,-0.012054,0.481038,0.006200,0.876678),
	CFrame.new(-407.248352,4.428559,-349.239471,0.876653,-0.013759,-0.480926,0.009080,0.999886,-0.012054,0.481038,0.006200,0.876678),
	CFrame.new(-407.248291,4.428559,-349.239868,0.876653,-0.013759,-0.480926,0.009080,0.999886,-0.012054,0.481038,0.006200,0.876678),
	CFrame.new(-407.248291,4.428559,-349.239868,0.876653,-0.013759,-0.480926,0.009080,0.999886,-0.012054,0.481038,0.006200,0.876678),
	CFrame.new(-407.306305,4.420859,-349.282867,0.998202,0.016970,-0.057496,-0.015474,0.999533,0.026363,0.057917,-0.025426,0.997998),
	CFrame.new(-407.306305,4.420859,-349.282867,0.998202,0.016970,-0.057496,-0.015474,0.999533,0.026363,0.057917,-0.025426,0.997998),
	CFrame.new(-407.383881,4.440608,-349.300964,0.963272,0.020589,0.267739,-0.027227,0.999406,0.021105,-0.267145,-0.027619,0.963260),
	CFrame.new(-407.383881,4.440608,-349.300964,0.963272,0.020589,0.267739,-0.027227,0.999406,0.021105,-0.267145,-0.027619,0.963260),
	CFrame.new(-407.383881,4.440608,-349.300964,0.963272,0.020589,0.267739,-0.027227,0.999406,0.021105,-0.267145,-0.027619,0.963260),
	CFrame.new(-407.383881,4.440608,-349.300964,0.963272,0.020589,0.267739,-0.027227,0.999406,0.021105,-0.267145,-0.027619,0.963260),
	CFrame.new(-407.383881,4.440608,-349.300964,0.963272,0.020589,0.267739,-0.027227,0.999406,0.021105,-0.267145,-0.027619,0.963260),
	CFrame.new(-407.383881,4.440608,-349.300964,0.963272,0.020589,0.267739,-0.027227,0.999406,0.021105,-0.267145,-0.027619,0.963260),
	CFrame.new(-407.426666,4.466689,-349.310333,0.926181,0.023737,0.376332,-0.032482,0.999329,0.016908,-0.375678,-0.027884,0.926330),
	CFrame.new(-407.426666,4.466689,-349.310333,0.926181,0.023737,0.376332,-0.032482,0.999329,0.016908,-0.375678,-0.027884,0.926330),
	CFrame.new(-407.440460,4.467942,-349.301636,0.901748,0.029998,0.431220,-0.032523,0.999470,-0.001517,-0.431037,-0.012657,0.902246),
	CFrame.new(-407.440460,4.467942,-349.301636,0.901748,0.029998,0.431220,-0.032523,0.999470,-0.001517,-0.431037,-0.012657,0.902246),
	CFrame.new(-407.440460,4.467942,-349.301636,0.901748,0.029998,0.431220,-0.032523,0.999470,-0.001517,-0.431037,-0.012657,0.902246),
	CFrame.new(-407.486267,4.463300,-349.316132,0.887118,0.030897,0.460508,-0.036096,0.999345,0.002486,-0.460129,-0.018828,0.887652),
	CFrame.new(-407.486267,4.463300,-349.316132,0.887118,0.030897,0.460508,-0.036096,0.999345,0.002486,-0.460129,-0.018828,0.887652),
	CFrame.new(-407.486267,4.463300,-349.316132,0.887118,0.030897,0.460508,-0.036096,0.999345,0.002486,-0.460129,-0.018828,0.887652),
	CFrame.new(-407.486267,4.463300,-349.316132,0.887118,0.030897,0.460508,-0.036096,0.999345,0.002486,-0.460129,-0.018828,0.887652),
	CFrame.new(-407.512817,4.464752,-349.321716,0.863855,0.029777,0.502860,-0.035451,0.999370,0.001723,-0.502492,-0.019315,0.864366),
	CFrame.new(-407.512817,4.464752,-349.321716,0.863855,0.029777,0.502860,-0.035451,0.999370,0.001723,-0.502492,-0.019315,0.864366),
	CFrame.new(-407.512817,4.464752,-349.321716,0.863855,0.029777,0.502860,-0.035451,0.999370,0.001723,-0.502492,-0.019315,0.864366),
	CFrame.new(-407.512817,4.464752,-349.321716,0.863855,0.029777,0.502860,-0.035451,0.999370,0.001723,-0.502492,-0.019315,0.864366),
	CFrame.new(-407.544800,4.468458,-349.320068,0.854905,0.040735,0.517183,-0.038595,0.999144,-0.014898,-0.517347,-0.007224,0.855745),
	CFrame.new(-407.544800,4.468458,-349.320068,0.854905,0.040735,0.517183,-0.038595,0.999144,-0.014898,-0.517347,-0.007224,0.855745),
	CFrame.new(-407.544800,4.468458,-349.320068,0.854905,0.040735,0.517183,-0.038595,0.999144,-0.014898,-0.517347,-0.007224,0.855745),
	CFrame.new(-407.544800,4.468458,-349.320068,0.854905,0.040735,0.517183,-0.038595,0.999144,-0.014898,-0.517347,-0.007224,0.855745),
	CFrame.new(-407.545685,4.468511,-349.316559,0.846729,0.039665,0.530543,-0.035184,0.999209,-0.018553,-0.530859,-0.002957,0.847455),
	CFrame.new(-407.545685,4.468511,-349.316559,0.846729,0.039665,0.530543,-0.035184,0.999209,-0.018553,-0.530859,-0.002957,0.847455),
	CFrame.new(-407.545685,4.468511,-349.316559,0.846729,0.039665,0.530543,-0.035184,0.999209,-0.018553,-0.530859,-0.002957,0.847455),
	CFrame.new(-407.545685,4.468511,-349.316559,0.846729,0.039665,0.530543,-0.035184,0.999209,-0.018553,-0.530859,-0.002957,0.847455),
	CFrame.new(-407.545685,4.468511,-349.316559,0.846729,0.039665,0.530543,-0.035184,0.999209,-0.018553,-0.530859,-0.002957,0.847455),
	CFrame.new(-407.545685,4.468511,-349.316559,0.846729,0.039665,0.530543,-0.035184,0.999209,-0.018553,-0.530859,-0.002957,0.847455),
	CFrame.new(-407.514343,4.445728,-349.307495,0.871848,0.040651,0.488087,-0.037263,0.999167,-0.016656,-0.488358,-0.003665,0.872636),
	CFrame.new(-407.514343,4.445728,-349.307495,0.871848,0.040651,0.488087,-0.037263,0.999167,-0.016656,-0.488358,-0.003665,0.872636),
	CFrame.new(-407.514343,4.445728,-349.307495,0.871848,0.040651,0.488087,-0.037263,0.999167,-0.016656,-0.488358,-0.003665,0.872636),
	CFrame.new(-407.514343,4.445728,-349.307495,0.871848,0.040651,0.488087,-0.037263,0.999167,-0.016656,-0.488358,-0.003665,0.872636),
	CFrame.new(-407.474152,4.448890,-349.283142,0.881345,0.025379,0.471791,-0.016248,0.999594,-0.023418,-0.472193,0.012974,0.881400),
	CFrame.new(-407.474152,4.448890,-349.283142,0.881345,0.025379,0.471791,-0.016248,0.999594,-0.023418,-0.472193,0.012974,0.881400),
	CFrame.new(-407.474152,4.448890,-349.283142,0.881345,0.025379,0.471791,-0.016248,0.999594,-0.023418,-0.472193,0.012974,0.881400),
	CFrame.new(-407.432892,4.433109,-349.279022,0.925718,0.013984,0.377956,-0.010865,0.999887,-0.010384,-0.378059,0.005506,0.925765),
	CFrame.new(-407.432892,4.433109,-349.279022,0.925718,0.013984,0.377956,-0.010865,0.999887,-0.010384,-0.378059,0.005506,0.925765),
	CFrame.new(-407.432892,4.433109,-349.279022,0.925718,0.013984,0.377956,-0.010865,0.999887,-0.010384,-0.378059,0.005506,0.925765),
	CFrame.new(-407.432892,4.433109,-349.279022,0.925718,0.013984,0.377956,-0.010865,0.999887,-0.010384,-0.378059,0.005506,0.925765),
	CFrame.new(-407.395813,4.428559,-349.266357,0.994672,0.010269,0.102574,-0.009080,0.999886,-0.012054,-0.102686,0.011058,0.994652),
	CFrame.new(-407.395813,4.428559,-349.266357,0.994672,0.010269,0.102574,-0.009080,0.999886,-0.012054,-0.102686,0.011058,0.994652),
	CFrame.new(-407.395813,4.428559,-349.266357,0.994672,0.010269,0.102574,-0.009080,0.999886,-0.012054,-0.102686,0.011058,0.994652),
	CFrame.new(-407.395813,4.428559,-349.266357,0.994672,0.010269,0.102574,-0.009080,0.999886,-0.012054,-0.102686,0.011058,0.994652),
	CFrame.new(-407.246490,4.440608,-349.273163,0.783829,-0.008242,-0.620922,0.027227,0.999406,0.021105,0.620380,-0.033448,0.783588),
	CFrame.new(-407.246490,4.440608,-349.273163,0.783829,-0.008242,-0.620922,0.027227,0.999406,0.021105,0.620380,-0.033448,0.783588),
	CFrame.new(-407.246490,4.440608,-349.273163,0.783829,-0.008242,-0.620922,0.027227,0.999406,0.021105,0.620380,-0.033448,0.783588),
	CFrame.new(-407.246490,4.440608,-349.273163,0.783829,-0.008242,-0.620922,0.027227,0.999406,0.021105,0.620380,-0.033448,0.783588),
	CFrame.new(-407.246490,4.440608,-349.273163,0.783829,-0.008242,-0.620922,0.027227,0.999406,0.021105,0.620380,-0.033448,0.783588),
	CFrame.new(-407.203400,4.466689,-349.265198,0.707488,-0.011040,-0.706639,0.032482,0.999329,0.016908,0.705979,-0.034915,0.707372),
	CFrame.new(-407.203400,4.466689,-349.265198,0.707488,-0.011040,-0.706639,0.032482,0.999329,0.016908,0.705979,-0.034915,0.707372),
	CFrame.new(-407.194061,4.467942,-349.251831,0.663468,-0.022725,-0.747859,0.032523,0.999470,-0.001517,0.747497,-0.023316,0.663856),
	CFrame.new(-407.194061,4.467942,-349.251831,0.663468,-0.022725,-0.747859,0.032523,0.999470,-0.001517,0.747497,-0.023316,0.663856),
	CFrame.new(-407.194061,4.467942,-349.251831,0.663468,-0.022725,-0.747859,0.032523,0.999470,-0.001517,0.747497,-0.023316,0.663856),
	CFrame.new(-407.194061,4.467942,-349.251831,0.663468,-0.022725,-0.747859,0.032523,0.999470,-0.001517,0.747497,-0.023316,0.663856),
	CFrame.new(-407.146240,4.463300,-349.247375,0.638685,-0.021155,-0.769177,0.036096,0.999345,0.002486,0.768621,-0.029352,0.639030),
	CFrame.new(-407.146240,4.463300,-349.247375,0.638685,-0.021155,-0.769177,0.036096,0.999345,0.002486,0.768621,-0.029352,0.639030),
	CFrame.new(-407.146240,4.463300,-349.247375,0.638685,-0.021155,-0.769177,0.036096,0.999345,0.002486,0.768621,-0.029352,0.639030),
	CFrame.new(-407.119598,4.464752,-349.242218,0.600792,-0.019934,-0.799157,0.035451,0.999370,0.001723,0.798619,-0.029366,0.601120),
	CFrame.new(-407.119598,4.464752,-349.242218,0.600792,-0.019934,-0.799157,0.035451,0.999370,0.001723,0.798619,-0.029366,0.601120),
	CFrame.new(-407.119598,4.464752,-349.242218,0.600792,-0.019934,-0.799157,0.035451,0.999370,0.001723,0.798619,-0.029366,0.601120),
	CFrame.new(-407.090759,4.468458,-349.228271,0.586774,-0.034729,-0.809006,0.038595,0.999144,-0.014898,0.808831,-0.022482,0.587612),
	CFrame.new(-407.090759,4.468458,-349.228271,0.586774,-0.034729,-0.809006,0.038595,0.999144,-0.014898,0.808831,-0.022482,0.587612),
	CFrame.new(-407.090759,4.468458,-349.228271,0.586774,-0.034729,-0.809006,0.038595,0.999144,-0.014898,0.808831,-0.022482,0.587612),
	CFrame.new(-407.091309,4.468511,-349.224701,0.573992,-0.035401,-0.818096,0.035183,0.999209,-0.018553,0.818105,-0.018134,0.574783),
	CFrame.new(-407.091309,4.468511,-349.224701,0.573992,-0.035401,-0.818096,0.035183,0.999209,-0.018553,0.818105,-0.018134,0.574783),
	CFrame.new(-407.091309,4.468511,-349.224701,0.573992,-0.035401,-0.818096,0.035183,0.999209,-0.018553,0.818105,-0.018134,0.574783),
	CFrame.new(-407.091309,4.468511,-349.224701,0.573992,-0.035401,-0.818096,0.035183,0.999209,-0.018553,0.818105,-0.018134,0.574783)
}

-- transform helper
local origin = frames[1]:Inverse()
local startCFrame = hrp.CFrame

local function getRelative(cf)
	return startCFrame * (origin * cf)
end

-- === MAIN TIMELINE CONFIGURATION ===
local targetFPS = 55        -- Framerate your recorder captured at
local playbackSpeed = 0.8

local totalFrames = #frames
-- Total base duration adjusted by playback speed multiplier
local totalDuration = ((totalFrames - 1) / targetFPS) / playbackSpeed

local function calculateMainTimeline(elapsedTime)
	if elapsedTime >= totalDuration then
		return totalFrames, 1, true
	end
	
	local progress = elapsedTime / totalDuration
	local scaledIndex = progress * (totalFrames - 1) + 1
	local index = math.floor(scaledIndex)
	local alpha = scaledIndex - index
	
	return index, alpha, false
end

-- RUNTIME LOOP
local startTime = tick()
local finished = false
local conn

conn = RunService.RenderStepped:Connect(function()
	if finished then return end

	local currentTime = tick()
	local elapsedTime = currentTime - startTime
	local index, alpha, isFinished = calculateMainTimeline(elapsedTime)

	if isFinished or index >= totalFrames then
		finished = true
		conn:Disconnect()

		track:Stop()

		-- stabilize before final tween
		hrp.Anchored = true
		hrp.AssemblyLinearVelocity = Vector3.zero
		hrp.AssemblyAngularVelocity = Vector3.zero

		local tween = TweenService:Create(
			hrp,
			TweenInfo.new(0, Enum.EasingStyle.Quint, Enum.EasingDirection.Out), -- Instant transition (0s)
			{CFrame = checkpoint.CFrame}
		)

		tween:Play()
		tween.Completed:Wait()

		checkpoint:Destroy()

		-- restore state
		hrp.Anchored = false
		setGhost(false)

		hum.PlatformStand = false
		hum.Sit = oldSit
		hum.AutoRotate = oldAutoRotate

		return
	end

	local nextIndex = math.min(index + 1, totalFrames)
	local a = getRelative(frames[index])
	local b = getRelative(frames[nextIndex])

	hrp.CFrame = a:Lerp(b, alpha)
	hrp.AssemblyLinearVelocity = Vector3.zero
	hrp.AssemblyAngularVelocity = Vector3.zero
end)
local player = game.Players.LocalPlayer
local character = player.Character or player.CharacterAdded:Wait()
local humanoid = character:WaitForChild("Humanoid")

local PriorityLayers = {
    Enum.AnimationPriority.Core,
    Enum.AnimationPriority.Idle,
    Enum.AnimationPriority.Movement,
    Enum.AnimationPriority.Action,
    Enum.AnimationPriority.Action2,
    Enum.AnimationPriority.Action3,
    Enum.AnimationPriority.Action4
}

local function SetLayer(track, layer)
    layer = math.clamp(layer, 1, #PriorityLayers)
    track.Priority = PriorityLayers[layer]
end

local layer = 2

local animation = Instance.new("Animation")
animation.AnimationId = "http://www.roblox.com/asset/?version=1&id=429703734"

local animationTrack = humanoid:LoadAnimation(animation)

SetLayer(animationTrack, layer)

local fadeTime = 0.3
animationTrack:Play(fadeTime)
animationTrack.TimePosition = 0.5
animationTrack:AdjustSpeed(0.5)

task.delay(16, function()
    animationTrack:Stop(fadeTime)
end)
local player = game.Players.LocalPlayer
local character = player.Character or player.CharacterAdded:Wait()
local humanoid = character:WaitForChild("Humanoid")

local PriorityLayers = {
    Enum.AnimationPriority.Core,
    Enum.AnimationPriority.Idle,
    Enum.AnimationPriority.Movement,
    Enum.AnimationPriority.Action,
    Enum.AnimationPriority.Action2,
    Enum.AnimationPriority.Action3,
    Enum.AnimationPriority.Action4
}

local function SetLayer(track, layer)
    layer = math.clamp(layer, 1, #PriorityLayers)
    track.Priority = PriorityLayers[layer]
end

local layer = 3

local animation = Instance.new("Animation")
animation.AnimationId = "http://www.roblox.com/asset/?version=1&id=190032723"

local animationTrack = humanoid:LoadAnimation(animation)

SetLayer(animationTrack, layer)

local fadeTime = 0
animationTrack:Play(fadeTime)
animationTrack.TimePosition = 0
animationTrack:AdjustSpeed(1)

task.delay(16.3, function()
    animationTrack:Stop(fadeTime)
end)