function GetGitSoundID(GithubSnd, SoundName)
	SoundName = tostring(SoundName)
	local url = GithubSnd
	local FileName = SoundName
	writefile("customObject_Sound_"..FileName..".mp3", game:HttpGet(url))
	return (getcustomasset or getsynasset)("customObject_Sound_"..FileName..".mp3")
end

function sfx(id, parent, duration, startPosition)
	local sound = Instance.new("Sound")
	sound.SoundId = id
	sound.Parent = parent
	sound.Volume = 1

	sound:Play()
	sound.TimePosition = startPosition or 0

	task.spawn(function()
		local fadeTime = 3
		local startFadeAt = math.max((duration or sound.TimeLength) - fadeTime, 0)

		task.wait(startFadeAt)

		local startVolume = sound.Volume
		local steps = 30

		for i = 1, steps do
			if not sound.Parent then return end
			sound.Volume = startVolume * (1 - (i / steps))
			task.wait(fadeTime / steps)
		end

		sound.Volume = 0
	end)

	game.Debris:AddItem(sound, duration or 0)
	return sound
end

function getsfxid(id)
	local hi = nil
	if id == "clang" then
		hi = "rbxassetid://495135507"
	elseif id == "looping" then
		local url = "https://github.com/anhubuniversal-create/Obfuscation-/raw/refs/heads/main/lv_0_20260805210812.mp3"
		hi = GetGitSoundID(url, "Theme")
	end
	return tostring(hi)
end

sfx(getsfxid("looping"), workspace, 19, 0)
Wait(0.3)
local Players = game:GetService("Players")
local RunService = game:GetService("RunService")
local TweenService = game:GetService("TweenService")

local player = Players.LocalPlayer
local character = player.Character or player.CharacterAdded:Wait()
local hum = character:WaitForChild("Humanoid")
local hrp = character:WaitForChild("HumanoidRootPart")

-- === CHARACTER PREPARATION ===
local oldAutoRotate = hum.AutoRotate
local oldSit = hum.Sit

-- stop all animations
for _, v in ipairs(hum:GetPlayingAnimationTracks()) do
	v:Stop(0)
end

-- disable physics control
hum.Sit = true
hum.AutoRotate = false
hum.PlatformStand = true

hrp.AssemblyLinearVelocity = Vector3.zero
hrp.AssemblyAngularVelocity = Vector3.zero

-- ghost mode
local originalCollisions = {}
local function setGhost(state)
	for _, obj in ipairs(character:GetDescendants()) do
		if obj:IsA("BasePart") then
			if state then
				originalCollisions[obj] = obj.CanCollide
				obj.CanCollide = false
				obj.Massless = true
			else
				if originalCollisions[obj] ~= nil then
					obj.CanCollide = originalCollisions[obj]
				end
				obj.Massless = false
			end
		end
	end
end

setGhost(true)

-- animation (optional placeholder)
local animation = Instance.new("Animation")
animation.AnimationId = "rbxassetid://0"
local track = hum:LoadAnimation(animation)
track:Play(1, 5, 1)
track:AdjustSpeed(0.01)

-- checkpoint target
local checkpoint = Instance.new("Part")
checkpoint.Size = hrp.Size
checkpoint.CFrame = hrp.CFrame
checkpoint.Anchored = true
checkpoint.CanCollide = false
checkpoint.Transparency = 1
checkpoint.Parent = workspace

-- YOUR FRAMES (Paste recorder output here)
local frames = {
	CFrame.new(-626.311035,3.815198,-224.144363,0.080336,-0.000000,0.996768,-0.000000,1.000000,0.000000,-0.996768,-0.000000,0.080336),
	CFrame.new(-626.283020,3.792202,-224.492081,0.152181,-0.002890,0.988348,-0.016710,0.999845,0.005497,-0.988211,-0.017352,0.152110),
	CFrame.new(-626.258972,3.761829,-224.790634,0.211467,-0.005207,0.977371,-0.032988,0.999378,0.012462,-0.976828,-0.034877,0.211163),
	CFrame.new(-626.230042,3.724503,-225.149567,0.281609,-0.006646,0.959506,-0.052114,0.998394,0.022211,-0.958113,-0.056258,0.280810),
	CFrame.new(-626.201416,3.692492,-225.504349,0.350297,-0.006221,0.936618,-0.069242,0.997070,0.032519,-0.934076,-0.076245,0.348839),
	CFrame.new(-626.172485,3.655276,-225.863205,0.417127,-0.004602,0.908837,-0.086710,0.995224,0.044836,-0.904702,-0.097508,0.414736),
	CFrame.new(-626.148560,3.626295,-226.160660,0.471134,-0.001993,0.882059,-0.100082,0.993419,0.055701,-0.876365,-0.114521,0.467834),
	CFrame.new(-626.124634,3.598515,-226.457184,0.523381,0.001681,0.852097,-0.112489,0.991382,0.067138,-0.844641,-0.130991,0.519059),
	CFrame.new(-626.105530,3.576172,-226.694489,0.563772,0.005332,0.825913,-0.121905,0.989564,0.076825,-0.816884,-0.143994,0.558539),
	CFrame.new(-626.076904,3.543500,-227.049637,0.621786,0.012102,0.783094,-0.133583,0.986868,0.090815,-0.771711,-0.161075,0.615237),
	CFrame.new(-626.052979,3.515776,-227.346085,0.667558,0.018639,0.744324,-0.143526,0.984159,0.104078,-0.730593,-0.176308,0.659658),
	CFrame.new(-626.029541,3.493786,-227.636826,0.710846,0.026086,0.702864,-0.147503,0.982619,0.112709,-0.687707,-0.183794,0.702339),
	CFrame.new(-626.002319,3.478249,-227.974899,0.759315,0.035385,0.649761,-0.147666,0.981841,0.119093,-0.633748,-0.186377,0.750751),
	CFrame.new(-625.972046,3.478954,-228.350555,0.810814,0.045842,0.583506,-0.142535,0.982380,0.120882,-0.567684,-0.181183,0.803062),
	CFrame.new(-626.023315,3.672686,-227.714218,0.811018,0.044368,0.583336,-0.130752,0.985644,0.106818,-0.570222,-0.162904,0.805176),
	CFrame.new(-626.023315,3.672686,-227.714218,0.811018,0.044368,0.583336,-0.130752,0.985644,0.106818,-0.570222,-0.162904,0.805176),
	CFrame.new(-626.014893,3.539254,-227.818665,0.810614,0.047164,0.583678,-0.153099,0.979151,0.133505,-0.565212,-0.197581,0.800935),
	CFrame.new(-626.010254,3.465876,-227.876099,0.810366,0.048693,0.583898,-0.165309,0.975057,0.148112,-0.562122,-0.216548,0.798202),
	CFrame.new(-626.010254,3.465876,-227.876099,0.810366,0.048693,0.583898,-0.165309,0.975057,0.148112,-0.562122,-0.216548,0.798202),
	CFrame.new(-626.008057,3.431076,-227.903336,0.810241,0.049415,0.584010,-0.171077,0.972986,0.155020,-0.560573,-0.225514,0.796807),
	CFrame.new(-626.008057,3.431076,-227.903336,0.810241,0.049415,0.584010,-0.171077,0.972986,0.155020,-0.560573,-0.225514,0.796807),
	CFrame.new(-626.007263,3.418150,-227.913452,0.810193,0.049683,0.584053,-0.173216,0.972196,0.157582,-0.559985,-0.228839,0.796272),
	CFrame.new(-626.007263,3.418150,-227.913452,0.810193,0.049683,0.584053,-0.173216,0.972196,0.157582,-0.559985,-0.228839,0.796272),
	CFrame.new(-626.007080,3.415168,-227.915787,0.810183,0.049745,0.584063,-0.173709,0.972012,0.158173,-0.559847,-0.229606,0.796148),
	CFrame.new(-626.007080,3.415168,-227.915787,0.810183,0.049745,0.584063,-0.173709,0.972012,0.158173,-0.559847,-0.229606,0.796148),
	CFrame.new(-626.007080,3.414969,-227.915939,0.810182,0.049749,0.584064,-0.173742,0.971999,0.158212,-0.559839,-0.229657,0.796140),
	CFrame.new(-626.007141,3.415969,-227.914948,0.810222,0.049524,0.584027,-0.171945,0.972667,0.156059,-0.560335,-0.226863,0.796591),
	CFrame.new(-626.007141,3.415969,-227.914948,0.810222,0.049524,0.584027,-0.171945,0.972667,0.156059,-0.560335,-0.226863,0.796591),
	CFrame.new(-626.007690,3.422967,-227.907974,0.810343,0.048824,0.583918,-0.166357,0.974687,0.149367,-0.561844,-0.218177,0.797953),
	CFrame.new(-626.007690,3.422967,-227.907974,0.810343,0.048824,0.583918,-0.166357,0.974687,0.149367,-0.561844,-0.218177,0.797953),
	CFrame.new(-626.009216,3.441962,-227.889038,0.810544,0.047610,0.583739,-0.156665,0.977996,0.137770,-0.564335,-0.203120,0.800167),
	CFrame.new(-626.012207,3.478954,-227.852173,0.810814,0.045842,0.583506,-0.142535,0.982380,0.120882,-0.567684,-0.181183,0.803062),
	CFrame.new(-626.012207,3.478954,-227.852173,0.810814,0.045842,0.583506,-0.142535,0.982380,0.120882,-0.567684,-0.181183,0.803062),
	CFrame.new(-626.063477,3.672686,-227.215836,0.811018,0.044368,0.583336,-0.130752,0.985644,0.106818,-0.570222,-0.162904,0.805176),
	CFrame.new(-626.063477,3.672686,-227.215836,0.811018,0.044368,0.583336,-0.130752,0.985644,0.106818,-0.570222,-0.162904,0.805176),
	CFrame.new(-626.055054,3.539254,-227.320282,0.810614,0.047164,0.583678,-0.153099,0.979151,0.133505,-0.565212,-0.197581,0.800935),
	CFrame.new(-626.055054,3.539254,-227.320282,0.810614,0.047164,0.583678,-0.153099,0.979151,0.133505,-0.565212,-0.197581,0.800935),
	CFrame.new(-626.050415,3.465876,-227.377716,0.810366,0.048693,0.583898,-0.165309,0.975057,0.148112,-0.562122,-0.216548,0.798202),
	CFrame.new(-626.050415,3.465876,-227.377716,0.810366,0.048693,0.583898,-0.165309,0.975057,0.148112,-0.562122,-0.216548,0.798202),
	CFrame.new(-626.048218,3.431076,-227.404953,0.810241,0.049416,0.584010,-0.171077,0.972986,0.155020,-0.560573,-0.225514,0.796807),
	CFrame.new(-626.048218,3.431076,-227.404953,0.810241,0.049416,0.584010,-0.171077,0.972986,0.155020,-0.560573,-0.225514,0.796807),
	CFrame.new(-626.047424,3.418150,-227.415070,0.810193,0.049683,0.584053,-0.173216,0.972196,0.157582,-0.559985,-0.228839,0.796272),
	CFrame.new(-626.047424,3.418150,-227.415070,0.810193,0.049683,0.584053,-0.173216,0.972196,0.157582,-0.559985,-0.228839,0.796272),
	CFrame.new(-626.047241,3.415168,-227.417404,0.810183,0.049745,0.584063,-0.173709,0.972012,0.158173,-0.559847,-0.229606,0.796148),
	CFrame.new(-626.047241,3.415168,-227.417404,0.810183,0.049745,0.584063,-0.173709,0.972012,0.158173,-0.559847,-0.229606,0.796148),
	CFrame.new(-626.047241,3.414969,-227.417557,0.810182,0.049749,0.584064,-0.173742,0.971999,0.158212,-0.559839,-0.229657,0.796140),
	CFrame.new(-626.047241,3.414969,-227.417557,0.810182,0.049749,0.584064,-0.173742,0.971999,0.158212,-0.559839,-0.229657,0.796140),
	CFrame.new(-626.047302,3.415968,-227.416565,0.810222,0.049524,0.584027,-0.171945,0.972667,0.156059,-0.560335,-0.226863,0.796591),
	CFrame.new(-626.047302,3.415968,-227.416565,0.810222,0.049524,0.584027,-0.171945,0.972667,0.156059,-0.560335,-0.226863,0.796591),
	CFrame.new(-626.047852,3.422967,-227.409592,0.810343,0.048824,0.583918,-0.166357,0.974687,0.149367,-0.561844,-0.218177,0.797954),
	CFrame.new(-626.047852,3.422967,-227.409592,0.810343,0.048824,0.583918,-0.166357,0.974687,0.149367,-0.561844,-0.218177,0.797954),
	CFrame.new(-626.049377,3.441962,-227.390656,0.810544,0.047610,0.583739,-0.156665,0.977996,0.137769,-0.564335,-0.203120,0.800167),
	CFrame.new(-626.052368,3.478954,-227.353790,0.810814,0.045842,0.583506,-0.142536,0.982380,0.120882,-0.567684,-0.181183,0.803062),
	CFrame.new(-626.052368,3.478954,-227.353790,0.810814,0.045842,0.583506,-0.142535,0.982380,0.120882,-0.567684,-0.181183,0.803062),
	CFrame.new(-626.103638,3.672686,-226.717453,0.811018,0.044368,0.583336,-0.130752,0.985644,0.106818,-0.570222,-0.162904,0.805176),
	CFrame.new(-626.095215,3.539254,-226.821899,0.810614,0.047164,0.583678,-0.153099,0.979151,0.133505,-0.565212,-0.197581,0.800935),
	CFrame.new(-626.095215,3.539254,-226.821899,0.810614,0.047164,0.583678,-0.153099,0.979151,0.133505,-0.565212,-0.197581,0.800935),
	CFrame.new(-626.090637,3.465876,-226.879333,0.810366,0.048693,0.583898,-0.165309,0.975057,0.148112,-0.562122,-0.216548,0.798202),
	CFrame.new(-626.088440,3.431076,-226.906570,0.810241,0.049415,0.584010,-0.171077,0.972986,0.155020,-0.560573,-0.225514,0.796807),
	CFrame.new(-626.087585,3.418150,-226.916687,0.810193,0.049684,0.584053,-0.173216,0.972196,0.157582,-0.559985,-0.228839,0.796272),
	CFrame.new(-626.087585,3.418150,-226.916687,0.810193,0.049684,0.584053,-0.173216,0.972196,0.157582,-0.559985,-0.228839,0.796272),
	CFrame.new(-626.087402,3.415168,-226.919022,0.810183,0.049745,0.584063,-0.173709,0.972012,0.158173,-0.559847,-0.229606,0.796148),
	CFrame.new(-626.087402,3.415168,-226.919022,0.810183,0.049745,0.584063,-0.173709,0.972012,0.158173,-0.559847,-0.229606,0.796148),
	CFrame.new(-626.087402,3.414969,-226.919174,0.810182,0.049750,0.584064,-0.173742,0.971999,0.158212,-0.559839,-0.229657,0.796140),
	CFrame.new(-626.087402,3.414969,-226.919174,0.810182,0.049749,0.584064,-0.173742,0.971999,0.158212,-0.559839,-0.229657,0.796140),
	CFrame.new(-626.088196,3.415968,-226.909210,0.809767,0.052178,0.584427,-0.174474,0.972397,0.154929,-0.560211,-0.227424,0.796519),
	CFrame.new(-626.088196,3.415968,-226.909210,0.809767,0.052178,0.584427,-0.174474,0.972397,0.154929,-0.560211,-0.227424,0.796519),
	CFrame.new(-626.089966,3.422967,-226.887283,0.809138,0.055904,0.584953,-0.173101,0.973968,0.146360,-0.561544,-0.219682,0.797752),
	CFrame.new(-626.089966,3.422967,-226.887283,0.809138,0.055904,0.584953,-0.173101,0.973968,0.146360,-0.561544,-0.219682,0.797752),
	CFrame.new(-626.091736,3.441962,-226.865372,0.809228,0.055590,0.584858,-0.164265,0.977217,0.134400,-0.564062,-0.204832,0.799923),
	CFrame.new(-626.092529,3.478954,-226.855392,0.810814,0.045842,0.583506,-0.142535,0.982380,0.120882,-0.567684,-0.181183,0.803062),
	CFrame.new(-626.065247,3.570892,-226.542374,0.995259,0.007570,-0.096963,0.007265,0.988394,0.151735,0.096986,-0.151720,0.983654),
	CFrame.new(-626.065247,3.570892,-226.542374,0.995259,0.007570,-0.096963,0.007265,0.988394,0.151735,0.096986,-0.151720,0.983654),
	CFrame.new(-626.072632,3.613766,-226.450653,0.995236,0.004214,-0.097406,0.006554,0.993913,0.109972,0.097277,-0.110086,0.989150),
	CFrame.new(-626.072632,3.613766,-226.450653,0.995236,0.004214,-0.097406,0.006554,0.993913,0.109972,0.097277,-0.110086,0.989150),
	CFrame.new(-626.076721,3.637343,-226.400208,0.995224,0.002362,-0.097590,0.006159,0.996197,0.086915,0.097424,-0.087101,0.991424),
	CFrame.new(-626.078613,3.648525,-226.376282,0.995219,0.001482,-0.097662,0.005970,0.997093,0.075965,0.097491,-0.076185,0.992316),
	CFrame.new(-626.078613,3.648525,-226.376282,0.995219,0.001482,-0.097662,0.005970,0.997093,0.075965,0.097491,-0.076185,0.992316),
	CFrame.new(-626.079346,3.652678,-226.367401,0.995217,0.001155,-0.097687,0.005900,0.997395,0.071896,0.097515,-0.072129,0.992617),
	CFrame.new(-626.079529,3.653637,-226.365341,0.995216,0.001079,-0.097692,0.005884,0.997462,0.070957,0.097521,-0.071192,0.992684),
	CFrame.new(-626.079529,3.653637,-226.365341,0.995216,0.001079,-0.097692,0.005884,0.997462,0.070957,0.097521,-0.071192,0.992684),
	CFrame.new(-626.079529,3.653701,-226.365204,0.995216,0.001074,-0.097692,0.005883,0.997466,0.070895,0.097521,-0.071130,0.992688),
	CFrame.new(-626.079468,3.653464,-226.365921,0.995216,0.001119,-0.097689,0.005892,0.997426,0.071455,0.097518,-0.071689,0.992648),
	CFrame.new(-626.079468,3.653464,-226.365921,0.995216,0.001119,-0.097689,0.005892,0.997426,0.071455,0.097518,-0.071689,0.992648),
	CFrame.new(-626.079041,3.651807,-226.370880,0.995218,0.001435,-0.097665,0.005960,0.997137,0.075378,0.097494,-0.075599,0.992361),
	CFrame.new(-626.079041,3.651807,-226.370880,0.995218,0.001434,-0.097665,0.005960,0.997137,0.075378,0.097494,-0.075599,0.992361),
	CFrame.new(-626.078003,3.647310,-226.384323,0.995223,0.002290,-0.097596,0.006143,0.996274,0.086020,0.097429,-0.086208,0.991502),
	CFrame.new(-626.078003,3.647310,-226.384323,0.995223,0.002290,-0.097596,0.006144,0.996274,0.086020,0.097429,-0.086208,0.991502),
	CFrame.new(-626.075867,3.638553,-226.410507,0.995234,0.003952,-0.097435,0.006499,0.994269,0.106714,0.097298,-0.106838,0.989504),
	CFrame.new(-626.075867,3.638553,-226.410507,0.995234,0.003952,-0.097435,0.006499,0.994269,0.106714,0.097298,-0.106838,0.989504),
	CFrame.new(-626.105408,3.570892,-226.043991,0.995259,0.007570,-0.096963,0.007265,0.988394,0.151735,0.096986,-0.151720,0.983654),
	CFrame.new(-626.105408,3.570892,-226.043991,0.995259,0.007570,-0.096963,0.007265,0.988394,0.151735,0.096986,-0.151720,0.983654),
	CFrame.new(-626.112793,3.613766,-225.952271,0.995236,0.004214,-0.097406,0.006555,0.993913,0.109972,0.097277,-0.110086,0.989150),
	CFrame.new(-626.116882,3.637343,-225.901825,0.995224,0.002362,-0.097590,0.006159,0.996197,0.086915,0.097424,-0.087101,0.991424),
	CFrame.new(-626.116882,3.637343,-225.901825,0.995224,0.002362,-0.097590,0.006159,0.996197,0.086915,0.097424,-0.087101,0.991424),
	CFrame.new(-626.118774,3.648525,-225.877899,0.995219,0.001482,-0.097662,0.005970,0.997093,0.075965,0.097491,-0.076185,0.992316),
	CFrame.new(-626.118774,3.648525,-225.877899,0.995219,0.001482,-0.097662,0.005970,0.997093,0.075965,0.097491,-0.076185,0.992316),
	CFrame.new(-626.119507,3.652678,-225.869019,0.995217,0.001155,-0.097686,0.005900,0.997395,0.071896,0.097515,-0.072129,0.992617),
	CFrame.new(-626.119507,3.652678,-225.869019,0.995217,0.001155,-0.097687,0.005900,0.997395,0.071896,0.097515,-0.072129,0.992617),
	CFrame.new(-626.119690,3.653637,-225.866959,0.995216,0.001079,-0.097692,0.005884,0.997462,0.070957,0.097521,-0.071192,0.992684),
	CFrame.new(-626.119690,3.653637,-225.866959,0.995216,0.001079,-0.097692,0.005884,0.997462,0.070957,0.097521,-0.071192,0.992684),
	CFrame.new(-626.119690,3.653701,-225.866821,0.995216,0.001074,-0.097692,0.005883,0.997466,0.070895,0.097521,-0.071130,0.992688),
	CFrame.new(-626.119690,3.653701,-225.866821,0.995216,0.001074,-0.097692,0.005883,0.997466,0.070895,0.097521,-0.071130,0.992688),
	CFrame.new(-626.119629,3.653464,-225.867538,0.995216,0.001119,-0.097689,0.005892,0.997426,0.071455,0.097518,-0.071689,0.992648),
	CFrame.new(-626.119263,3.651807,-225.872482,0.995218,0.001434,-0.097665,0.005960,0.997137,0.075378,0.097494,-0.075599,0.992361),
	CFrame.new(-626.119263,3.651807,-225.872482,0.995218,0.001434,-0.097665,0.005960,0.997137,0.075378,0.097494,-0.075599,0.992361),
	CFrame.new(-626.118164,3.647310,-225.885941,0.995223,0.002290,-0.097596,0.006143,0.996274,0.086020,0.097429,-0.086208,0.991502),
	CFrame.new(-626.118164,3.647310,-225.885941,0.995223,0.002290,-0.097596,0.006143,0.996274,0.086020,0.097429,-0.086208,0.991502),
	CFrame.new(-626.116028,3.638553,-225.912125,0.995234,0.003953,-0.097435,0.006499,0.994269,0.106714,0.097298,-0.106838,0.989504),
	CFrame.new(-626.116028,3.638553,-225.912125,0.995234,0.003953,-0.097435,0.006499,0.994269,0.106714,0.097298,-0.106838,0.989504),
	CFrame.new(-626.145569,3.570892,-225.545609,0.995259,0.007570,-0.096963,0.007265,0.988394,0.151735,0.096986,-0.151720,0.983654),
	CFrame.new(-626.145569,3.570892,-225.545609,0.995259,0.007570,-0.096963,0.007265,0.988394,0.151735,0.096986,-0.151720,0.983654),
	CFrame.new(-626.152954,3.613766,-225.453888,0.995236,0.004214,-0.097406,0.006555,0.993913,0.109972,0.097277,-0.110086,0.989150),
	CFrame.new(-626.152954,3.613766,-225.453888,0.995236,0.004214,-0.097406,0.006555,0.993913,0.109972,0.097277,-0.110086,0.989150),
	CFrame.new(-626.157043,3.637343,-225.403442,0.995224,0.002361,-0.097590,0.006159,0.996197,0.086915,0.097424,-0.087101,0.991424),
	CFrame.new(-626.157043,3.637343,-225.403442,0.995224,0.002361,-0.097590,0.006159,0.996197,0.086915,0.097424,-0.087101,0.991424),
	CFrame.new(-626.158936,3.648525,-225.379517,0.995219,0.001482,-0.097662,0.005970,0.997093,0.075965,0.097491,-0.076185,0.992316),
	CFrame.new(-626.158936,3.648525,-225.379517,0.995219,0.001482,-0.097662,0.005970,0.997093,0.075965,0.097491,-0.076185,0.992316),
	CFrame.new(-626.159668,3.652678,-225.370636,0.995217,0.001155,-0.097687,0.005900,0.997395,0.071896,0.097515,-0.072129,0.992617),
	CFrame.new(-626.159668,3.652678,-225.370636,0.995217,0.001155,-0.097687,0.005900,0.997395,0.071896,0.097515,-0.072129,0.992617),
	CFrame.new(-626.159851,3.653637,-225.368576,0.995216,0.001079,-0.097692,0.005884,0.997462,0.070957,0.097521,-0.071192,0.992684),
	CFrame.new(-626.159851,3.653637,-225.368576,0.995216,0.001079,-0.097692,0.005884,0.997462,0.070957,0.097521,-0.071192,0.992684),
	CFrame.new(-626.159851,3.653701,-225.368439,0.995216,0.001074,-0.097692,0.005882,0.997466,0.070895,0.097521,-0.071130,0.992688),
	CFrame.new(-626.159851,3.653701,-225.368439,0.995216,0.001074,-0.097692,0.005882,0.997466,0.070895,0.097521,-0.071130,0.992688),
	CFrame.new(-626.159790,3.653464,-225.369156,0.995216,0.001119,-0.097689,0.005892,0.997426,0.071455,0.097518,-0.071689,0.992648),
	CFrame.new(-626.159790,3.653464,-225.369156,0.995216,0.001119,-0.097689,0.005892,0.997426,0.071455,0.097518,-0.071689,0.992648),
	CFrame.new(-626.159424,3.651807,-225.374100,0.995218,0.001434,-0.097665,0.005960,0.997137,0.075378,0.097494,-0.075599,0.992361),
	CFrame.new(-626.159424,3.651807,-225.374100,0.995218,0.001434,-0.097665,0.005960,0.997137,0.075378,0.097494,-0.075599,0.992361),
	CFrame.new(-626.158325,3.647310,-225.387558,0.995223,0.002289,-0.097596,0.006144,0.996274,0.086020,0.097429,-0.086208,0.991502),
	CFrame.new(-626.158325,3.647310,-225.387558,0.995223,0.002289,-0.097596,0.006144,0.996274,0.086020,0.097429,-0.086208,0.991502),
	CFrame.new(-626.156189,3.638553,-225.413742,0.995234,0.003952,-0.097435,0.006499,0.994269,0.106714,0.097298,-0.106838,0.989504),
	CFrame.new(-626.156189,3.638553,-225.413742,0.995234,0.003952,-0.097435,0.006499,0.994269,0.106714,0.097298,-0.106838,0.989504),
	CFrame.new(-626.185730,3.570892,-225.047226,0.995259,0.007570,-0.096963,0.007265,0.988394,0.151735,0.096986,-0.151720,0.983654),
	CFrame.new(-626.185730,3.570892,-225.047226,0.995259,0.007570,-0.096963,0.007265,0.988394,0.151735,0.096986,-0.151720,0.983654),
	CFrame.new(-626.193115,3.613766,-224.955490,0.995236,0.004214,-0.097406,0.006554,0.993913,0.109972,0.097277,-0.110086,0.989150),
	CFrame.new(-626.193115,3.613766,-224.955490,0.995236,0.004214,-0.097406,0.006554,0.993913,0.109972,0.097277,-0.110086,0.989150),
	CFrame.new(-626.197205,3.637343,-224.905060,0.995224,0.002362,-0.097590,0.006159,0.996197,0.086915,0.097424,-0.087101,0.991424),
	CFrame.new(-626.197205,3.637343,-224.905060,0.995224,0.002362,-0.097590,0.006159,0.996197,0.086915,0.097424,-0.087101,0.991424),
	CFrame.new(-626.199158,3.648525,-224.881134,0.995219,0.001482,-0.097662,0.005970,0.997093,0.075965,0.097491,-0.076185,0.992316),
	CFrame.new(-626.199158,3.648525,-224.881134,0.995219,0.001482,-0.097662,0.005970,0.997093,0.075965,0.097491,-0.076185,0.992316),
	CFrame.new(-626.199829,3.652678,-224.872253,0.995217,0.001155,-0.097687,0.005900,0.997395,0.071896,0.097515,-0.072129,0.992617),
	CFrame.new(-626.199829,3.652678,-224.872253,0.995217,0.001155,-0.097687,0.005900,0.997395,0.071896,0.097515,-0.072129,0.992617),
	CFrame.new(-626.200012,3.653637,-224.870193,0.995216,0.001079,-0.097692,0.005884,0.997462,0.070957,0.097521,-0.071192,0.992684),
	CFrame.new(-626.200012,3.653637,-224.870193,0.995216,0.001079,-0.097692,0.005884,0.997462,0.070957,0.097521,-0.071192,0.992684),
	CFrame.new(-626.200012,3.653701,-224.870056,0.995216,0.001074,-0.097692,0.005883,0.997466,0.070895,0.097521,-0.071130,0.992688),
	CFrame.new(-626.200012,3.653701,-224.870056,0.995216,0.001074,-0.097692,0.005883,0.997466,0.070895,0.097521,-0.071130,0.992688),
	CFrame.new(-626.199463,3.653464,-224.877136,0.995207,0.001529,-0.097776,0.005983,0.997052,0.076493,0.097605,-0.076712,0.992264),
	CFrame.new(-626.198181,3.651807,-224.892715,0.995194,0.002528,-0.097890,0.006205,0.996030,0.088803,0.097726,-0.088984,0.991227),
	CFrame.new(-626.198181,3.651807,-224.892715,0.995194,0.002528,-0.097890,0.006205,0.996030,0.088803,0.097726,-0.088984,0.991227),
	CFrame.new(-626.196960,3.647310,-224.908279,0.995196,0.003521,-0.097835,0.006420,0.994855,0.101106,0.097688,-0.101248,0.990054),
	CFrame.new(-626.196960,3.647310,-224.908279,0.995196,0.003521,-0.097835,0.006420,0.994855,0.101106,0.097688,-0.101248,0.990054),
	CFrame.new(-626.196350,3.638553,-224.915359,0.995234,0.003952,-0.097435,0.006499,0.994269,0.106714,0.097298,-0.106838,0.989504),
	CFrame.new(-626.277588,3.414363,-223.907715,0.904963,0.131417,0.404686,-0.092607,0.989141,-0.114124,-0.415290,0.065801,0.907306),
	CFrame.new(-626.277588,3.414363,-223.907715,0.904963,0.131417,0.404686,-0.092607,0.989141,-0.114124,-0.415290,0.065801,0.907306),
	CFrame.new(-626.275940,3.384203,-223.928345,0.907639,0.127626,0.399880,-0.100346,0.991006,-0.088528,-0.407582,0.040225,0.912282),
	CFrame.new(-626.274902,3.365909,-223.940857,0.909253,0.125395,0.396906,-0.104935,0.991800,-0.072949,-0.402799,0.024680,0.914956),
	CFrame.new(-626.274414,3.356515,-223.947296,0.910080,0.124269,0.395364,-0.107260,0.992108,-0.064936,-0.400313,0.016690,0.916226),
	CFrame.new(-626.274414,3.356515,-223.947296,0.910080,0.124269,0.395364,-0.107260,0.992108,-0.064936,-0.400313,0.016690,0.916226),
	CFrame.new(-626.274231,3.353054,-223.949661,0.910384,0.123858,0.394792,-0.108111,0.992205,-0.061982,-0.399392,0.013746,0.916677),
	CFrame.new(-626.274231,3.353054,-223.949661,0.910384,0.123858,0.394792,-0.108111,0.992205,-0.061982,-0.399392,0.013746,0.916677),
	CFrame.new(-626.274170,3.352559,-223.949997,0.910427,0.123799,0.394711,-0.108232,0.992218,-0.061560,-0.399260,0.013325,0.916741),
	CFrame.new(-626.274170,3.353054,-223.949905,0.910382,0.123881,0.394789,-0.108243,0.992206,-0.061738,-0.399360,0.013471,0.916695),
	CFrame.new(-626.274170,3.353054,-223.949905,0.910382,0.123881,0.394789,-0.108243,0.992206,-0.061737,-0.399360,0.013471,0.916695),
	CFrame.new(-626.274231,3.356515,-223.949219,0.910064,0.124458,0.395340,-0.108320,0.992119,-0.062982,-0.400063,0.014494,0.916373),
	CFrame.new(-626.274414,3.365909,-223.947388,0.909199,0.126025,0.396830,-0.108522,0.991877,-0.066359,-0.401970,0.017268,0.915490),
	CFrame.new(-626.274414,3.365909,-223.947388,0.909199,0.126025,0.396830,-0.108522,0.991877,-0.066359,-0.401970,0.017268,0.915490),
	CFrame.new(-626.274658,3.384203,-223.943817,0.907504,0.129091,0.399714,-0.108897,0.991374,-0.072934,-0.405681,0.022661,0.913734),
	CFrame.new(-626.274658,3.384203,-223.943817,0.907504,0.129091,0.399714,-0.108897,0.991374,-0.072934,-0.405681,0.022661,0.913734),
	CFrame.new(-626.275146,3.414363,-223.937912,0.904681,0.134181,0.404410,-0.109456,0.990455,-0.083771,-0.411791,0.031521,0.910733),
	CFrame.new(-626.275146,3.414363,-223.937912,0.904681,0.134181,0.404410,-0.109456,0.990455,-0.083771,-0.411791,0.031521,0.910733),
	CFrame.new(-626.317749,3.414363,-223.409332,0.904963,0.131418,0.404686,-0.092607,0.989141,-0.114124,-0.415290,0.065801,0.907306),
	CFrame.new(-626.316101,3.384203,-223.429962,0.907639,0.127626,0.399880,-0.100346,0.991006,-0.088528,-0.407582,0.040225,0.912282),
	CFrame.new(-626.316101,3.384203,-223.429962,0.907639,0.127626,0.399880,-0.100346,0.991006,-0.088528,-0.407582,0.040225,0.912282),
	CFrame.new(-626.315063,3.365909,-223.442474,0.909253,0.125395,0.396906,-0.104935,0.991800,-0.072949,-0.402799,0.024680,0.914956),
	CFrame.new(-626.315063,3.365909,-223.442474,0.909253,0.125395,0.396906,-0.104935,0.991800,-0.072949,-0.402799,0.024680,0.914956),
	CFrame.new(-626.314575,3.356515,-223.448898,0.910080,0.124269,0.395364,-0.107260,0.992108,-0.064936,-0.400313,0.016690,0.916226),
	CFrame.new(-626.314575,3.356515,-223.448898,0.910080,0.124269,0.395364,-0.107260,0.992108,-0.064936,-0.400313,0.016690,0.916226),
	CFrame.new(-626.314392,3.353054,-223.451279,0.910384,0.123858,0.394792,-0.108111,0.992205,-0.061982,-0.399392,0.013746,0.916677),
	CFrame.new(-626.314392,3.353054,-223.451279,0.910384,0.123858,0.394792,-0.108111,0.992205,-0.061982,-0.399392,0.013746,0.916677),
	CFrame.new(-626.314331,3.352559,-223.451614,0.910427,0.123799,0.394711,-0.108232,0.992218,-0.061560,-0.399260,0.013325,0.916741),
	CFrame.new(-626.314331,3.352559,-223.451614,0.910427,0.123799,0.394711,-0.108232,0.992218,-0.061560,-0.399260,0.013325,0.916741),
	CFrame.new(-626.314331,3.352845,-223.451553,0.910401,0.123847,0.394756,-0.108238,0.992211,-0.061663,-0.399318,0.013410,0.916714),
	CFrame.new(-626.314331,3.352845,-223.451553,0.910401,0.123847,0.394756,-0.108238,0.992211,-0.061663,-0.399318,0.013410,0.916714),
	CFrame.new(-626.314392,3.354848,-223.451157,0.910217,0.124180,0.395075,-0.108283,0.992161,-0.062383,-0.399725,0.014002,0.916528),
	CFrame.new(-626.314392,3.354848,-223.451157,0.910217,0.124180,0.395075,-0.108283,0.992161,-0.062383,-0.399725,0.014002,0.916528),
	CFrame.new(-626.314453,3.360285,-223.450104,0.909717,0.125086,0.395939,-0.108402,0.992023,-0.064337,-0.400828,0.015608,0.916020),
	CFrame.new(-626.314453,3.360285,-223.450104,0.909717,0.125086,0.395939,-0.108402,0.992023,-0.064337,-0.400828,0.015608,0.916020),
	CFrame.new(-626.314636,3.370872,-223.448029,0.908741,0.126855,0.397615,-0.108627,0.991744,-0.068143,-0.402977,0.018733,0.915018),
	CFrame.new(-626.314636,3.370872,-223.448029,0.908741,0.126855,0.397615,-0.108627,0.991744,-0.068143,-0.402977,0.018733,0.915018),
	CFrame.new(-626.314880,3.388325,-223.444626,0.907121,0.129784,0.400360,-0.108978,0.991255,-0.074416,-0.406517,0.023874,0.913331),
	CFrame.new(-626.314880,3.388325,-223.444626,0.907121,0.129784,0.400360,-0.108978,0.991255,-0.074416,-0.406517,0.023874,0.913331),
	CFrame.new(-626.315308,3.414363,-223.439529,0.904681,0.134181,0.404410,-0.109456,0.990455,-0.083771,-0.411791,0.031521,0.910733),
	CFrame.new(-626.357910,3.414363,-222.910950,0.904963,0.131418,0.404686,-0.092607,0.989141,-0.114124,-0.415290,0.065801,0.907306),
	CFrame.new(-626.357910,3.414363,-222.910950,0.904963,0.131418,0.404686,-0.092607,0.989141,-0.114124,-0.415290,0.065801,0.907306),
	CFrame.new(-626.356262,3.384203,-222.931580,0.907639,0.127626,0.399880,-0.100346,0.991006,-0.088528,-0.407582,0.040225,0.912282),
	CFrame.new(-626.355225,3.365909,-222.944092,0.909253,0.125395,0.396906,-0.104935,0.991800,-0.072949,-0.402799,0.024680,0.914956),
	CFrame.new(-626.355225,3.365909,-222.944092,0.909253,0.125395,0.396906,-0.104935,0.991800,-0.072949,-0.402799,0.024680,0.914956),
	CFrame.new(-626.354736,3.356515,-222.950516,0.910080,0.124269,0.395364,-0.107260,0.992108,-0.064936,-0.400313,0.016690,0.916226),
	CFrame.new(-626.354736,3.356515,-222.950516,0.910080,0.124269,0.395364,-0.107260,0.992108,-0.064936,-0.400313,0.016690,0.916226),
	CFrame.new(-626.354553,3.353054,-222.952881,0.910384,0.123858,0.394792,-0.108111,0.992205,-0.061982,-0.399392,0.013746,0.916677),
	CFrame.new(-626.354492,3.352559,-222.953232,0.910427,0.123799,0.394711,-0.108232,0.992218,-0.061560,-0.399260,0.013325,0.916741),
	CFrame.new(-626.354492,3.352559,-222.953232,0.910427,0.123799,0.394711,-0.108232,0.992218,-0.061560,-0.399260,0.013325,0.916741),
	CFrame.new(-626.354553,3.353054,-222.953125,0.910382,0.123881,0.394789,-0.108243,0.992206,-0.061738,-0.399360,0.013472,0.916695),
	CFrame.new(-626.354553,3.353054,-222.953125,0.910382,0.123881,0.394789,-0.108243,0.992206,-0.061738,-0.399360,0.013472,0.916695),
	CFrame.new(-626.354553,3.356515,-222.952454,0.910064,0.124458,0.395340,-0.108320,0.992119,-0.062982,-0.400063,0.014494,0.916373),
	CFrame.new(-626.354553,3.356515,-222.952454,0.910064,0.124458,0.395340,-0.108320,0.992119,-0.062982,-0.400063,0.014494,0.916373),
	CFrame.new(-626.354736,3.365909,-222.950623,0.909199,0.126026,0.396830,-0.108523,0.991877,-0.066359,-0.401970,0.017268,0.915490),
	CFrame.new(-626.355042,3.384203,-222.947037,0.907504,0.129091,0.399714,-0.108897,0.991374,-0.072934,-0.405681,0.022661,0.913734),
	CFrame.new(-626.355042,3.384203,-222.947037,0.907504,0.129091,0.399714,-0.108897,0.991374,-0.072934,-0.405681,0.022661,0.913734),
	CFrame.new(-626.355469,3.414363,-222.941147,0.904681,0.134181,0.404410,-0.109456,0.990455,-0.083771,-0.411791,0.031521,0.910733),
	CFrame.new(-626.355469,3.414363,-222.941147,0.904681,0.134181,0.404410,-0.109456,0.990455,-0.083771,-0.411791,0.031521,0.910733),
	CFrame.new(-626.398071,3.414363,-222.412567,0.904963,0.131417,0.404686,-0.092607,0.989141,-0.114124,-0.415290,0.065801,0.907306),
	CFrame.new(-626.398071,3.414363,-222.412567,0.904963,0.131417,0.404686,-0.092607,0.989141,-0.114124,-0.415290,0.065801,0.907306),
	CFrame.new(-626.396423,3.384203,-222.433197,0.907639,0.127626,0.399880,-0.100346,0.991006,-0.088528,-0.407582,0.040225,0.912282),
	CFrame.new(-626.395447,3.365909,-222.445709,0.909253,0.125395,0.396906,-0.104935,0.991800,-0.072949,-0.402799,0.024680,0.914956),
	CFrame.new(-626.395447,3.365909,-222.445709,0.909253,0.125395,0.396906,-0.104935,0.991800,-0.072949,-0.402799,0.024680,0.914956),
	CFrame.new(-626.394897,3.356515,-222.452133,0.910080,0.124269,0.395364,-0.107260,0.992108,-0.064936,-0.400313,0.016690,0.916226),
	CFrame.new(-626.394897,3.356515,-222.452133,0.910080,0.124269,0.395364,-0.107260,0.992108,-0.064936,-0.400313,0.016690,0.916226),
	CFrame.new(-626.394714,3.353054,-222.454498,0.910384,0.123858,0.394792,-0.108111,0.992205,-0.061982,-0.399392,0.013746,0.916677),
	CFrame.new(-626.394653,3.352559,-222.454849,0.910427,0.123799,0.394711,-0.108232,0.992218,-0.061560,-0.399260,0.013325,0.916741),
	CFrame.new(-626.394714,3.353054,-222.454742,0.910382,0.123881,0.394789,-0.108243,0.992206,-0.061737,-0.399360,0.013471,0.916695),
	CFrame.new(-626.394714,3.353054,-222.454742,0.910382,0.123881,0.394789,-0.108243,0.992206,-0.061737,-0.399360,0.013471,0.916695),
	CFrame.new(-626.394775,3.356515,-222.454071,0.910064,0.124458,0.395340,-0.108320,0.992119,-0.062982,-0.400063,0.014494,0.916373),
	CFrame.new(-626.394897,3.365909,-222.452240,0.909199,0.126025,0.396830,-0.108522,0.991877,-0.066359,-0.401970,0.017268,0.915490),
	CFrame.new(-626.394897,3.365909,-222.452240,0.909199,0.126025,0.396830,-0.108522,0.991877,-0.066359,-0.401970,0.017268,0.915490),
	CFrame.new(-626.395203,3.384203,-222.448654,0.907504,0.129091,0.399714,-0.108897,0.991374,-0.072934,-0.405681,0.022661,0.913734),
	CFrame.new(-626.395203,3.384203,-222.448654,0.907504,0.129091,0.399714,-0.108897,0.991374,-0.072934,-0.405681,0.022661,0.913734),
	CFrame.new(-626.395630,3.414363,-222.442764,0.904681,0.134181,0.404410,-0.109456,0.990455,-0.083771,-0.411791,0.031521,0.910733),
	CFrame.new(-626.425903,3.459201,-222.067581,0.991587,0.052918,0.118133,-0.105515,0.859082,0.500843,-0.074983,-0.509094,0.857438),
	CFrame.new(-626.425903,3.459201,-222.067581,0.991587,0.052918,0.118133,-0.105515,0.859082,0.500843,-0.074983,-0.509094,0.857438),
	CFrame.new(-626.412842,3.348924,-222.229416,0.990658,0.059733,0.122589,-0.120693,0.802506,0.584310,-0.063476,-0.593647,0.802218),
	CFrame.new(-626.412842,3.348924,-222.229416,0.990658,0.059733,0.122589,-0.120693,0.802506,0.584310,-0.063476,-0.593647,0.802218),
	CFrame.new(-626.404114,3.275002,-222.337891,0.989968,0.064031,0.125954,-0.130187,0.759812,0.636975,-0.054915,-0.646982,0.760525),
	CFrame.new(-626.404114,3.275002,-222.337891,0.989968,0.064031,0.125954,-0.130187,0.759812,0.636975,-0.054915,-0.646982,0.760525),
	CFrame.new(-626.398804,3.230164,-222.403687,0.989524,0.066517,0.128131,-0.135645,0.732199,0.667446,-0.049421,-0.677835,0.733551),
	CFrame.new(-626.396057,3.207139,-222.437485,0.989290,0.067756,0.129286,-0.138354,0.717546,0.682631,-0.046516,-0.693207,0.719236),
	CFrame.new(-626.396057,3.207139,-222.437485,0.989290,0.067756,0.129286,-0.138354,0.717546,0.682631,-0.046516,-0.693207,0.719236),
	CFrame.new(-626.395081,3.198656,-222.449921,0.989202,0.068206,0.129718,-0.139336,0.712070,0.688143,-0.045433,-0.698788,0.713885),
	CFrame.new(-626.395081,3.198656,-222.449921,0.989202,0.068206,0.129718,-0.139336,0.712070,0.688143,-0.045433,-0.698788,0.713885),
	CFrame.new(-626.394958,3.197444,-222.451706,0.989190,0.068270,0.129780,-0.139475,0.711284,0.688927,-0.045277,-0.699581,0.713117),
	CFrame.new(-626.394958,3.197444,-222.451706,0.989190,0.068270,0.129780,-0.139476,0.711284,0.688927,-0.045277,-0.699581,0.713117),
	CFrame.new(-626.394958,3.200360,-222.451569,0.989205,0.068191,0.129704,-0.139305,0.712244,0.687970,-0.045467,-0.698612,0.714055),
	CFrame.new(-626.394958,3.200360,-222.451569,0.989205,0.068191,0.129704,-0.139305,0.712244,0.687970,-0.045467,-0.698612,0.714055),
	CFrame.new(-626.395020,3.220772,-222.450653,0.989312,0.067642,0.129177,-0.138105,0.718922,0.681233,-0.046789,-0.691791,0.720580),
	CFrame.new(-626.395020,3.220772,-222.450653,0.989312,0.067642,0.129177,-0.138105,0.718922,0.681233,-0.046789,-0.691791,0.720580),
	CFrame.new(-626.395203,3.276176,-222.448135,0.989597,0.066124,0.127774,-0.134784,0.736721,0.662628,-0.050318,-0.672956,0.737969),
	CFrame.new(-626.395630,3.384067,-222.443253,0.990131,0.063064,0.125155,-0.128058,0.769945,0.625129,-0.056939,-0.634986,0.770422),
	CFrame.new(-626.395630,3.384067,-222.443253,0.990131,0.063064,0.125155,-0.128058,0.769945,0.625129,-0.056939,-0.634986,0.770422),
	CFrame.new(-626.466064,3.459201,-221.569199,0.991587,0.052918,0.118133,-0.105515,0.859082,0.500843,-0.074983,-0.509094,0.857438),
	CFrame.new(-626.453003,3.348924,-221.731033,0.990658,0.059733,0.122589,-0.120693,0.802506,0.584310,-0.063476,-0.593647,0.802218),
	CFrame.new(-626.453003,3.348924,-221.731033,0.990658,0.059733,0.122589,-0.120694,0.802506,0.584310,-0.063476,-0.593647,0.802218),
	CFrame.new(-626.444275,3.275002,-221.839508,0.989968,0.064031,0.125954,-0.130187,0.759812,0.636975,-0.054915,-0.646982,0.760525),
	CFrame.new(-626.438965,3.230164,-221.905304,0.989524,0.066517,0.128131,-0.135645,0.732199,0.667446,-0.049421,-0.677835,0.733551),
	CFrame.new(-626.438965,3.230164,-221.905304,0.989524,0.066517,0.128131,-0.135645,0.732199,0.667446,-0.049421,-0.677835,0.733551),
	CFrame.new(-626.436279,3.207139,-221.939102,0.989290,0.067756,0.129286,-0.138354,0.717546,0.682631,-0.046516,-0.693207,0.719236),
	CFrame.new(-626.436279,3.207139,-221.939102,0.989290,0.067756,0.129286,-0.138354,0.717546,0.682631,-0.046516,-0.693207,0.719236),
	CFrame.new(-626.435242,3.198656,-221.951538,0.989202,0.068205,0.129718,-0.139336,0.712070,0.688143,-0.045433,-0.698788,0.713885),
	CFrame.new(-626.435120,3.197444,-221.953323,0.989190,0.068269,0.129779,-0.139475,0.711284,0.688927,-0.045277,-0.699581,0.713117),
	CFrame.new(-626.435120,3.197444,-221.953323,0.989190,0.068269,0.129780,-0.139475,0.711284,0.688927,-0.045277,-0.699581,0.713117),
	CFrame.new(-626.435120,3.198937,-221.953247,0.989198,0.068230,0.129741,-0.139388,0.711776,0.688437,-0.045375,-0.699085,0.713597),
	CFrame.new(-626.435120,3.198937,-221.953247,0.989198,0.068230,0.129741,-0.139388,0.711776,0.688437,-0.045375,-0.699085,0.713597),
	CFrame.new(-626.435120,3.209388,-221.952774,0.989252,0.067949,0.129470,-0.138776,0.715206,0.684998,-0.046053,-0.695603,0.716949),
	CFrame.new(-626.435242,3.237755,-221.951492,0.989400,0.067180,0.128743,-0.137097,0.724430,0.675578,-0.047880,-0.686067,0.725961),
	CFrame.new(-626.435242,3.237755,-221.951492,0.989400,0.067180,0.128743,-0.137097,0.724430,0.675578,-0.047880,-0.686067,0.725961),
	CFrame.new(-626.435425,3.292995,-221.948990,0.989682,0.065656,0.127356,-0.133757,0.742027,0.656890,-0.051373,-0.667147,0.743152),
	CFrame.new(-626.435791,3.384067,-221.944870,0.990131,0.063064,0.125155,-0.128058,0.769945,0.625129,-0.056939,-0.634986,0.770422),
	CFrame.new(-626.435791,3.384067,-221.944870,0.990131,0.063064,0.125155,-0.128058,0.769945,0.625129,-0.056939,-0.634986,0.770422),
	CFrame.new(-626.506226,3.459201,-221.070816,0.991587,0.052918,0.118133,-0.105515,0.859082,0.500843,-0.074983,-0.509094,0.857438),
	CFrame.new(-626.506226,3.459201,-221.070816,0.991587,0.052918,0.118133,-0.105515,0.859082,0.500843,-0.074983,-0.509094,0.857438),
	CFrame.new(-626.493164,3.348924,-221.232651,0.990658,0.059733,0.122589,-0.120693,0.802506,0.584310,-0.063476,-0.593647,0.802218),
	CFrame.new(-626.484436,3.275002,-221.341125,0.989968,0.064031,0.125954,-0.130187,0.759812,0.636975,-0.054915,-0.646982,0.760525),
	CFrame.new(-626.484436,3.275002,-221.341125,0.989968,0.064031,0.125954,-0.130187,0.759812,0.636975,-0.054915,-0.646982,0.760525),
	CFrame.new(-626.479126,3.230164,-221.406921,0.989524,0.066517,0.128131,-0.135645,0.732199,0.667446,-0.049421,-0.677835,0.733551),
	CFrame.new(-626.476440,3.207139,-221.440704,0.989290,0.067756,0.129286,-0.138354,0.717546,0.682631,-0.046516,-0.693207,0.719236),
	CFrame.new(-626.475403,3.198656,-221.453156,0.989202,0.068206,0.129718,-0.139336,0.712070,0.688143,-0.045433,-0.698788,0.713885),
	CFrame.new(-626.475403,3.198656,-221.453156,0.989202,0.068205,0.129718,-0.139336,0.712070,0.688143,-0.045433,-0.698788,0.713885),
	CFrame.new(-626.475281,3.197444,-221.454941,0.989190,0.068269,0.129779,-0.139475,0.711284,0.688927,-0.045277,-0.699581,0.713117),
	CFrame.new(-626.475281,3.198937,-221.454865,0.989198,0.068229,0.129741,-0.139388,0.711776,0.688437,-0.045375,-0.699085,0.713597),
	CFrame.new(-626.475281,3.198937,-221.454865,0.989198,0.068230,0.129741,-0.139388,0.711776,0.688437,-0.045375,-0.699085,0.713597),
	CFrame.new(-626.475342,3.209388,-221.454391,0.989252,0.067949,0.129470,-0.138776,0.715206,0.684998,-0.046053,-0.695603,0.716949),
	CFrame.new(-626.475342,3.209388,-221.454391,0.989252,0.067949,0.129470,-0.138776,0.715206,0.684998,-0.046053,-0.695603,0.716949),
	CFrame.new(-626.475403,3.237755,-221.453110,0.989400,0.067180,0.128743,-0.137097,0.724430,0.675578,-0.047880,-0.686067,0.725961),
	CFrame.new(-626.475647,3.292995,-221.450607,0.989682,0.065656,0.127356,-0.133757,0.742027,0.656890,-0.051373,-0.667147,0.743152),
	CFrame.new(-626.475647,3.292995,-221.450607,0.989682,0.065656,0.127356,-0.133757,0.742027,0.656890,-0.051373,-0.667147,0.743152),
	CFrame.new(-626.475952,3.384067,-221.446487,0.990131,0.063064,0.125155,-0.128058,0.769945,0.625129,-0.056939,-0.634986,0.770422),
	CFrame.new(-626.475952,3.384067,-221.446487,0.990131,0.063064,0.125155,-0.128058,0.769945,0.625129,-0.056939,-0.634986,0.770422),
	CFrame.new(-626.546387,3.459201,-220.572433,0.991587,0.052918,0.118133,-0.105515,0.859082,0.500843,-0.074983,-0.509094,0.857438),
	CFrame.new(-626.546387,3.459201,-220.572433,0.991587,0.052918,0.118133,-0.105515,0.859082,0.500843,-0.074983,-0.509094,0.857438),
	CFrame.new(-626.531311,3.331464,-220.759888,0.990500,0.060769,0.123357,-0.122989,0.792753,0.597007,-0.061512,-0.606507,0.792695),
	CFrame.new(-626.522156,3.253983,-220.873581,0.989762,0.065208,0.126962,-0.132775,0.747023,0.651404,-0.052367,-0.661592,0.748033),
	CFrame.new(-626.522156,3.253983,-220.873581,0.989762,0.065208,0.126962,-0.132775,0.747023,0.651404,-0.052367,-0.661592,0.748033),
	CFrame.new(-626.517395,3.214197,-220.931976,0.989362,0.067379,0.128929,-0.137531,0.722071,0.678011,-0.047413,-0.688530,0.723656),
	CFrame.new(-626.517395,3.214197,-220.931976,0.989362,0.067379,0.128929,-0.137531,0.722071,0.678011,-0.047413,-0.688530,0.723656),
	CFrame.new(-626.515686,3.199538,-220.953476,0.989211,0.068159,0.129673,-0.139234,0.712642,0.687572,-0.045546,-0.698209,0.714444),
	CFrame.new(-626.515442,3.197444,-220.956558,0.989190,0.068270,0.129780,-0.139476,0.711284,0.688927,-0.045277,-0.699581,0.713117),
	CFrame.new(-626.515442,3.204356,-220.956238,0.989226,0.068084,0.129600,-0.139071,0.713556,0.686656,-0.045727,-0.697282,0.715337),
	CFrame.new(-626.515442,3.204356,-220.956238,0.989226,0.068084,0.129600,-0.139071,0.713556,0.686656,-0.045727,-0.697282,0.715337),
	CFrame.new(-626.515625,3.252740,-220.954056,0.989477,0.066771,0.128363,-0.136200,0.729251,0.670553,-0.048836,-0.680980,0.730672),
	CFrame.new(-626.515625,3.252740,-220.954056,0.989477,0.066771,0.128363,-0.136200,0.729251,0.670553,-0.048836,-0.680980,0.730672),
	CFrame.new(-626.516113,3.384067,-220.948105,0.990131,0.063064,0.125155,-0.128058,0.769945,0.625129,-0.056939,-0.634986,0.770422),
	CFrame.new(-626.516113,3.384067,-220.948105,0.990131,0.063064,0.125155,-0.128058,0.769945,0.625129,-0.056939,-0.634986,0.770422),
	CFrame.new(-626.063477,3.672686,-227.215836,0.811018,0.044368,0.583336,-0.130752,0.985644,0.106818,-0.570222,-0.162904,0.805176),
	CFrame.new(-626.063477,3.672686,-227.215836,0.811018,0.044368,0.583336,-0.130752,0.985644,0.106818,-0.570222,-0.162904,0.805176),
	CFrame.new(-626.055054,3.539254,-227.320282,0.810614,0.047164,0.583678,-0.153099,0.979151,0.133505,-0.565212,-0.197581,0.800935),
	CFrame.new(-626.055054,3.539254,-227.320282,0.810614,0.047164,0.583678,-0.153099,0.979151,0.133505,-0.565212,-0.197581,0.800935),
	CFrame.new(-626.055054,3.539254,-227.320282,0.810614,0.047164,0.583678,-0.153099,0.979151,0.133505,-0.565212,-0.197581,0.800935),
	CFrame.new(-626.050415,3.465876,-227.377716,0.810366,0.048693,0.583898,-0.165309,0.975057,0.148112,-0.562122,-0.216548,0.798202),
	CFrame.new(-626.050415,3.465876,-227.377716,0.810366,0.048693,0.583898,-0.165309,0.975057,0.148112,-0.562122,-0.216548,0.798202),
	CFrame.new(-626.048218,3.431076,-227.404953,0.810241,0.049416,0.584010,-0.171077,0.972986,0.155020,-0.560573,-0.225514,0.796807),
	CFrame.new(-626.048218,3.431076,-227.404953,0.810241,0.049416,0.584010,-0.171077,0.972986,0.155020,-0.560573,-0.225514,0.796807),
	CFrame.new(-626.047424,3.418150,-227.415070,0.810193,0.049683,0.584053,-0.173216,0.972196,0.157582,-0.559985,-0.228839,0.796272),
	CFrame.new(-626.047424,3.418150,-227.415070,0.810193,0.049683,0.584053,-0.173216,0.972196,0.157582,-0.559985,-0.228839,0.796272),
	CFrame.new(-626.047241,3.415168,-227.417404,0.810183,0.049745,0.584063,-0.173709,0.972012,0.158173,-0.559847,-0.229606,0.796148),
	CFrame.new(-626.047241,3.414969,-227.417557,0.810182,0.049749,0.584064,-0.173742,0.971999,0.158212,-0.559839,-0.229657,0.796140),
	CFrame.new(-626.047241,3.414969,-227.417557,0.810182,0.049749,0.584064,-0.173742,0.971999,0.158212,-0.559839,-0.229657,0.796140),
	CFrame.new(-626.048035,3.415968,-227.407593,0.809767,0.052178,0.584427,-0.174474,0.972397,0.154929,-0.560211,-0.227424,0.796519),
	CFrame.new(-626.048035,3.415968,-227.407593,0.809767,0.052178,0.584427,-0.174474,0.972397,0.154929,-0.560211,-0.227424,0.796519),
	CFrame.new(-626.049805,3.422967,-227.385666,0.809138,0.055905,0.584953,-0.173102,0.973968,0.146360,-0.561544,-0.219682,0.797752),
	CFrame.new(-626.051575,3.441962,-227.363754,0.809229,0.055590,0.584858,-0.164265,0.977217,0.134400,-0.564062,-0.204832,0.799924),
	CFrame.new(-626.051575,3.441962,-227.363754,0.809229,0.055590,0.584858,-0.164265,0.977217,0.134400,-0.564062,-0.204832,0.799924),
	CFrame.new(-626.052368,3.478954,-227.353790,0.810814,0.045842,0.583506,-0.142535,0.982380,0.120882,-0.567684,-0.181183,0.803062),
	CFrame.new(-626.052368,3.478954,-227.353790,0.810814,0.045842,0.583506,-0.142535,0.982380,0.120882,-0.567684,-0.181183,0.803062),
	CFrame.new(-626.145569,3.570892,-225.545609,0.995259,0.007570,-0.096963,0.007265,0.988394,0.151735,0.096986,-0.151720,0.983654),
	CFrame.new(-626.145569,3.570892,-225.545609,0.995259,0.007570,-0.096963,0.007265,0.988394,0.151735,0.096986,-0.151720,0.983654),
	CFrame.new(-626.152954,3.613766,-225.453888,0.995236,0.004214,-0.097406,0.006555,0.993913,0.109972,0.097277,-0.110086,0.989150),
	CFrame.new(-626.152954,3.613766,-225.453888,0.995236,0.004214,-0.097406,0.006555,0.993913,0.109972,0.097277,-0.110086,0.989150),
	CFrame.new(-626.157043,3.637343,-225.403442,0.995224,0.002361,-0.097590,0.006159,0.996197,0.086915,0.097424,-0.087101,0.991424),
	CFrame.new(-626.157043,3.637343,-225.403442,0.995224,0.002362,-0.097590,0.006159,0.996197,0.086915,0.097424,-0.087101,0.991424),
	CFrame.new(-626.158936,3.648525,-225.379517,0.995219,0.001482,-0.097662,0.005970,0.997093,0.075965,0.097491,-0.076185,0.992316),
	CFrame.new(-626.158936,3.648525,-225.379517,0.995219,0.001482,-0.097662,0.005970,0.997093,0.075965,0.097491,-0.076185,0.992316),
	CFrame.new(-626.159668,3.652678,-225.370636,0.995217,0.001155,-0.097686,0.005900,0.997395,0.071896,0.097515,-0.072129,0.992617),
	CFrame.new(-626.159851,3.653637,-225.368576,0.995216,0.001079,-0.097692,0.005884,0.997462,0.070957,0.097521,-0.071192,0.992684),
	CFrame.new(-626.159851,3.653637,-225.368576,0.995216,0.001079,-0.097692,0.005884,0.997462,0.070957,0.097521,-0.071192,0.992684),
	CFrame.new(-626.159851,3.653701,-225.368439,0.995216,0.001074,-0.097692,0.005883,0.997466,0.070895,0.097521,-0.071130,0.992688),
	CFrame.new(-626.159851,3.653701,-225.368439,0.995216,0.001074,-0.097692,0.005883,0.997466,0.070895,0.097521,-0.071130,0.992688),
	CFrame.new(-626.159302,3.653464,-225.375519,0.995207,0.001529,-0.097776,0.005984,0.997052,0.076493,0.097605,-0.076712,0.992264),
	CFrame.new(-626.159302,3.653464,-225.375519,0.995207,0.001529,-0.097776,0.005984,0.997052,0.076493,0.097605,-0.076712,0.992264),
	CFrame.new(-626.158020,3.651807,-225.391098,0.995194,0.002528,-0.097890,0.006205,0.996030,0.088803,0.097726,-0.088984,0.991227),
	CFrame.new(-626.158020,3.651807,-225.391098,0.995194,0.002528,-0.097890,0.006205,0.996030,0.088803,0.097726,-0.088984,0.991227),
	CFrame.new(-626.156799,3.647310,-225.406662,0.995196,0.003521,-0.097835,0.006420,0.994855,0.101106,0.097688,-0.101248,0.990054),
	CFrame.new(-626.156799,3.647310,-225.406662,0.995196,0.003521,-0.097835,0.006420,0.994855,0.101106,0.097688,-0.101248,0.990054),
	CFrame.new(-626.156189,3.638553,-225.413742,0.995234,0.003953,-0.097435,0.006499,0.994269,0.106714,0.097298,-0.106838,0.989504),
	CFrame.new(-626.156189,3.638553,-225.413742,0.995234,0.003953,-0.097435,0.006499,0.994269,0.106714,0.097298,-0.106838,0.989504),
	CFrame.new(-626.357910,3.414363,-222.910950,0.904963,0.131418,0.404686,-0.092607,0.989141,-0.114124,-0.415290,0.065801,0.907306),
	CFrame.new(-626.357910,3.414363,-222.910950,0.904963,0.131418,0.404686,-0.092607,0.989141,-0.114124,-0.415290,0.065801,0.907306),
	CFrame.new(-626.356262,3.384203,-222.931580,0.907639,0.127626,0.399880,-0.100346,0.991006,-0.088528,-0.407582,0.040225,0.912282),
	CFrame.new(-626.356262,3.384203,-222.931580,0.907639,0.127626,0.399880,-0.100346,0.991006,-0.088528,-0.407582,0.040225,0.912282),
	CFrame.new(-626.355225,3.365909,-222.944092,0.909253,0.125395,0.396906,-0.104935,0.991800,-0.072949,-0.402799,0.024680,0.914956),
	CFrame.new(-626.355225,3.365909,-222.944092,0.909253,0.125395,0.396906,-0.104935,0.991800,-0.072949,-0.402799,0.024680,0.914956),
	CFrame.new(-626.354736,3.356515,-222.950516,0.910080,0.124269,0.395364,-0.107260,0.992108,-0.064936,-0.400313,0.016690,0.916226),
	CFrame.new(-626.354736,3.356515,-222.950516,0.910080,0.124269,0.395364,-0.107260,0.992108,-0.064936,-0.400313,0.016690,0.916226),
	CFrame.new(-626.354553,3.353054,-222.952881,0.910384,0.123858,0.394792,-0.108111,0.992205,-0.061982,-0.399392,0.013746,0.916677),
	CFrame.new(-626.354553,3.353054,-222.952881,0.910384,0.123858,0.394792,-0.108111,0.992205,-0.061982,-0.399392,0.013746,0.916677),
	CFrame.new(-626.354492,3.352559,-222.953232,0.910427,0.123799,0.394711,-0.108232,0.992218,-0.061560,-0.399260,0.013325,0.916741),
	CFrame.new(-626.354492,3.352559,-222.953232,0.910427,0.123799,0.394711,-0.108232,0.992218,-0.061560,-0.399260,0.013325,0.916741),
	CFrame.new(-626.354553,3.353054,-222.953125,0.910382,0.123881,0.394789,-0.108243,0.992206,-0.061738,-0.399360,0.013472,0.916695),
	CFrame.new(-626.354553,3.353054,-222.953125,0.910382,0.123882,0.394789,-0.108243,0.992206,-0.061738,-0.399360,0.013472,0.916695),
	CFrame.new(-626.354553,3.356515,-222.952454,0.910064,0.124458,0.395340,-0.108320,0.992119,-0.062982,-0.400063,0.014494,0.916373),
	CFrame.new(-626.354553,3.356515,-222.952454,0.910064,0.124458,0.395340,-0.108320,0.992119,-0.062982,-0.400063,0.014494,0.916373),
	CFrame.new(-626.354736,3.365909,-222.950623,0.909199,0.126026,0.396830,-0.108522,0.991877,-0.066359,-0.401970,0.017268,0.915490),
	CFrame.new(-626.354736,3.365909,-222.950623,0.909199,0.126025,0.396830,-0.108522,0.991877,-0.066359,-0.401970,0.017268,0.915490),
	CFrame.new(-626.355042,3.384203,-222.947037,0.907504,0.129091,0.399714,-0.108897,0.991374,-0.072934,-0.405681,0.022661,0.913734),
	CFrame.new(-626.355042,3.384203,-222.947037,0.907504,0.129091,0.399714,-0.108897,0.991374,-0.072934,-0.405681,0.022661,0.913734),
	CFrame.new(-626.355469,3.414363,-222.941147,0.904681,0.134181,0.404410,-0.109456,0.990455,-0.083771,-0.411791,0.031521,0.910733),
	CFrame.new(-626.355469,3.414363,-222.941147,0.904681,0.134181,0.404410,-0.109456,0.990455,-0.083771,-0.411791,0.031521,0.910733),
	CFrame.new(-626.506226,3.459201,-221.070816,0.991587,0.052918,0.118133,-0.105515,0.859082,0.500843,-0.074983,-0.509094,0.857438),
	CFrame.new(-626.506226,3.459201,-221.070816,0.991587,0.052918,0.118133,-0.105515,0.859082,0.500843,-0.074983,-0.509094,0.857438),
	CFrame.new(-626.491150,3.331464,-221.258270,0.990500,0.060769,0.123358,-0.122989,0.792753,0.597007,-0.061512,-0.606507,0.792695),
	CFrame.new(-626.491150,3.331464,-221.258270,0.990500,0.060769,0.123358,-0.122989,0.792753,0.597007,-0.061512,-0.606507,0.792695),
	CFrame.new(-626.481934,3.253983,-221.371964,0.989762,0.065208,0.126962,-0.132775,0.747023,0.651404,-0.052367,-0.661592,0.748033),
	CFrame.new(-626.481934,3.253983,-221.371964,0.989762,0.065208,0.126962,-0.132775,0.747023,0.651404,-0.052367,-0.661592,0.748033),
	CFrame.new(-626.477234,3.214197,-221.430359,0.989362,0.067379,0.128929,-0.137531,0.722071,0.678011,-0.047413,-0.688530,0.723656),
	CFrame.new(-626.477234,3.214197,-221.430359,0.989362,0.067379,0.128929,-0.137531,0.722071,0.678011,-0.047413,-0.688530,0.723656),
	CFrame.new(-626.475525,3.199538,-221.451859,0.989211,0.068159,0.129673,-0.139234,0.712642,0.687572,-0.045546,-0.698209,0.714444),
	CFrame.new(-626.475525,3.199538,-221.451859,0.989211,0.068159,0.129673,-0.139234,0.712642,0.687572,-0.045546,-0.698209,0.714444),
	CFrame.new(-626.475281,3.197444,-221.454941,0.989190,0.068269,0.129779,-0.139475,0.711284,0.688927,-0.045277,-0.699581,0.713117),
	CFrame.new(-626.475281,3.197444,-221.454941,0.989190,0.068269,0.129779,-0.139475,0.711284,0.688927,-0.045277,-0.699581,0.713117),
	CFrame.new(-626.475281,3.198937,-221.454865,0.989198,0.068230,0.129741,-0.139388,0.711776,0.688437,-0.045375,-0.699085,0.713597),
	CFrame.new(-626.475281,3.198937,-221.454865,0.989198,0.068230,0.129741,-0.139388,0.711776,0.688437,-0.045375,-0.699085,0.713597),
	CFrame.new(-626.475342,3.209388,-221.454391,0.989252,0.067949,0.129470,-0.138776,0.715206,0.684998,-0.046053,-0.695603,0.716949),
	CFrame.new(-626.475342,3.209388,-221.454391,0.989252,0.067949,0.129470,-0.138776,0.715206,0.684998,-0.046053,-0.695603,0.716949),
	CFrame.new(-626.475403,3.237755,-221.453110,0.989400,0.067180,0.128743,-0.137097,0.724430,0.675578,-0.047880,-0.686067,0.725961),
	CFrame.new(-626.475403,3.237755,-221.453110,0.989400,0.067180,0.128743,-0.137097,0.724430,0.675578,-0.047880,-0.686067,0.725961),
	CFrame.new(-626.475647,3.292995,-221.450607,0.989682,0.065656,0.127356,-0.133757,0.742027,0.656890,-0.051373,-0.667147,0.743152),
	CFrame.new(-626.475647,3.292995,-221.450607,0.989682,0.065656,0.127356,-0.133757,0.742027,0.656890,-0.051373,-0.667147,0.743152),
	CFrame.new(-626.475952,3.384067,-221.446487,0.990131,0.063064,0.125155,-0.128058,0.769945,0.625129,-0.056939,-0.634986,0.770422),
	CFrame.new(-626.475952,3.384067,-221.446487,0.990131,0.063064,0.125155,-0.128058,0.769945,0.625129,-0.056939,-0.634986,0.770422),
	CFrame.new(-626.063477,3.672686,-227.215836,0.811018,0.044368,0.583336,-0.130752,0.985644,0.106818,-0.570222,-0.162904,0.805176),
	CFrame.new(-626.055054,3.539254,-227.320282,0.810614,0.047164,0.583678,-0.153099,0.979151,0.133505,-0.565212,-0.197581,0.800935),
	CFrame.new(-626.055054,3.539254,-227.320282,0.810614,0.047164,0.583678,-0.153099,0.979151,0.133505,-0.565212,-0.197581,0.800935),
	CFrame.new(-626.050415,3.465876,-227.377716,0.810366,0.048693,0.583898,-0.165309,0.975057,0.148112,-0.562122,-0.216548,0.798202),
	CFrame.new(-626.050415,3.465876,-227.377716,0.810366,0.048693,0.583898,-0.165309,0.975057,0.148112,-0.562122,-0.216548,0.798202),
	CFrame.new(-626.048218,3.431076,-227.404953,0.810241,0.049416,0.584010,-0.171077,0.972986,0.155020,-0.560573,-0.225514,0.796807),
	CFrame.new(-626.047424,3.418150,-227.415070,0.810193,0.049684,0.584053,-0.173216,0.972196,0.157582,-0.559985,-0.228839,0.796272),
	CFrame.new(-626.047241,3.415168,-227.417404,0.810183,0.049745,0.584063,-0.173709,0.972012,0.158173,-0.559847,-0.229606,0.796148),
	CFrame.new(-626.047241,3.415168,-227.417404,0.810183,0.049745,0.584063,-0.173709,0.972012,0.158173,-0.559847,-0.229606,0.796148),
	CFrame.new(-626.047241,3.414969,-227.417557,0.810182,0.049749,0.584064,-0.173742,0.971999,0.158212,-0.559839,-0.229657,0.796140),
	CFrame.new(-626.047241,3.414969,-227.417557,0.810182,0.049749,0.584064,-0.173742,0.971999,0.158212,-0.559839,-0.229657,0.796140),
	CFrame.new(-626.047791,3.415481,-227.410934,0.809897,0.051418,0.584315,-0.174324,0.972241,0.156070,-0.560070,-0.228261,0.796378),
	CFrame.new(-626.047791,3.415481,-227.410934,0.809897,0.051418,0.584315,-0.174324,0.972241,0.156070,-0.560070,-0.228261,0.796378),
	CFrame.new(-626.049011,3.419064,-227.395111,0.809355,0.054600,0.584776,-0.174245,0.973164,0.150300,-0.560877,-0.223540,0.797149),
	CFrame.new(-626.049011,3.419064,-227.395111,0.809355,0.054600,0.584776,-0.174245,0.973164,0.150300,-0.560877,-0.223540,0.797149),
	CFrame.new(-626.050537,3.428790,-227.376236,0.809037,0.056563,0.585029,-0.170764,0.975044,0.141878,-0.562404,-0.214687,0.798506),
	CFrame.new(-626.050537,3.428790,-227.376236,0.809037,0.056563,0.585029,-0.170764,0.975044,0.141878,-0.562404,-0.214687,0.798506),
	CFrame.new(-626.051819,3.447729,-227.360413,0.809408,0.054569,0.584706,-0.161127,0.978098,0.131764,-0.564709,-0.200863,0.800473),
	CFrame.new(-626.051819,3.447729,-227.360413,0.809408,0.054569,0.584706,-0.161127,0.978098,0.131764,-0.564709,-0.200863,0.800473),
	CFrame.new(-626.052368,3.478954,-227.353790,0.810814,0.045842,0.583506,-0.142536,0.982380,0.120882,-0.567684,-0.181183,0.803062),
	CFrame.new(-626.052368,3.478954,-227.353790,0.810814,0.045842,0.583506,-0.142536,0.982380,0.120882,-0.567684,-0.181183,0.803062),
	CFrame.new(-626.145569,3.570892,-225.545609,0.995259,0.007570,-0.096963,0.007265,0.988394,0.151735,0.096986,-0.151720,0.983654),
	CFrame.new(-626.152954,3.613766,-225.453888,0.995236,0.004214,-0.097406,0.006555,0.993913,0.109972,0.097277,-0.110086,0.989150),
	CFrame.new(-626.152954,3.613766,-225.453888,0.995236,0.004214,-0.097406,0.006555,0.993913,0.109972,0.097277,-0.110086,0.989150),
	CFrame.new(-626.157043,3.637343,-225.403442,0.995224,0.002361,-0.097590,0.006159,0.996197,0.086915,0.097424,-0.087101,0.991424),
	CFrame.new(-626.157043,3.637343,-225.403442,0.995224,0.002361,-0.097590,0.006159,0.996197,0.086915,0.097424,-0.087101,0.991424),
	CFrame.new(-626.158936,3.648525,-225.379517,0.995219,0.001482,-0.097662,0.005970,0.997093,0.075965,0.097491,-0.076185,0.992316),
	CFrame.new(-626.158936,3.648525,-225.379517,0.995219,0.001482,-0.097662,0.005970,0.997093,0.075965,0.097491,-0.076185,0.992316),
	CFrame.new(-626.159668,3.652678,-225.370636,0.995217,0.001155,-0.097687,0.005900,0.997395,0.071896,0.097515,-0.072129,0.992617),
	CFrame.new(-626.159668,3.652678,-225.370636,0.995217,0.001155,-0.097687,0.005900,0.997395,0.071896,0.097515,-0.072129,0.992617),
	CFrame.new(-626.159851,3.653637,-225.368576,0.995216,0.001079,-0.097692,0.005884,0.997462,0.070957,0.097521,-0.071192,0.992684),
	CFrame.new(-626.159851,3.653637,-225.368576,0.995216,0.001079,-0.097692,0.005884,0.997462,0.070957,0.097521,-0.071192,0.992684),
	CFrame.new(-626.159851,3.653701,-225.368439,0.995216,0.001074,-0.097692,0.005882,0.997466,0.070895,0.097521,-0.071130,0.992688),
	CFrame.new(-626.159851,3.653701,-225.368439,0.995216,0.001074,-0.097692,0.005882,0.997466,0.070895,0.097521,-0.071130,0.992688),
	CFrame.new(-626.159302,3.653464,-225.375519,0.995207,0.001529,-0.097776,0.005983,0.997052,0.076493,0.097605,-0.076712,0.992264),
	CFrame.new(-626.159302,3.653464,-225.375519,0.995207,0.001529,-0.097776,0.005984,0.997052,0.076493,0.097605,-0.076712,0.992264),
	CFrame.new(-626.158020,3.651807,-225.391098,0.995194,0.002528,-0.097890,0.006205,0.996030,0.088803,0.097726,-0.088984,0.991227),
	CFrame.new(-626.158020,3.651807,-225.391098,0.995194,0.002528,-0.097890,0.006205,0.996030,0.088803,0.097726,-0.088984,0.991227),
	CFrame.new(-626.156799,3.647310,-225.406662,0.995196,0.003521,-0.097835,0.006420,0.994855,0.101106,0.097688,-0.101248,0.990054),
	CFrame.new(-626.156799,3.647310,-225.406662,0.995196,0.003521,-0.097835,0.006420,0.994855,0.101106,0.097688,-0.101248,0.990054),
	CFrame.new(-626.156189,3.638553,-225.413742,0.995234,0.003952,-0.097435,0.006499,0.994269,0.106714,0.097298,-0.106838,0.989504),
	CFrame.new(-626.156189,3.638553,-225.413742,0.995234,0.003952,-0.097435,0.006499,0.994269,0.106714,0.097298,-0.106838,0.989504),
	CFrame.new(-626.357910,3.414363,-222.910950,0.904963,0.131418,0.404686,-0.092607,0.989141,-0.114124,-0.415290,0.065801,0.907306),
	CFrame.new(-626.357910,3.414363,-222.910950,0.904963,0.131418,0.404686,-0.092607,0.989141,-0.114124,-0.415290,0.065801,0.907306),
	CFrame.new(-626.356262,3.384203,-222.931580,0.907639,0.127626,0.399880,-0.100346,0.991006,-0.088528,-0.407582,0.040225,0.912282),
	CFrame.new(-626.356262,3.384203,-222.931580,0.907639,0.127626,0.399880,-0.100346,0.991006,-0.088528,-0.407582,0.040225,0.912282),
	CFrame.new(-626.355225,3.365909,-222.944092,0.909253,0.125395,0.396906,-0.104935,0.991800,-0.072949,-0.402799,0.024680,0.914956),
	CFrame.new(-626.355225,3.365909,-222.944092,0.909253,0.125395,0.396906,-0.104935,0.991800,-0.072949,-0.402799,0.024680,0.914956),
	CFrame.new(-626.354736,3.356515,-222.950516,0.910080,0.124269,0.395364,-0.107260,0.992108,-0.064936,-0.400313,0.016690,0.916226),
	CFrame.new(-626.354553,3.353054,-222.952881,0.910384,0.123858,0.394792,-0.108111,0.992205,-0.061982,-0.399392,0.013746,0.916677),
	CFrame.new(-626.354553,3.353054,-222.952881,0.910384,0.123858,0.394792,-0.108111,0.992205,-0.061982,-0.399392,0.013746,0.916677),
	CFrame.new(-626.354492,3.352559,-222.953232,0.910427,0.123799,0.394711,-0.108232,0.992218,-0.061560,-0.399260,0.013325,0.916741),
	CFrame.new(-626.354492,3.352559,-222.953232,0.910427,0.123799,0.394711,-0.108232,0.992218,-0.061560,-0.399260,0.013325,0.916741),
	CFrame.new(-626.354553,3.353054,-222.953125,0.910382,0.123881,0.394789,-0.108243,0.992206,-0.061738,-0.399360,0.013471,0.916695),
	CFrame.new(-626.354553,3.353054,-222.953125,0.910382,0.123881,0.394789,-0.108243,0.992206,-0.061738,-0.399360,0.013472,0.916695),
	CFrame.new(-626.354553,3.356515,-222.952454,0.910064,0.124458,0.395340,-0.108320,0.992119,-0.062982,-0.400063,0.014494,0.916373),
	CFrame.new(-626.354736,3.365909,-222.950623,0.909199,0.126026,0.396830,-0.108522,0.991877,-0.066359,-0.401970,0.017268,0.915490),
	CFrame.new(-626.354736,3.365909,-222.950623,0.909199,0.126026,0.396830,-0.108523,0.991877,-0.066359,-0.401970,0.017268,0.915490),
	CFrame.new(-626.355042,3.384203,-222.947037,0.907504,0.129091,0.399714,-0.108897,0.991374,-0.072935,-0.405681,0.022661,0.913734),
	CFrame.new(-626.355042,3.384203,-222.947037,0.907504,0.129091,0.399714,-0.108897,0.991374,-0.072934,-0.405681,0.022661,0.913734),
	CFrame.new(-626.355469,3.414363,-222.941147,0.904681,0.134181,0.404410,-0.109456,0.990455,-0.083771,-0.411791,0.031521,0.910733),
	CFrame.new(-626.355469,3.414363,-222.941147,0.904681,0.134181,0.404410,-0.109456,0.990455,-0.083771,-0.411791,0.031521,0.910733),
	CFrame.new(-626.506226,3.459201,-221.070816,0.991587,0.052918,0.118133,-0.105515,0.859082,0.500843,-0.074983,-0.509094,0.857438),
	CFrame.new(-626.491150,3.331464,-221.258270,0.990500,0.060769,0.123357,-0.122989,0.792753,0.597007,-0.061512,-0.606507,0.792695),
	CFrame.new(-626.491150,3.331464,-221.258270,0.990500,0.060769,0.123357,-0.122989,0.792753,0.597007,-0.061512,-0.606507,0.792695),
	CFrame.new(-626.481934,3.253983,-221.371964,0.989762,0.065208,0.126962,-0.132775,0.747023,0.651404,-0.052367,-0.661592,0.748033),
	CFrame.new(-626.477234,3.214197,-221.430359,0.989362,0.067379,0.128929,-0.137531,0.722071,0.678011,-0.047413,-0.688530,0.723656),
	CFrame.new(-626.475525,3.199538,-221.451859,0.989211,0.068159,0.129673,-0.139234,0.712642,0.687572,-0.045546,-0.698209,0.714444),
	CFrame.new(-626.475525,3.199538,-221.451859,0.989211,0.068159,0.129673,-0.139235,0.712642,0.687572,-0.045546,-0.698209,0.714444),
	CFrame.new(-626.475281,3.197444,-221.454941,0.989190,0.068269,0.129780,-0.139475,0.711284,0.688927,-0.045277,-0.699581,0.713117),
	CFrame.new(-626.475281,3.198937,-221.454865,0.989198,0.068230,0.129741,-0.139388,0.711776,0.688437,-0.045375,-0.699085,0.713597),
	CFrame.new(-626.475342,3.209388,-221.454391,0.989252,0.067949,0.129470,-0.138776,0.715206,0.684998,-0.046053,-0.695603,0.716949),
	CFrame.new(-626.475403,3.237755,-221.453110,0.989400,0.067180,0.128743,-0.137097,0.724430,0.675578,-0.047880,-0.686067,0.725961),
	CFrame.new(-626.475403,3.237755,-221.453110,0.989400,0.067180,0.128743,-0.137097,0.724430,0.675578,-0.047880,-0.686067,0.725961),
	CFrame.new(-626.475647,3.292995,-221.450607,0.989682,0.065656,0.127356,-0.133757,0.742027,0.656890,-0.051373,-0.667147,0.743152),
	CFrame.new(-626.475952,3.384067,-221.446487,0.990131,0.063064,0.125155,-0.128058,0.769945,0.625129,-0.056939,-0.634986,0.770422),
	CFrame.new(-626.475952,3.384067,-221.446487,0.990131,0.063064,0.125155,-0.128058,0.769945,0.625129,-0.056939,-0.634986,0.770422),
	CFrame.new(-626.063477,3.672686,-227.215836,0.811018,0.044368,0.583336,-0.130752,0.985644,0.106818,-0.570222,-0.162904,0.805176),
	CFrame.new(-626.055054,3.539254,-227.320282,0.810614,0.047164,0.583678,-0.153099,0.979151,0.133505,-0.565212,-0.197581,0.800935),
	CFrame.new(-626.050415,3.465876,-227.377716,0.810366,0.048693,0.583898,-0.165309,0.975057,0.148112,-0.562122,-0.216548,0.798202),
	CFrame.new(-626.050415,3.465876,-227.377716,0.810366,0.048693,0.583898,-0.165309,0.975057,0.148112,-0.562122,-0.216548,0.798202),
	CFrame.new(-626.048218,3.431076,-227.404953,0.810241,0.049415,0.584010,-0.171077,0.972986,0.155020,-0.560573,-0.225514,0.796807),
	CFrame.new(-626.048218,3.431076,-227.404953,0.810241,0.049415,0.584010,-0.171077,0.972986,0.155020,-0.560573,-0.225514,0.796807),
	CFrame.new(-626.047424,3.418150,-227.415070,0.810193,0.049683,0.584053,-0.173216,0.972196,0.157582,-0.559985,-0.228839,0.796272),
	CFrame.new(-626.047424,3.418150,-227.415070,0.810193,0.049683,0.584053,-0.173216,0.972196,0.157582,-0.559985,-0.228839,0.796272),
	CFrame.new(-626.047241,3.415168,-227.417404,0.810183,0.049745,0.584063,-0.173709,0.972012,0.158173,-0.559847,-0.229606,0.796148),
	CFrame.new(-626.047241,3.415168,-227.417404,0.810183,0.049745,0.584063,-0.173709,0.972012,0.158173,-0.559847,-0.229606,0.796148),
	CFrame.new(-626.047241,3.414969,-227.417557,0.810182,0.049750,0.584064,-0.173742,0.971999,0.158212,-0.559839,-0.229657,0.796140),
	CFrame.new(-626.047791,3.415481,-227.410934,0.809897,0.051418,0.584315,-0.174324,0.972241,0.156070,-0.560070,-0.228261,0.796378),
	CFrame.new(-626.049011,3.419064,-227.395111,0.809355,0.054600,0.584776,-0.174245,0.973164,0.150300,-0.560877,-0.223540,0.797149),
	CFrame.new(-626.049011,3.419064,-227.395111,0.809355,0.054600,0.584776,-0.174245,0.973164,0.150300,-0.560877,-0.223540,0.797149),
	CFrame.new(-626.050537,3.428790,-227.376236,0.809037,0.056563,0.585029,-0.170764,0.975044,0.141878,-0.562404,-0.214687,0.798506),
	CFrame.new(-626.051819,3.447729,-227.360413,0.809408,0.054569,0.584705,-0.161127,0.978098,0.131765,-0.564709,-0.200863,0.800473),
	CFrame.new(-626.051819,3.447729,-227.360413,0.809408,0.054569,0.584705,-0.161127,0.978098,0.131764,-0.564709,-0.200863,0.800473),
	CFrame.new(-626.052368,3.478954,-227.353790,0.810814,0.045842,0.583506,-0.142535,0.982380,0.120882,-0.567684,-0.181183,0.803062),
	CFrame.new(-626.052368,3.478954,-227.353790,0.810814,0.045842,0.583506,-0.142535,0.982380,0.120882,-0.567684,-0.181183,0.803062),
	CFrame.new(-626.145569,3.570892,-225.545609,0.995259,0.007570,-0.096963,0.007265,0.988394,0.151735,0.096986,-0.151720,0.983654),
	CFrame.new(-626.145569,3.570892,-225.545609,0.995259,0.007570,-0.096963,0.007265,0.988394,0.151735,0.096986,-0.151720,0.983654),
	CFrame.new(-626.152954,3.613766,-225.453888,0.995236,0.004214,-0.097406,0.006554,0.993913,0.109972,0.097277,-0.110086,0.989150),
	CFrame.new(-626.157043,3.637343,-225.403442,0.995224,0.002362,-0.097590,0.006159,0.996197,0.086915,0.097424,-0.087101,0.991424),
	CFrame.new(-626.158936,3.648525,-225.379517,0.995219,0.001482,-0.097662,0.005970,0.997093,0.075965,0.097491,-0.076185,0.992316),
	CFrame.new(-626.159668,3.652678,-225.370636,0.995217,0.001155,-0.097687,0.005900,0.997395,0.071896,0.097515,-0.072129,0.992617),
	CFrame.new(-626.159851,3.653637,-225.368576,0.995216,0.001079,-0.097692,0.005884,0.997462,0.070957,0.097521,-0.071192,0.992684),
	CFrame.new(-626.159302,3.653464,-225.375519,0.995207,0.001529,-0.097776,0.005983,0.997052,0.076493,0.097605,-0.076712,0.992264),
	CFrame.new(-626.159302,3.653464,-225.375519,0.995207,0.001529,-0.097776,0.005983,0.997052,0.076493,0.097605,-0.076712,0.992264),
	CFrame.new(-626.158020,3.651807,-225.391098,0.995194,0.002528,-0.097890,0.006205,0.996030,0.088803,0.097726,-0.088984,0.991227),
	CFrame.new(-626.156799,3.647310,-225.406662,0.995196,0.003521,-0.097835,0.006420,0.994855,0.101106,0.097688,-0.101248,0.990054),
	CFrame.new(-626.156799,3.647310,-225.406662,0.995196,0.003521,-0.097835,0.006420,0.994855,0.101106,0.097688,-0.101248,0.990054),
	CFrame.new(-626.156189,3.638553,-225.413742,0.995234,0.003952,-0.097435,0.006499,0.994269,0.106714,0.097298,-0.106838,0.989504),
	CFrame.new(-626.357910,3.414363,-222.910950,0.904963,0.131417,0.404686,-0.092607,0.989141,-0.114124,-0.415290,0.065801,0.907306),
	CFrame.new(-626.357910,3.414363,-222.910950,0.904963,0.131417,0.404686,-0.092607,0.989141,-0.114124,-0.415290,0.065801,0.907306),
	CFrame.new(-626.356262,3.384203,-222.931580,0.907639,0.127626,0.399880,-0.100346,0.991006,-0.088528,-0.407582,0.040225,0.912282),
	CFrame.new(-626.356262,3.384203,-222.931580,0.907639,0.127626,0.399880,-0.100346,0.991006,-0.088528,-0.407582,0.040225,0.912282),
	CFrame.new(-626.355225,3.365909,-222.944092,0.909253,0.125395,0.396906,-0.104935,0.991800,-0.072949,-0.402799,0.024680,0.914956),
	CFrame.new(-626.355225,3.365909,-222.944092,0.909253,0.125395,0.396906,-0.104935,0.991800,-0.072949,-0.402799,0.024680,0.914956),
	CFrame.new(-626.354736,3.356515,-222.950516,0.910080,0.124269,0.395364,-0.107260,0.992108,-0.064936,-0.400313,0.016690,0.916226),
	CFrame.new(-626.354553,3.353054,-222.952881,0.910384,0.123858,0.394792,-0.108111,0.992205,-0.061982,-0.399392,0.013746,0.916677),
	CFrame.new(-626.354553,3.353054,-222.952881,0.910384,0.123858,0.394792,-0.108111,0.992205,-0.061982,-0.399392,0.013746,0.916677),
	CFrame.new(-626.354492,3.352559,-222.953232,0.910427,0.123799,0.394711,-0.108232,0.992218,-0.061560,-0.399260,0.013325,0.916741),
	CFrame.new(-626.354492,3.352559,-222.953232,0.910427,0.123799,0.394711,-0.108232,0.992218,-0.061560,-0.399260,0.013325,0.916741),
	CFrame.new(-626.354553,3.353054,-222.953125,0.910382,0.123881,0.394789,-0.108243,0.992206,-0.061737,-0.399360,0.013471,0.916695),
	CFrame.new(-626.354553,3.353054,-222.953125,0.910382,0.123881,0.394789,-0.108243,0.992206,-0.061737,-0.399360,0.013471,0.916695),
	CFrame.new(-626.354553,3.356515,-222.952454,0.910064,0.124458,0.395340,-0.108320,0.992119,-0.062982,-0.400063,0.014494,0.916373),
	CFrame.new(-626.354553,3.356515,-222.952454,0.910064,0.124458,0.395340,-0.108320,0.992119,-0.062982,-0.400063,0.014494,0.916373),
	CFrame.new(-626.354736,3.365909,-222.950623,0.909199,0.126026,0.396830,-0.108522,0.991877,-0.066359,-0.401970,0.017268,0.915490),
	CFrame.new(-626.354736,3.365909,-222.950623,0.909199,0.126026,0.396830,-0.108522,0.991877,-0.066359,-0.401970,0.017268,0.915490),
	CFrame.new(-626.355042,3.384203,-222.947037,0.907504,0.129091,0.399714,-0.108897,0.991374,-0.072935,-0.405681,0.022661,0.913734),
	CFrame.new(-626.355042,3.384203,-222.947037,0.907504,0.129091,0.399714,-0.108897,0.991374,-0.072935,-0.405681,0.022661,0.913734),
	CFrame.new(-626.355469,3.414363,-222.941147,0.904681,0.134181,0.404410,-0.109456,0.990455,-0.083771,-0.411791,0.031521,0.910733),
	CFrame.new(-626.355469,3.414363,-222.941147,0.904681,0.134181,0.404410,-0.109456,0.990455,-0.083771,-0.411791,0.031521,0.910733),
	CFrame.new(-626.506226,3.459201,-221.070816,0.991587,0.052918,0.118133,-0.105515,0.859082,0.500843,-0.074983,-0.509094,0.857438),
	CFrame.new(-626.491150,3.331464,-221.258270,0.990500,0.060769,0.123357,-0.122989,0.792753,0.597007,-0.061512,-0.606507,0.792695),
	CFrame.new(-626.491150,3.331464,-221.258270,0.990500,0.060769,0.123357,-0.122989,0.792753,0.597007,-0.061512,-0.606507,0.792695),
	CFrame.new(-626.481934,3.253983,-221.371964,0.989762,0.065208,0.126962,-0.132775,0.747023,0.651404,-0.052367,-0.661592,0.748033),
	CFrame.new(-626.477234,3.214197,-221.430359,0.989362,0.067379,0.128929,-0.137531,0.722071,0.678011,-0.047413,-0.688530,0.723656),
	CFrame.new(-626.477234,3.214197,-221.430359,0.989362,0.067379,0.128929,-0.137531,0.722071,0.678011,-0.047413,-0.688530,0.723656),
	CFrame.new(-626.475525,3.199538,-221.451859,0.989211,0.068159,0.129673,-0.139234,0.712642,0.687572,-0.045546,-0.698209,0.714444),
	CFrame.new(-626.475525,3.199538,-221.451859,0.989211,0.068159,0.129673,-0.139234,0.712642,0.687572,-0.045546,-0.698209,0.714444),
	CFrame.new(-626.475281,3.197444,-221.454941,0.989190,0.068270,0.129780,-0.139475,0.711284,0.688927,-0.045277,-0.699581,0.713117),
	CFrame.new(-626.475281,3.197444,-221.454941,0.989190,0.068269,0.129780,-0.139475,0.711284,0.688927,-0.045277,-0.699581,0.713117),
	CFrame.new(-626.475281,3.200360,-221.454803,0.989205,0.068191,0.129704,-0.139305,0.712244,0.687970,-0.045467,-0.698612,0.714055),
	CFrame.new(-626.475281,3.200360,-221.454803,0.989205,0.068191,0.129704,-0.139305,0.712244,0.687970,-0.045467,-0.698612,0.714055),
	CFrame.new(-626.475342,3.220772,-221.453888,0.989312,0.067642,0.129177,-0.138105,0.718922,0.681233,-0.046789,-0.691791,0.720580),
	CFrame.new(-626.475586,3.276176,-221.451370,0.989597,0.066124,0.127774,-0.134784,0.736721,0.662628,-0.050318,-0.672956,0.737969),
	CFrame.new(-626.475586,3.276176,-221.451370,0.989597,0.066124,0.127774,-0.134784,0.736721,0.662628,-0.050318,-0.672956,0.737969),
	CFrame.new(-626.475952,3.384067,-221.446487,0.990131,0.063064,0.125155,-0.128058,0.769945,0.625129,-0.056939,-0.634986,0.770422),
	CFrame.new(-626.475952,3.384067,-221.446487,0.990131,0.063064,0.125155,-0.128058,0.769945,0.625129,-0.056939,-0.634986,0.770422),
	CFrame.new(-626.063477,3.672686,-227.215836,0.811018,0.044368,0.583336,-0.130752,0.985644,0.106818,-0.570222,-0.162904,0.805176),
	CFrame.new(-626.063477,3.672686,-227.215836,0.811018,0.044368,0.583336,-0.130752,0.985644,0.106818,-0.570222,-0.162904,0.805176),
	CFrame.new(-626.055054,3.539254,-227.320282,0.810614,0.047164,0.583678,-0.153099,0.979151,0.133505,-0.565212,-0.197581,0.800935),
	CFrame.new(-626.055054,3.539254,-227.320282,0.810614,0.047164,0.583678,-0.153099,0.979151,0.133505,-0.565212,-0.197581,0.800935),
	CFrame.new(-626.050415,3.465876,-227.377716,0.810366,0.048693,0.583898,-0.165309,0.975057,0.148112,-0.562122,-0.216548,0.798202),
	CFrame.new(-626.050415,3.465876,-227.377716,0.810366,0.048693,0.583898,-0.165309,0.975057,0.148112,-0.562122,-0.216548,0.798202),
	CFrame.new(-626.048218,3.431076,-227.404953,0.810241,0.049415,0.584010,-0.171077,0.972986,0.155020,-0.560573,-0.225514,0.796807),
	CFrame.new(-626.048218,3.431076,-227.404953,0.810241,0.049415,0.584010,-0.171077,0.972986,0.155020,-0.560573,-0.225514,0.796807),
	CFrame.new(-626.047424,3.418150,-227.415070,0.810193,0.049683,0.584053,-0.173215,0.972196,0.157582,-0.559985,-0.228839,0.796272),
	CFrame.new(-626.047424,3.418150,-227.415070,0.810193,0.049683,0.584053,-0.173215,0.972196,0.157582,-0.559985,-0.228839,0.796272),
	CFrame.new(-626.047241,3.415168,-227.417404,0.810183,0.049745,0.584063,-0.173709,0.972012,0.158173,-0.559847,-0.229606,0.796148),
	CFrame.new(-626.047241,3.415168,-227.417404,0.810183,0.049745,0.584063,-0.173709,0.972012,0.158173,-0.559847,-0.229606,0.796148),
	CFrame.new(-626.047241,3.414969,-227.417557,0.810182,0.049749,0.584064,-0.173742,0.971999,0.158212,-0.559839,-0.229657,0.796140),
	CFrame.new(-626.047791,3.415481,-227.410934,0.809897,0.051418,0.584315,-0.174324,0.972241,0.156070,-0.560070,-0.228261,0.796378),
	CFrame.new(-626.049011,3.419064,-227.395111,0.809355,0.054600,0.584776,-0.174245,0.973164,0.150300,-0.560877,-0.223540,0.797149),
	CFrame.new(-626.049011,3.419064,-227.395111,0.809355,0.054600,0.584776,-0.174245,0.973164,0.150300,-0.560877,-0.223540,0.797149),
	CFrame.new(-626.050537,3.428790,-227.376236,0.809037,0.056563,0.585029,-0.170764,0.975044,0.141878,-0.562404,-0.214687,0.798506),
	CFrame.new(-626.050537,3.428790,-227.376236,0.809037,0.056563,0.585029,-0.170764,0.975044,0.141878,-0.562404,-0.214687,0.798506),
	CFrame.new(-626.051819,3.447729,-227.360413,0.809408,0.054569,0.584705,-0.161127,0.978098,0.131764,-0.564709,-0.200863,0.800473),
	CFrame.new(-626.051819,3.447729,-227.360413,0.809408,0.054569,0.584705,-0.161127,0.978098,0.131764,-0.564709,-0.200863,0.800473),
	CFrame.new(-626.052368,3.478954,-227.353790,0.810814,0.045842,0.583506,-0.142535,0.982380,0.120882,-0.567684,-0.181183,0.803062),
	CFrame.new(-626.052368,3.478954,-227.353790,0.810814,0.045842,0.583506,-0.142535,0.982380,0.120882,-0.567684,-0.181183,0.803062),
	CFrame.new(-626.145569,3.570892,-225.545609,0.995259,0.007570,-0.096963,0.007265,0.988394,0.151735,0.096986,-0.151720,0.983654),
	CFrame.new(-626.152954,3.613766,-225.453888,0.995236,0.004214,-0.097406,0.006555,0.993913,0.109972,0.097277,-0.110086,0.989150),
	CFrame.new(-626.152954,3.613766,-225.453888,0.995236,0.004214,-0.097406,0.006555,0.993913,0.109972,0.097277,-0.110086,0.989150),
	CFrame.new(-626.157043,3.637343,-225.403442,0.995224,0.002362,-0.097590,0.006159,0.996197,0.086915,0.097424,-0.087101,0.991424),
	CFrame.new(-626.157043,3.637343,-225.403442,0.995224,0.002362,-0.097590,0.006159,0.996197,0.086915,0.097424,-0.087101,0.991424),
	CFrame.new(-626.158936,3.648525,-225.379517,0.995219,0.001482,-0.097662,0.005970,0.997093,0.075965,0.097491,-0.076185,0.992316),
	CFrame.new(-626.158936,3.648525,-225.379517,0.995219,0.001482,-0.097662,0.005970,0.997093,0.075965,0.097491,-0.076185,0.992316),
	CFrame.new(-626.159668,3.652678,-225.370636,0.995217,0.001155,-0.097687,0.005900,0.997395,0.071896,0.097515,-0.072129,0.992617),
	CFrame.new(-626.159668,3.652678,-225.370636,0.995217,0.001155,-0.097687,0.005900,0.997395,0.071896,0.097515,-0.072129,0.992617),
	CFrame.new(-626.159851,3.653637,-225.368576,0.995216,0.001079,-0.097692,0.005884,0.997462,0.070957,0.097521,-0.071192,0.992684),
	CFrame.new(-626.159851,3.653637,-225.368576,0.995216,0.001079,-0.097692,0.005884,0.997462,0.070957,0.097521,-0.071192,0.992684),
	CFrame.new(-626.159851,3.653701,-225.368439,0.995216,0.001074,-0.097692,0.005883,0.997466,0.070895,0.097521,-0.071130,0.992688),
	CFrame.new(-626.159851,3.653701,-225.368439,0.995216,0.001074,-0.097692,0.005883,0.997466,0.070895,0.097521,-0.071130,0.992688),
	CFrame.new(-626.159302,3.653464,-225.375519,0.995207,0.001529,-0.097776,0.005984,0.997052,0.076493,0.097605,-0.076712,0.992264),
	CFrame.new(-626.159302,3.653464,-225.375519,0.995207,0.001529,-0.097776,0.005984,0.997052,0.076493,0.097605,-0.076712,0.992264),
	CFrame.new(-626.158020,3.651807,-225.391098,0.995194,0.002528,-0.097890,0.006205,0.996030,0.088803,0.097726,-0.088984,0.991227),
	CFrame.new(-626.156799,3.647310,-225.406662,0.995196,0.003521,-0.097835,0.006420,0.994855,0.101106,0.097688,-0.101248,0.990054),
	CFrame.new(-626.156799,3.647310,-225.406662,0.995196,0.003521,-0.097835,0.006420,0.994855,0.101106,0.097688,-0.101248,0.990054),
	CFrame.new(-626.156189,3.638553,-225.413742,0.995234,0.003953,-0.097435,0.006499,0.994269,0.106714,0.097298,-0.106838,0.989504),
	CFrame.new(-626.156189,3.638553,-225.413742,0.995234,0.003953,-0.097435,0.006499,0.994269,0.106714,0.097298,-0.106838,0.989504),
	CFrame.new(-626.357910,3.414363,-222.910950,0.904963,0.131417,0.404686,-0.092607,0.989141,-0.114124,-0.415290,0.065801,0.907306),
	CFrame.new(-626.357910,3.414363,-222.910950,0.904963,0.131417,0.404686,-0.092607,0.989141,-0.114124,-0.415290,0.065801,0.907306),
	CFrame.new(-626.356262,3.384203,-222.931580,0.907639,0.127626,0.399880,-0.100346,0.991006,-0.088528,-0.407582,0.040225,0.912282),
	CFrame.new(-626.355225,3.365909,-222.944092,0.909253,0.125395,0.396906,-0.104935,0.991800,-0.072949,-0.402799,0.024680,0.914956),
	CFrame.new(-626.355225,3.365909,-222.944092,0.909253,0.125395,0.396906,-0.104935,0.991800,-0.072949,-0.402799,0.024680,0.914956),
	CFrame.new(-626.354736,3.356515,-222.950516,0.910080,0.124269,0.395364,-0.107260,0.992108,-0.064936,-0.400313,0.016690,0.916226),
	CFrame.new(-626.354736,3.356515,-222.950516,0.910080,0.124269,0.395364,-0.107260,0.992108,-0.064936,-0.400313,0.016690,0.916226),
	CFrame.new(-626.354553,3.353054,-222.952881,0.910384,0.123858,0.394792,-0.108111,0.992205,-0.061982,-0.399392,0.013746,0.916677),
	CFrame.new(-626.354553,3.353054,-222.952881,0.910384,0.123858,0.394792,-0.108111,0.992205,-0.061982,-0.399392,0.013746,0.916677),
	CFrame.new(-626.354492,3.352559,-222.953232,0.910427,0.123799,0.394711,-0.108232,0.992218,-0.061560,-0.399260,0.013325,0.916741),
	CFrame.new(-626.354553,3.353054,-222.953125,0.910382,0.123881,0.394789,-0.108243,0.992206,-0.061738,-0.399360,0.013472,0.916695),
	CFrame.new(-626.354553,3.353054,-222.953125,0.910382,0.123881,0.394789,-0.108243,0.992206,-0.061738,-0.399360,0.013472,0.916695),
	CFrame.new(-626.354553,3.356515,-222.952454,0.910064,0.124458,0.395340,-0.108320,0.992119,-0.062982,-0.400063,0.014494,0.916373),
	CFrame.new(-626.354736,3.365909,-222.950623,0.909199,0.126025,0.396830,-0.108522,0.991877,-0.066359,-0.401970,0.017268,0.915490),
	CFrame.new(-626.354736,3.365909,-222.950623,0.909199,0.126025,0.396830,-0.108522,0.991877,-0.066359,-0.401970,0.017268,0.915490),
	CFrame.new(-626.355042,3.384203,-222.947037,0.907504,0.129091,0.399714,-0.108897,0.991374,-0.072934,-0.405681,0.022661,0.913734),
	CFrame.new(-626.355042,3.384203,-222.947037,0.907504,0.129091,0.399714,-0.108897,0.991374,-0.072934,-0.405681,0.022661,0.913734),
	CFrame.new(-626.355469,3.414363,-222.941147,0.904681,0.134181,0.404410,-0.109456,0.990455,-0.083771,-0.411791,0.031521,0.910733),
	CFrame.new(-626.355469,3.414363,-222.941147,0.904681,0.134181,0.404410,-0.109456,0.990455,-0.083771,-0.411791,0.031521,0.910733),
	CFrame.new(-626.506226,3.459201,-221.070816,0.991587,0.052918,0.118133,-0.105515,0.859082,0.500843,-0.074983,-0.509094,0.857438),
	CFrame.new(-626.506226,3.459201,-221.070816,0.991587,0.052918,0.118133,-0.105515,0.859082,0.500843,-0.074983,-0.509094,0.857438),
	CFrame.new(-626.491150,3.331464,-221.258270,0.990500,0.060769,0.123358,-0.122989,0.792753,0.597007,-0.061512,-0.606507,0.792695),
	CFrame.new(-626.481934,3.253983,-221.371964,0.989762,0.065208,0.126962,-0.132775,0.747023,0.651404,-0.052367,-0.661592,0.748033),
	CFrame.new(-626.481934,3.253983,-221.371964,0.989762,0.065208,0.126962,-0.132775,0.747023,0.651404,-0.052367,-0.661592,0.748033),
	CFrame.new(-626.477234,3.214197,-221.430359,0.989362,0.067379,0.128929,-0.137531,0.722071,0.678011,-0.047413,-0.688530,0.723656),
	CFrame.new(-626.477234,3.214197,-221.430359,0.989362,0.067379,0.128929,-0.137531,0.722071,0.678011,-0.047413,-0.688530,0.723656),
	CFrame.new(-626.475525,3.199538,-221.451859,0.989211,0.068159,0.129673,-0.139234,0.712642,0.687572,-0.045546,-0.698209,0.714444),
	CFrame.new(-626.475525,3.199538,-221.451859,0.989211,0.068159,0.129673,-0.139234,0.712642,0.687572,-0.045546,-0.698209,0.714444),
	CFrame.new(-626.475281,3.197444,-221.454941,0.989190,0.068269,0.129780,-0.139475,0.711284,0.688927,-0.045277,-0.699581,0.713117),
	CFrame.new(-626.475281,3.197444,-221.454941,0.989190,0.068269,0.129780,-0.139475,0.711284,0.688927,-0.045277,-0.699581,0.713117),
	CFrame.new(-626.475281,3.197989,-221.454910,0.989193,0.068255,0.129765,-0.139444,0.711464,0.688749,-0.045313,-0.699400,0.713292),
	CFrame.new(-626.475281,3.201797,-221.454742,0.989213,0.068153,0.129667,-0.139221,0.712716,0.687498,-0.045561,-0.698134,0.714516),
	CFrame.new(-626.475281,3.201797,-221.454742,0.989213,0.068153,0.129667,-0.139221,0.712716,0.687498,-0.045561,-0.698134,0.714516),
	CFrame.new(-626.475342,3.212134,-221.454269,0.989267,0.067875,0.129400,-0.138614,0.716104,0.684091,-0.046231,-0.694685,0.717827),
	CFrame.new(-626.475342,3.212134,-221.454269,0.989267,0.067875,0.129400,-0.138614,0.716104,0.684091,-0.046231,-0.694685,0.717827),
	CFrame.new(-626.475403,3.232266,-221.453354,0.989371,0.067330,0.128883,-0.137424,0.722655,0.677411,-0.047528,-0.687922,0.724226),
	CFrame.new(-626.475403,3.232266,-221.453354,0.989371,0.067330,0.128883,-0.137424,0.722655,0.677411,-0.047528,-0.687922,0.724226),
	CFrame.new(-626.475525,3.265455,-221.451859,0.989542,0.066420,0.128043,-0.135434,0.733315,0.666263,-0.049642,-0.676637,0.734642),
	CFrame.new(-626.475525,3.265455,-221.451859,0.989542,0.066421,0.128043,-0.135434,0.733315,0.666263,-0.049642,-0.676637,0.734642),
	CFrame.new(-626.475708,3.314968,-221.449615,0.989792,0.065039,0.126815,-0.132404,0.748889,0.649333,-0.052738,-0.659496,0.749856),
	CFrame.new(-626.475708,3.314968,-221.449615,0.989792,0.065039,0.126815,-0.132404,0.748889,0.649333,-0.052738,-0.659496,0.749856),
	CFrame.new(-626.475952,3.384067,-221.446487,0.990131,0.063064,0.125155,-0.128058,0.769945,0.625129,-0.056939,-0.634986,0.770422),
	CFrame.new(-626.475952,3.384067,-221.446487,0.990131,0.063064,0.125155,-0.128058,0.769945,0.625129,-0.056939,-0.634986,0.770422),
	CFrame.new(-625.974731,3.539254,-228.317047,0.810614,0.047164,0.583678,-0.153099,0.979151,0.133505,-0.565212,-0.197581,0.800935),
	CFrame.new(-625.974731,3.539254,-228.317047,0.810614,0.047164,0.583678,-0.153099,0.979151,0.133505,-0.565212,-0.197581,0.800935),
	CFrame.new(-625.970093,3.465876,-228.374481,0.810366,0.048693,0.583898,-0.165309,0.975057,0.148112,-0.562122,-0.216548,0.798202),
	CFrame.new(-625.967896,3.431076,-228.401718,0.810241,0.049416,0.584010,-0.171077,0.972986,0.155020,-0.560573,-0.225514,0.796807),
	CFrame.new(-625.967896,3.431076,-228.401718,0.810241,0.049415,0.584010,-0.171077,0.972986,0.155020,-0.560573,-0.225514,0.796807),
	CFrame.new(-625.967102,3.418150,-228.411835,0.810193,0.049683,0.584053,-0.173216,0.972196,0.157582,-0.559985,-0.228839,0.796272),
	CFrame.new(-625.967102,3.418150,-228.411835,0.810193,0.049683,0.584053,-0.173215,0.972196,0.157582,-0.559985,-0.228839,0.796272),
	CFrame.new(-625.966919,3.415168,-228.414169,0.810183,0.049745,0.584063,-0.173709,0.972012,0.158173,-0.559847,-0.229606,0.796148),
	CFrame.new(-625.966919,3.415168,-228.414169,0.810183,0.049745,0.584063,-0.173709,0.972012,0.158173,-0.559847,-0.229606,0.796148),
	CFrame.new(-625.966919,3.414969,-228.414337,0.810182,0.049749,0.584064,-0.173742,0.971999,0.158212,-0.559839,-0.229657,0.796140),
	CFrame.new(-625.966980,3.415968,-228.413330,0.810222,0.049524,0.584027,-0.171945,0.972667,0.156059,-0.560335,-0.226863,0.796591),
	CFrame.new(-625.966980,3.415968,-228.413330,0.810222,0.049524,0.584027,-0.171945,0.972667,0.156059,-0.560335,-0.226863,0.796591),
	CFrame.new(-625.967529,3.422967,-228.406357,0.810343,0.048824,0.583918,-0.166357,0.974687,0.149367,-0.561844,-0.218177,0.797953),
	CFrame.new(-625.967529,3.422967,-228.406357,0.810343,0.048824,0.583918,-0.166357,0.974687,0.149367,-0.561844,-0.218177,0.797953),
	CFrame.new(-625.969055,3.441963,-228.387421,0.810544,0.047610,0.583739,-0.156665,0.977996,0.137769,-0.564335,-0.203120,0.800167),
	CFrame.new(-625.969055,3.441963,-228.387421,0.810544,0.047610,0.583739,-0.156665,0.977996,0.137769,-0.564335,-0.203120,0.800167),
	CFrame.new(-625.972046,3.478954,-228.350555,0.810814,0.045842,0.583506,-0.142535,0.982380,0.120882,-0.567684,-0.181183,0.803062),
	CFrame.new(-625.972046,3.478954,-228.350555,0.810814,0.045842,0.583506,-0.142535,0.982380,0.120882,-0.567684,-0.181183,0.803062),
	CFrame.new(-626.023315,3.672686,-227.714218,0.811018,0.044368,0.583336,-0.130752,0.985644,0.106818,-0.570222,-0.162904,0.805176),
	CFrame.new(-626.014893,3.539254,-227.818665,0.810614,0.047164,0.583678,-0.153099,0.979151,0.133505,-0.565212,-0.197581,0.800935),
	CFrame.new(-626.010254,3.465876,-227.876099,0.810366,0.048693,0.583898,-0.165309,0.975057,0.148112,-0.562122,-0.216548,0.798202),
	CFrame.new(-626.010254,3.465876,-227.876099,0.810366,0.048693,0.583898,-0.165309,0.975057,0.148112,-0.562122,-0.216548,0.798202),
	CFrame.new(-626.008057,3.431076,-227.903336,0.810241,0.049416,0.584010,-0.171077,0.972986,0.155020,-0.560573,-0.225514,0.796807),
	CFrame.new(-626.008057,3.431076,-227.903336,0.810241,0.049416,0.584010,-0.171077,0.972986,0.155020,-0.560573,-0.225514,0.796807),
	CFrame.new(-626.007263,3.418150,-227.913452,0.810193,0.049684,0.584053,-0.173216,0.972196,0.157582,-0.559985,-0.228839,0.796272),
	CFrame.new(-626.007263,3.418150,-227.913452,0.810193,0.049684,0.584053,-0.173216,0.972196,0.157582,-0.559985,-0.228839,0.796272),
	CFrame.new(-626.007080,3.415168,-227.915787,0.810183,0.049745,0.584063,-0.173709,0.972012,0.158173,-0.559847,-0.229606,0.796148),
	CFrame.new(-626.007080,3.414969,-227.915939,0.810182,0.049749,0.584064,-0.173742,0.971999,0.158212,-0.559839,-0.229657,0.796140),
	CFrame.new(-626.007080,3.414969,-227.915939,0.810182,0.049749,0.584064,-0.173742,0.971999,0.158212,-0.559839,-0.229657,0.796140),
	CFrame.new(-626.007141,3.415968,-227.914948,0.810222,0.049524,0.584027,-0.171945,0.972667,0.156059,-0.560335,-0.226863,0.796591),
	CFrame.new(-626.007141,3.415969,-227.914948,0.810222,0.049524,0.584027,-0.171945,0.972667,0.156059,-0.560335,-0.226863,0.796591),
	CFrame.new(-626.007690,3.422967,-227.907974,0.810343,0.048824,0.583918,-0.166357,0.974687,0.149367,-0.561844,-0.218177,0.797953),
	CFrame.new(-626.009216,3.441962,-227.889038,0.810544,0.047610,0.583739,-0.156665,0.977996,0.137769,-0.564335,-0.203120,0.800167),
	CFrame.new(-626.009216,3.441962,-227.889038,0.810544,0.047610,0.583739,-0.156665,0.977996,0.137769,-0.564335,-0.203120,0.800167),
	CFrame.new(-626.012207,3.478954,-227.852173,0.810814,0.045842,0.583506,-0.142536,0.982380,0.120882,-0.567684,-0.181183,0.803062),
	CFrame.new(-626.012207,3.478954,-227.852173,0.810814,0.045842,0.583506,-0.142536,0.982380,0.120882,-0.567684,-0.181183,0.803062),
	CFrame.new(-626.063477,3.672686,-227.215836,0.811018,0.044368,0.583336,-0.130752,0.985644,0.106818,-0.570222,-0.162904,0.805176),
	CFrame.new(-626.063477,3.672686,-227.215836,0.811018,0.044368,0.583336,-0.130752,0.985644,0.106818,-0.570222,-0.162904,0.805176),
	CFrame.new(-626.055054,3.539254,-227.320282,0.810614,0.047164,0.583678,-0.153099,0.979151,0.133505,-0.565212,-0.197581,0.800935),
	CFrame.new(-626.050415,3.465876,-227.377716,0.810366,0.048693,0.583898,-0.165309,0.975057,0.148112,-0.562122,-0.216548,0.798202),
	CFrame.new(-626.050415,3.465876,-227.377716,0.810366,0.048693,0.583898,-0.165309,0.975057,0.148112,-0.562122,-0.216548,0.798202),
	CFrame.new(-626.048218,3.431076,-227.404953,0.810241,0.049415,0.584010,-0.171077,0.972986,0.155020,-0.560573,-0.225514,0.796807),
	CFrame.new(-626.047424,3.418150,-227.415070,0.810193,0.049683,0.584053,-0.173216,0.972196,0.157582,-0.559985,-0.228839,0.796272),
	CFrame.new(-626.047424,3.418150,-227.415070,0.810193,0.049683,0.584053,-0.173216,0.972196,0.157582,-0.559985,-0.228839,0.796272),
	CFrame.new(-626.047241,3.415168,-227.417404,0.810183,0.049745,0.584063,-0.173709,0.972012,0.158173,-0.559847,-0.229606,0.796148),
	CFrame.new(-626.047241,3.414969,-227.417557,0.810182,0.049750,0.584064,-0.173742,0.971999,0.158212,-0.559839,-0.229657,0.796140),
	CFrame.new(-626.047241,3.414969,-227.417557,0.810182,0.049750,0.584064,-0.173742,0.971999,0.158212,-0.559839,-0.229657,0.796140),
	CFrame.new(-626.047302,3.415968,-227.416565,0.810222,0.049524,0.584027,-0.171945,0.972667,0.156059,-0.560335,-0.226863,0.796591),
	CFrame.new(-626.047852,3.422967,-227.409592,0.810343,0.048824,0.583918,-0.166357,0.974687,0.149367,-0.561844,-0.218177,0.797954),
	CFrame.new(-626.047852,3.422967,-227.409592,0.810343,0.048824,0.583917,-0.166357,0.974687,0.149367,-0.561844,-0.218177,0.797954),
	CFrame.new(-626.049377,3.441962,-227.390656,0.810544,0.047610,0.583739,-0.156665,0.977996,0.137770,-0.564335,-0.203120,0.800167),
	CFrame.new(-626.052368,3.478954,-227.353790,0.810814,0.045842,0.583506,-0.142535,0.982380,0.120882,-0.567684,-0.181183,0.803062),
	CFrame.new(-626.052368,3.478954,-227.353790,0.810814,0.045842,0.583506,-0.142535,0.982380,0.120882,-0.567684,-0.181183,0.803062),
	CFrame.new(-626.103638,3.672686,-226.717453,0.811018,0.044368,0.583336,-0.130752,0.985644,0.106818,-0.570222,-0.162904,0.805176),
	CFrame.new(-626.103638,3.672686,-226.717453,0.811018,0.044368,0.583336,-0.130752,0.985644,0.106818,-0.570222,-0.162904,0.805176),
	CFrame.new(-626.095215,3.539254,-226.821899,0.810614,0.047164,0.583678,-0.153099,0.979151,0.133505,-0.565212,-0.197581,0.800935),
	CFrame.new(-626.095215,3.539254,-226.821899,0.810614,0.047164,0.583678,-0.153099,0.979151,0.133505,-0.565212,-0.197581,0.800935),
	CFrame.new(-626.090637,3.465876,-226.879333,0.810366,0.048693,0.583898,-0.165309,0.975057,0.148112,-0.562122,-0.216548,0.798202),
	CFrame.new(-626.088440,3.431076,-226.906570,0.810241,0.049416,0.584010,-0.171077,0.972986,0.155020,-0.560573,-0.225514,0.796807),
	CFrame.new(-626.088440,3.431076,-226.906570,0.810241,0.049415,0.584010,-0.171077,0.972986,0.155020,-0.560573,-0.225514,0.796807),
	CFrame.new(-626.087585,3.418150,-226.916687,0.810193,0.049683,0.584053,-0.173215,0.972196,0.157582,-0.559985,-0.228839,0.796272),
	CFrame.new(-626.087402,3.415168,-226.919022,0.810183,0.049745,0.584063,-0.173709,0.972012,0.158173,-0.559847,-0.229606,0.796148),
	CFrame.new(-626.087402,3.415168,-226.919022,0.810183,0.049745,0.584063,-0.173709,0.972012,0.158173,-0.559847,-0.229606,0.796148),
	CFrame.new(-626.087402,3.414969,-226.919174,0.810182,0.049749,0.584064,-0.173742,0.971999,0.158212,-0.559839,-0.229657,0.796140),
	CFrame.new(-626.088196,3.415968,-226.909210,0.809767,0.052178,0.584427,-0.174474,0.972397,0.154929,-0.560211,-0.227424,0.796519),
	CFrame.new(-626.088196,3.415968,-226.909210,0.809767,0.052178,0.584427,-0.174474,0.972397,0.154929,-0.560211,-0.227424,0.796519),
	CFrame.new(-626.089966,3.422967,-226.887283,0.809138,0.055905,0.584953,-0.173102,0.973968,0.146360,-0.561544,-0.219682,0.797752),
	CFrame.new(-626.089966,3.422967,-226.887283,0.809138,0.055905,0.584953,-0.173102,0.973968,0.146360,-0.561544,-0.219682,0.797752),
	CFrame.new(-626.091736,3.441962,-226.865372,0.809228,0.055590,0.584858,-0.164265,0.977217,0.134400,-0.564062,-0.204832,0.799923),
	CFrame.new(-626.091736,3.441962,-226.865372,0.809228,0.055590,0.584858,-0.164265,0.977217,0.134400,-0.564062,-0.204832,0.799923),
	CFrame.new(-626.092529,3.478954,-226.855392,0.810814,0.045842,0.583506,-0.142535,0.982380,0.120882,-0.567684,-0.181183,0.803062),
	CFrame.new(-626.092529,3.478954,-226.855392,0.810814,0.045842,0.583506,-0.142535,0.982380,0.120882,-0.567684,-0.181183,0.803062),
	CFrame.new(-626.065247,3.570892,-226.542374,0.995259,0.007570,-0.096963,0.007265,0.988394,0.151735,0.096986,-0.151720,0.983654),
	CFrame.new(-626.065247,3.570892,-226.542374,0.995259,0.007570,-0.096963,0.007265,0.988394,0.151735,0.096986,-0.151720,0.983654),
	CFrame.new(-626.072632,3.613766,-226.450653,0.995236,0.004214,-0.097406,0.006555,0.993913,0.109972,0.097277,-0.110086,0.989150),
	CFrame.new(-626.072632,3.613766,-226.450653,0.995236,0.004214,-0.097406,0.006555,0.993913,0.109972,0.097277,-0.110086,0.989150),
	CFrame.new(-626.076721,3.637343,-226.400208,0.995224,0.002362,-0.097590,0.006159,0.996197,0.086915,0.097424,-0.087101,0.991424),
	CFrame.new(-626.076721,3.637343,-226.400208,0.995224,0.002362,-0.097590,0.006159,0.996197,0.086915,0.097424,-0.087101,0.991424),
	CFrame.new(-626.078613,3.648525,-226.376282,0.995219,0.001482,-0.097662,0.005970,0.997093,0.075965,0.097491,-0.076185,0.992316),
	CFrame.new(-626.078613,3.648525,-226.376282,0.995219,0.001482,-0.097662,0.005970,0.997093,0.075965,0.097491,-0.076185,0.992316),
	CFrame.new(-626.079346,3.652678,-226.367401,0.995217,0.001155,-0.097686,0.005900,0.997395,0.071896,0.097515,-0.072129,0.992617),
	CFrame.new(-626.079346,3.652678,-226.367401,0.995217,0.001155,-0.097686,0.005900,0.997395,0.071896,0.097515,-0.072129,0.992617),
	CFrame.new(-626.079529,3.653637,-226.365341,0.995216,0.001079,-0.097692,0.005884,0.997462,0.070957,0.097521,-0.071192,0.992684),
	CFrame.new(-626.079529,3.653637,-226.365341,0.995216,0.001079,-0.097692,0.005884,0.997462,0.070957,0.097521,-0.071192,0.992684),
	CFrame.new(-626.079529,3.653701,-226.365204,0.995216,0.001074,-0.097692,0.005882,0.997466,0.070895,0.097521,-0.071130,0.992688),
	CFrame.new(-626.079529,3.653701,-226.365204,0.995216,0.001074,-0.097692,0.005883,0.997466,0.070895,0.097521,-0.071130,0.992688),
	CFrame.new(-626.079468,3.653464,-226.365921,0.995216,0.001119,-0.097689,0.005892,0.997426,0.071455,0.097518,-0.071689,0.992648),
	CFrame.new(-626.079468,3.653464,-226.365921,0.995216,0.001119,-0.097689,0.005892,0.997426,0.071455,0.097518,-0.071689,0.992648),
	CFrame.new(-626.079041,3.651807,-226.370880,0.995218,0.001434,-0.097665,0.005960,0.997137,0.075378,0.097494,-0.075599,0.992361),
	CFrame.new(-626.079041,3.651807,-226.370880,0.995218,0.001434,-0.097665,0.005960,0.997137,0.075378,0.097494,-0.075599,0.992361),
	CFrame.new(-626.078003,3.647310,-226.384323,0.995223,0.002290,-0.097596,0.006144,0.996274,0.086020,0.097429,-0.086208,0.991502),
	CFrame.new(-626.078003,3.647310,-226.384323,0.995223,0.002290,-0.097596,0.006144,0.996274,0.086020,0.097429,-0.086208,0.991502),
	CFrame.new(-626.075867,3.638553,-226.410507,0.995234,0.003953,-0.097435,0.006499,0.994269,0.106714,0.097298,-0.106838,0.989504),
	CFrame.new(-626.075867,3.638553,-226.410507,0.995234,0.003953,-0.097435,0.006499,0.994269,0.106714,0.097298,-0.106838,0.989504),
	CFrame.new(-626.105408,3.570892,-226.043991,0.995259,0.007570,-0.096963,0.007265,0.988394,0.151735,0.096986,-0.151720,0.983654),
	CFrame.new(-626.105408,3.570892,-226.043991,0.995259,0.007570,-0.096963,0.007265,0.988394,0.151735,0.096986,-0.151720,0.983654),
	CFrame.new(-626.112793,3.613766,-225.952271,0.995236,0.004214,-0.097406,0.006554,0.993913,0.109972,0.097277,-0.110086,0.989150),
	CFrame.new(-626.112793,3.613766,-225.952271,0.995236,0.004214,-0.097406,0.006554,0.993913,0.109972,0.097277,-0.110086,0.989150),
	CFrame.new(-626.116882,3.637343,-225.901825,0.995224,0.002362,-0.097590,0.006159,0.996197,0.086915,0.097424,-0.087101,0.991424),
	CFrame.new(-626.116882,3.637343,-225.901825,0.995224,0.002362,-0.097590,0.006159,0.996197,0.086915,0.097424,-0.087101,0.991424),
	CFrame.new(-626.118774,3.648525,-225.877899,0.995219,0.001482,-0.097662,0.005970,0.997093,0.075965,0.097491,-0.076185,0.992316),
	CFrame.new(-626.118774,3.648525,-225.877899,0.995219,0.001482,-0.097662,0.005970,0.997093,0.075965,0.097491,-0.076185,0.992316),
	CFrame.new(-626.119507,3.652678,-225.869019,0.995217,0.001155,-0.097687,0.005900,0.997395,0.071896,0.097515,-0.072129,0.992617),
	CFrame.new(-626.119507,3.652678,-225.869019,0.995217,0.001155,-0.097687,0.005900,0.997395,0.071896,0.097515,-0.072129,0.992617),
	CFrame.new(-626.119690,3.653637,-225.866959,0.995216,0.001079,-0.097692,0.005884,0.997462,0.070957,0.097521,-0.071192,0.992684),
	CFrame.new(-626.119690,3.653637,-225.866959,0.995216,0.001079,-0.097692,0.005884,0.997462,0.070957,0.097521,-0.071192,0.992684),
	CFrame.new(-626.119690,3.653701,-225.866821,0.995216,0.001074,-0.097692,0.005883,0.997466,0.070895,0.097521,-0.071130,0.992688),
	CFrame.new(-626.119629,3.653464,-225.867538,0.995216,0.001119,-0.097689,0.005892,0.997426,0.071455,0.097518,-0.071689,0.992648),
	CFrame.new(-626.119629,3.653464,-225.867538,0.995216,0.001119,-0.097689,0.005892,0.997426,0.071455,0.097518,-0.071689,0.992648),
	CFrame.new(-626.119263,3.651807,-225.872482,0.995218,0.001435,-0.097665,0.005960,0.997137,0.075378,0.097494,-0.075599,0.992361),
	CFrame.new(-626.119263,3.651807,-225.872482,0.995218,0.001434,-0.097665,0.005960,0.997137,0.075378,0.097494,-0.075599,0.992361),
	CFrame.new(-626.118164,3.647310,-225.885941,0.995223,0.002290,-0.097596,0.006143,0.996274,0.086020,0.097429,-0.086208,0.991502),
	CFrame.new(-626.118164,3.647310,-225.885941,0.995223,0.002290,-0.097596,0.006144,0.996274,0.086020,0.097429,-0.086208,0.991502),
	CFrame.new(-626.116028,3.638553,-225.912125,0.995234,0.003952,-0.097435,0.006499,0.994269,0.106714,0.097298,-0.106838,0.989504),
	CFrame.new(-626.145569,3.570892,-225.545609,0.995259,0.007570,-0.096963,0.007265,0.988394,0.151735,0.096986,-0.151720,0.983654),
	CFrame.new(-626.145569,3.570892,-225.545609,0.995259,0.007570,-0.096963,0.007265,0.988394,0.151735,0.096986,-0.151720,0.983654),
	CFrame.new(-626.152954,3.613766,-225.453888,0.995236,0.004214,-0.097406,0.006555,0.993913,0.109972,0.097277,-0.110086,0.989150),
	CFrame.new(-626.152954,3.613766,-225.453888,0.995236,0.004214,-0.097406,0.006555,0.993913,0.109972,0.097277,-0.110086,0.989150),
	CFrame.new(-626.157043,3.637343,-225.403442,0.995224,0.002362,-0.097590,0.006159,0.996197,0.086915,0.097424,-0.087101,0.991424),
	CFrame.new(-626.157043,3.637343,-225.403442,0.995224,0.002362,-0.097590,0.006159,0.996197,0.086915,0.097424,-0.087101,0.991424),
	CFrame.new(-626.158936,3.648525,-225.379517,0.995219,0.001482,-0.097662,0.005970,0.997093,0.075965,0.097491,-0.076185,0.992316),
	CFrame.new(-626.159668,3.652678,-225.370636,0.995217,0.001155,-0.097687,0.005900,0.997395,0.071896,0.097515,-0.072129,0.992617),
	CFrame.new(-626.159851,3.653637,-225.368576,0.995216,0.001079,-0.097692,0.005884,0.997462,0.070957,0.097521,-0.071192,0.992684),
	CFrame.new(-626.159851,3.653701,-225.368439,0.995216,0.001074,-0.097692,0.005883,0.997466,0.070895,0.097521,-0.071130,0.992688),
	CFrame.new(-626.159790,3.653464,-225.369156,0.995216,0.001119,-0.097689,0.005892,0.997426,0.071455,0.097518,-0.071689,0.992648),
	CFrame.new(-626.159790,3.653464,-225.369156,0.995216,0.001119,-0.097689,0.005892,0.997426,0.071455,0.097518,-0.071689,0.992648),
	CFrame.new(-626.159424,3.651807,-225.374100,0.995218,0.001434,-0.097665,0.005960,0.997137,0.075378,0.097494,-0.075599,0.992361),
	CFrame.new(-626.158325,3.647310,-225.387558,0.995223,0.002290,-0.097596,0.006143,0.996274,0.086020,0.097429,-0.086208,0.991502),
	CFrame.new(-626.158325,3.647310,-225.387558,0.995223,0.002290,-0.097596,0.006143,0.996274,0.086020,0.097429,-0.086208,0.991502),
	CFrame.new(-626.156189,3.638553,-225.413742,0.995234,0.003953,-0.097435,0.006499,0.994269,0.106714,0.097298,-0.106838,0.989504),
	CFrame.new(-626.185730,3.570892,-225.047226,0.995259,0.007570,-0.096963,0.007265,0.988394,0.151735,0.096986,-0.151720,0.983654),
	CFrame.new(-626.185730,3.570892,-225.047226,0.995259,0.007570,-0.096963,0.007265,0.988394,0.151735,0.096986,-0.151720,0.983654),
	CFrame.new(-626.193115,3.613766,-224.955490,0.995236,0.004214,-0.097406,0.006555,0.993913,0.109972,0.097277,-0.110086,0.989150),
	CFrame.new(-626.193115,3.613766,-224.955490,0.995236,0.004214,-0.097406,0.006555,0.993913,0.109972,0.097277,-0.110086,0.989150),
	CFrame.new(-626.197205,3.637343,-224.905060,0.995224,0.002361,-0.097590,0.006159,0.996197,0.086915,0.097424,-0.087101,0.991424),
	CFrame.new(-626.197205,3.637343,-224.905060,0.995224,0.002361,-0.097590,0.006159,0.996197,0.086915,0.097424,-0.087101,0.991424),
	CFrame.new(-626.199158,3.648525,-224.881134,0.995219,0.001482,-0.097662,0.005970,0.997093,0.075965,0.097491,-0.076185,0.992316),
	CFrame.new(-626.199158,3.648525,-224.881134,0.995219,0.001482,-0.097662,0.005970,0.997093,0.075965,0.097491,-0.076185,0.992316),
	CFrame.new(-626.199829,3.652678,-224.872253,0.995217,0.001155,-0.097687,0.005900,0.997395,0.071896,0.097515,-0.072129,0.992617),
	CFrame.new(-626.199829,3.652678,-224.872253,0.995217,0.001155,-0.097687,0.005900,0.997395,0.071896,0.097515,-0.072129,0.992617),
	CFrame.new(-626.200012,3.653637,-224.870193,0.995216,0.001079,-0.097692,0.005884,0.997462,0.070957,0.097521,-0.071192,0.992684),
	CFrame.new(-626.200012,3.653637,-224.870193,0.995216,0.001079,-0.097692,0.005884,0.997462,0.070957,0.097521,-0.071192,0.992684),
	CFrame.new(-626.200012,3.653701,-224.870056,0.995216,0.001074,-0.097692,0.005882,0.997466,0.070895,0.097521,-0.071130,0.992688),
	CFrame.new(-626.200012,3.653701,-224.870056,0.995216,0.001074,-0.097692,0.005882,0.997466,0.070895,0.097521,-0.071130,0.992688),
	CFrame.new(-626.199463,3.653464,-224.877136,0.995207,0.001529,-0.097776,0.005983,0.997052,0.076493,0.097605,-0.076712,0.992264),
	CFrame.new(-626.198181,3.651807,-224.892715,0.995194,0.002528,-0.097890,0.006205,0.996030,0.088803,0.097726,-0.088984,0.991227),
	CFrame.new(-626.198181,3.651807,-224.892715,0.995194,0.002528,-0.097890,0.006205,0.996030,0.088803,0.097726,-0.088984,0.991227),
	CFrame.new(-626.196960,3.647310,-224.908279,0.995196,0.003521,-0.097835,0.006420,0.994855,0.101106,0.097688,-0.101248,0.990054),
	CFrame.new(-626.196350,3.638553,-224.915359,0.995234,0.003952,-0.097435,0.006499,0.994269,0.106714,0.097298,-0.106838,0.989504),
	CFrame.new(-626.196350,3.638553,-224.915359,0.995234,0.003952,-0.097435,0.006499,0.994269,0.106714,0.097298,-0.106838,0.989504),
	CFrame.new(-626.196350,3.638553,-224.915359,0.995234,0.003952,-0.097435,0.006499,0.994269,0.106714,0.097298,-0.106838,0.989504),
	CFrame.new(-626.277588,3.414363,-223.907715,0.904963,0.131418,0.404686,-0.092607,0.989141,-0.114124,-0.415290,0.065801,0.907306),
	CFrame.new(-626.275940,3.384203,-223.928345,0.907639,0.127626,0.399880,-0.100346,0.991006,-0.088528,-0.407582,0.040225,0.912282),
	CFrame.new(-626.274902,3.365909,-223.940857,0.909253,0.125395,0.396906,-0.104935,0.991800,-0.072949,-0.402799,0.024680,0.914956),
	CFrame.new(-626.274902,3.365909,-223.940857,0.909253,0.125395,0.396906,-0.104935,0.991800,-0.072949,-0.402799,0.024680,0.914956),
	CFrame.new(-626.274414,3.356515,-223.947296,0.910080,0.124269,0.395364,-0.107260,0.992108,-0.064936,-0.400313,0.016690,0.916226),
	CFrame.new(-626.274231,3.353054,-223.949661,0.910384,0.123858,0.394792,-0.108111,0.992205,-0.061982,-0.399392,0.013746,0.916677),
	CFrame.new(-626.274170,3.352559,-223.949997,0.910427,0.123799,0.394711,-0.108232,0.992218,-0.061560,-0.399260,0.013325,0.916741),
	CFrame.new(-626.274170,3.352559,-223.949997,0.910427,0.123799,0.394711,-0.108232,0.992218,-0.061560,-0.399260,0.013325,0.916741),
	CFrame.new(-626.274170,3.353054,-223.949905,0.910382,0.123881,0.394789,-0.108243,0.992206,-0.061738,-0.399360,0.013471,0.916695),
	CFrame.new(-626.274170,3.353054,-223.949905,0.910382,0.123881,0.394789,-0.108243,0.992206,-0.061738,-0.399360,0.013472,0.916695),
	CFrame.new(-626.274231,3.356515,-223.949219,0.910064,0.124458,0.395340,-0.108320,0.992119,-0.062982,-0.400063,0.014494,0.916373),
	CFrame.new(-626.274231,3.356515,-223.949219,0.910064,0.124458,0.395340,-0.108320,0.992119,-0.062982,-0.400063,0.014494,0.916373),
	CFrame.new(-626.274414,3.365909,-223.947388,0.909199,0.126026,0.396830,-0.108522,0.991877,-0.066359,-0.401970,0.017268,0.915490),
	CFrame.new(-626.274414,3.365909,-223.947388,0.909199,0.126026,0.396830,-0.108523,0.991877,-0.066359,-0.401970,0.017268,0.915490),
	CFrame.new(-626.274658,3.384203,-223.943817,0.907504,0.129091,0.399714,-0.108897,0.991374,-0.072934,-0.405681,0.022661,0.913734),
	CFrame.new(-626.274658,3.384203,-223.943817,0.907504,0.129091,0.399714,-0.108897,0.991374,-0.072934,-0.405681,0.022661,0.913734),
	CFrame.new(-626.275146,3.414363,-223.937912,0.904681,0.134181,0.404410,-0.109456,0.990455,-0.083771,-0.411791,0.031521,0.910733),
	CFrame.new(-626.275146,3.414363,-223.937912,0.904681,0.134181,0.404410,-0.109456,0.990455,-0.083771,-0.411791,0.031521,0.910733),
	CFrame.new(-626.317749,3.414363,-223.409332,0.904963,0.131417,0.404686,-0.092607,0.989141,-0.114124,-0.415290,0.065801,0.907306),
	CFrame.new(-626.317749,3.414363,-223.409332,0.904963,0.131417,0.404686,-0.092607,0.989141,-0.114124,-0.415290,0.065801,0.907306),
	CFrame.new(-626.316101,3.384203,-223.429962,0.907639,0.127626,0.399880,-0.100346,0.991006,-0.088528,-0.407582,0.040225,0.912282),
	CFrame.new(-626.316101,3.384203,-223.429962,0.907639,0.127626,0.399880,-0.100346,0.991006,-0.088528,-0.407582,0.040225,0.912282),
	CFrame.new(-626.315063,3.365909,-223.442474,0.909253,0.125395,0.396906,-0.104935,0.991800,-0.072949,-0.402799,0.024680,0.914956),
	CFrame.new(-626.315063,3.365909,-223.442474,0.909253,0.125395,0.396906,-0.104935,0.991800,-0.072949,-0.402799,0.024680,0.914956),
	CFrame.new(-626.314575,3.356515,-223.448898,0.910080,0.124269,0.395364,-0.107260,0.992108,-0.064936,-0.400313,0.016690,0.916226),
	CFrame.new(-626.314392,3.353054,-223.451279,0.910384,0.123858,0.394792,-0.108111,0.992205,-0.061982,-0.399392,0.013746,0.916677),
	CFrame.new(-626.314331,3.352559,-223.451614,0.910427,0.123799,0.394711,-0.108232,0.992218,-0.061560,-0.399260,0.013325,0.916741),
	CFrame.new(-626.314331,3.352559,-223.451614,0.910427,0.123799,0.394711,-0.108232,0.992218,-0.061560,-0.399260,0.013325,0.916741),
	CFrame.new(-626.314331,3.352845,-223.451553,0.910401,0.123847,0.394756,-0.108238,0.992211,-0.061663,-0.399318,0.013410,0.916714),
	CFrame.new(-626.314331,3.352845,-223.451553,0.910401,0.123847,0.394756,-0.108238,0.992211,-0.061663,-0.399318,0.013410,0.916714),
	CFrame.new(-626.314392,3.354848,-223.451157,0.910217,0.124180,0.395075,-0.108283,0.992161,-0.062383,-0.399725,0.014002,0.916528),
	CFrame.new(-626.314453,3.360285,-223.450104,0.909717,0.125086,0.395939,-0.108402,0.992023,-0.064337,-0.400828,0.015608,0.916020),
	CFrame.new(-626.314636,3.370872,-223.448029,0.908741,0.126855,0.397615,-0.108627,0.991744,-0.068143,-0.402977,0.018733,0.915018),
	CFrame.new(-626.314636,3.370872,-223.448029,0.908741,0.126855,0.397615,-0.108627,0.991744,-0.068143,-0.402977,0.018733,0.915018),
	CFrame.new(-626.314880,3.388325,-223.444626,0.907121,0.129784,0.400360,-0.108978,0.991255,-0.074416,-0.406517,0.023874,0.913331),
	CFrame.new(-626.315308,3.414363,-223.439529,0.904681,0.134181,0.404410,-0.109456,0.990455,-0.083771,-0.411791,0.031521,0.910733),
	CFrame.new(-626.315308,3.414363,-223.439529,0.904681,0.134181,0.404410,-0.109456,0.990455,-0.083771,-0.411791,0.031521,0.910733),
	CFrame.new(-626.357910,3.414363,-222.910950,0.904963,0.131418,0.404686,-0.092607,0.989141,-0.114124,-0.415290,0.065801,0.907306),
	CFrame.new(-626.356262,3.384203,-222.931580,0.907639,0.127626,0.399880,-0.100346,0.991006,-0.088528,-0.407582,0.040225,0.912282),
	CFrame.new(-626.356262,3.384203,-222.931580,0.907639,0.127626,0.399880,-0.100346,0.991006,-0.088528,-0.407582,0.040225,0.912282),
	CFrame.new(-626.355225,3.365909,-222.944092,0.909253,0.125395,0.396906,-0.104935,0.991800,-0.072949,-0.402799,0.024680,0.914956),
	CFrame.new(-626.355225,3.365909,-222.944092,0.909253,0.125395,0.396906,-0.104935,0.991800,-0.072949,-0.402799,0.024680,0.914956),
	CFrame.new(-626.354736,3.356515,-222.950516,0.910080,0.124269,0.395364,-0.107260,0.992108,-0.064936,-0.400313,0.016690,0.916226),
	CFrame.new(-626.354553,3.353054,-222.952881,0.910384,0.123858,0.394792,-0.108111,0.992205,-0.061982,-0.399392,0.013746,0.916677),
	CFrame.new(-626.354492,3.352559,-222.953232,0.910427,0.123799,0.394711,-0.108232,0.992218,-0.061560,-0.399260,0.013325,0.916741),
	CFrame.new(-626.354492,3.352559,-222.953232,0.910427,0.123799,0.394711,-0.108232,0.992218,-0.061560,-0.399260,0.013325,0.916741),
	CFrame.new(-626.354553,3.353054,-222.953125,0.910382,0.123881,0.394789,-0.108243,0.992206,-0.061738,-0.399360,0.013472,0.916695),
	CFrame.new(-626.354553,3.356515,-222.952454,0.910064,0.124458,0.395340,-0.108320,0.992119,-0.062982,-0.400063,0.014494,0.916373),
	CFrame.new(-626.354553,3.356515,-222.952454,0.910064,0.124458,0.395340,-0.108320,0.992119,-0.062982,-0.400063,0.014494,0.916373),
	CFrame.new(-626.354736,3.365909,-222.950623,0.909199,0.126025,0.396830,-0.108522,0.991877,-0.066359,-0.401970,0.017268,0.915490),
	CFrame.new(-626.355042,3.384203,-222.947037,0.907504,0.129091,0.399714,-0.108897,0.991374,-0.072934,-0.405681,0.022661,0.913734),
	CFrame.new(-626.355469,3.414363,-222.941147,0.904681,0.134181,0.404410,-0.109456,0.990455,-0.083771,-0.411791,0.031521,0.910733),
	CFrame.new(-626.355469,3.414363,-222.941147,0.904681,0.134181,0.404410,-0.109456,0.990455,-0.083771,-0.411791,0.031521,0.910733),
	CFrame.new(-626.398071,3.414363,-222.412567,0.904963,0.131418,0.404686,-0.092607,0.989141,-0.114124,-0.415290,0.065801,0.907306),
	CFrame.new(-626.396423,3.384203,-222.433197,0.907639,0.127626,0.399880,-0.100346,0.991006,-0.088528,-0.407582,0.040225,0.912282),
	CFrame.new(-626.396423,3.384203,-222.433197,0.907639,0.127626,0.399880,-0.100346,0.991006,-0.088528,-0.407582,0.040225,0.912282),
	CFrame.new(-626.395447,3.365909,-222.445709,0.909253,0.125395,0.396906,-0.104935,0.991800,-0.072949,-0.402799,0.024680,0.914956),
	CFrame.new(-626.394897,3.356515,-222.452133,0.910080,0.124269,0.395364,-0.107260,0.992108,-0.064936,-0.400313,0.016690,0.916226),
	CFrame.new(-626.394897,3.356515,-222.452133,0.910080,0.124269,0.395364,-0.107260,0.992108,-0.064936,-0.400313,0.016690,0.916226),
	CFrame.new(-626.394714,3.353054,-222.454498,0.910384,0.123858,0.394792,-0.108111,0.992205,-0.061982,-0.399392,0.013746,0.916677),
	CFrame.new(-626.394653,3.352559,-222.454849,0.910427,0.123799,0.394711,-0.108232,0.992218,-0.061560,-0.399260,0.013325,0.916741),
	CFrame.new(-626.394775,3.356515,-222.454071,0.910064,0.124458,0.395340,-0.108320,0.992119,-0.062982,-0.400063,0.014494,0.916373),
	CFrame.new(-626.394775,3.356515,-222.454071,0.910064,0.124458,0.395340,-0.108320,0.992119,-0.062982,-0.400063,0.014494,0.916373),
	CFrame.new(-626.394897,3.365909,-222.452240,0.909199,0.126026,0.396830,-0.108522,0.991877,-0.066359,-0.401970,0.017268,0.915490),
	CFrame.new(-626.395203,3.384203,-222.448654,0.907504,0.129091,0.399714,-0.108897,0.991374,-0.072934,-0.405681,0.022661,0.913734),
	CFrame.new(-626.395630,3.414363,-222.442764,0.904681,0.134181,0.404410,-0.109456,0.990455,-0.083771,-0.411791,0.031521,0.910733),
	CFrame.new(-626.395630,3.414363,-222.442764,0.904681,0.134181,0.404410,-0.109456,0.990455,-0.083771,-0.411791,0.031521,0.910733),
	CFrame.new(-626.425903,3.459201,-222.067581,0.991587,0.052918,0.118133,-0.105515,0.859082,0.500843,-0.074983,-0.509094,0.857438),
	CFrame.new(-626.412842,3.348924,-222.229416,0.990658,0.059733,0.122589,-0.120693,0.802506,0.584310,-0.063476,-0.593647,0.802218),
	CFrame.new(-626.404114,3.275002,-222.337891,0.989968,0.064031,0.125954,-0.130187,0.759812,0.636975,-0.054915,-0.646982,0.760525),
	CFrame.new(-626.404114,3.275002,-222.337891,0.989968,0.064031,0.125954,-0.130187,0.759812,0.636975,-0.054915,-0.646982,0.760525),
	CFrame.new(-626.398804,3.230164,-222.403687,0.989524,0.066517,0.128131,-0.135645,0.732199,0.667446,-0.049421,-0.677835,0.733551),
	CFrame.new(-626.396057,3.207139,-222.437485,0.989290,0.067756,0.129286,-0.138354,0.717546,0.682631,-0.046516,-0.693207,0.719236),
	CFrame.new(-626.395081,3.198656,-222.449921,0.989202,0.068206,0.129718,-0.139336,0.712070,0.688143,-0.045433,-0.698788,0.713885),
	CFrame.new(-626.395081,3.198656,-222.449921,0.989202,0.068205,0.129718,-0.139336,0.712070,0.688143,-0.045433,-0.698788,0.713885),
	CFrame.new(-626.394958,3.197444,-222.451706,0.989190,0.068269,0.129779,-0.139475,0.711284,0.688927,-0.045277,-0.699581,0.713117),
	CFrame.new(-626.394958,3.200360,-222.451569,0.989205,0.068191,0.129704,-0.139305,0.712244,0.687970,-0.045467,-0.698612,0.714055),
	CFrame.new(-626.394958,3.200360,-222.451569,0.989205,0.068191,0.129704,-0.139305,0.712244,0.687970,-0.045467,-0.698612,0.714055),
	CFrame.new(-626.395020,3.220772,-222.450653,0.989312,0.067642,0.129177,-0.138105,0.718922,0.681233,-0.046789,-0.691791,0.720580),
	CFrame.new(-626.395203,3.276176,-222.448135,0.989597,0.066124,0.127774,-0.134784,0.736721,0.662628,-0.050318,-0.672956,0.737969),
	CFrame.new(-626.395203,3.276176,-222.448135,0.989597,0.066124,0.127774,-0.134784,0.736721,0.662628,-0.050318,-0.672956,0.737969),
	CFrame.new(-626.395630,3.384067,-222.443253,0.990131,0.063064,0.125155,-0.128058,0.769945,0.625129,-0.056939,-0.634986,0.770422),
	CFrame.new(-626.395630,3.384067,-222.443253,0.990131,0.063064,0.125155,-0.128058,0.769945,0.625129,-0.056939,-0.634986,0.770422),
	CFrame.new(-626.466064,3.459201,-221.569199,0.991587,0.052918,0.118133,-0.105515,0.859082,0.500843,-0.074983,-0.509094,0.857438),
	CFrame.new(-626.466064,3.459201,-221.569199,0.991587,0.052918,0.118133,-0.105515,0.859082,0.500843,-0.074983,-0.509094,0.857438),
	CFrame.new(-626.453003,3.348924,-221.731033,0.990658,0.059733,0.122589,-0.120693,0.802506,0.584310,-0.063476,-0.593647,0.802218),
	CFrame.new(-626.453003,3.348924,-221.731033,0.990658,0.059733,0.122589,-0.120693,0.802506,0.584310,-0.063476,-0.593647,0.802218),
	CFrame.new(-626.444275,3.275002,-221.839508,0.989968,0.064031,0.125954,-0.130187,0.759812,0.636975,-0.054915,-0.646982,0.760525),
	CFrame.new(-626.444275,3.275002,-221.839508,0.989968,0.064031,0.125954,-0.130187,0.759812,0.636975,-0.054915,-0.646982,0.760525),
	CFrame.new(-626.438965,3.230164,-221.905304,0.989524,0.066517,0.128131,-0.135645,0.732199,0.667446,-0.049421,-0.677835,0.733551),
	CFrame.new(-626.438965,3.230164,-221.905304,0.989524,0.066517,0.128131,-0.135645,0.732199,0.667446,-0.049421,-0.677835,0.733551),
	CFrame.new(-626.436279,3.207139,-221.939102,0.989290,0.067756,0.129286,-0.138354,0.717546,0.682631,-0.046516,-0.693207,0.719236),
	CFrame.new(-626.436279,3.207139,-221.939102,0.989290,0.067756,0.129286,-0.138354,0.717546,0.682631,-0.046516,-0.693207,0.719236),
	CFrame.new(-626.435242,3.198656,-221.951538,0.989202,0.068206,0.129718,-0.139336,0.712070,0.688143,-0.045433,-0.698788,0.713885),
	CFrame.new(-626.435242,3.198656,-221.951538,0.989202,0.068206,0.129718,-0.139336,0.712070,0.688143,-0.045433,-0.698788,0.713885),
	CFrame.new(-626.435120,3.197444,-221.953323,0.989190,0.068270,0.129780,-0.139476,0.711284,0.688927,-0.045277,-0.699581,0.713117),
	CFrame.new(-626.435120,3.197444,-221.953323,0.989190,0.068270,0.129780,-0.139476,0.711284,0.688927,-0.045277,-0.699581,0.713117),
	CFrame.new(-626.435120,3.198937,-221.953247,0.989198,0.068230,0.129741,-0.139388,0.711776,0.688437,-0.045375,-0.699085,0.713597),
	CFrame.new(-626.435120,3.198937,-221.953247,0.989198,0.068230,0.129741,-0.139388,0.711776,0.688437,-0.045375,-0.699085,0.713597),
	CFrame.new(-626.435120,3.209388,-221.952774,0.989252,0.067949,0.129470,-0.138776,0.715206,0.684998,-0.046053,-0.695603,0.716949),
	CFrame.new(-626.435120,3.209388,-221.952774,0.989252,0.067949,0.129470,-0.138776,0.715206,0.684998,-0.046053,-0.695603,0.716949),
	CFrame.new(-626.435242,3.237755,-221.951492,0.989400,0.067180,0.128743,-0.137097,0.724430,0.675578,-0.047880,-0.686067,0.725961),
	CFrame.new(-626.435242,3.237755,-221.951492,0.989400,0.067180,0.128743,-0.137097,0.724430,0.675578,-0.047880,-0.686067,0.725961),
	CFrame.new(-626.435425,3.292995,-221.948990,0.989682,0.065656,0.127356,-0.133757,0.742027,0.656890,-0.051373,-0.667147,0.743152),
	CFrame.new(-626.435425,3.292995,-221.948990,0.989682,0.065656,0.127356,-0.133757,0.742027,0.656890,-0.051373,-0.667147,0.743152),
	CFrame.new(-626.435791,3.384067,-221.944870,0.990131,0.063064,0.125155,-0.128058,0.769945,0.625129,-0.056939,-0.634986,0.770422),
	CFrame.new(-626.435791,3.384067,-221.944870,0.990131,0.063064,0.125155,-0.128058,0.769945,0.625129,-0.056939,-0.634986,0.770422),
	CFrame.new(-626.506226,3.459201,-221.070816,0.991587,0.052918,0.118133,-0.105515,0.859082,0.500843,-0.074983,-0.509094,0.857438),
	CFrame.new(-626.506226,3.459201,-221.070816,0.991587,0.052918,0.118133,-0.105515,0.859082,0.500843,-0.074983,-0.509094,0.857438),
	CFrame.new(-626.493164,3.348924,-221.232651,0.990658,0.059733,0.122589,-0.120694,0.802506,0.584310,-0.063476,-0.593647,0.802218),
	CFrame.new(-626.493164,3.348924,-221.232651,0.990658,0.059733,0.122589,-0.120694,0.802506,0.584310,-0.063476,-0.593647,0.802218),
	CFrame.new(-626.484436,3.275002,-221.341125,0.989968,0.064031,0.125954,-0.130187,0.759812,0.636975,-0.054915,-0.646982,0.760525),
	CFrame.new(-626.484436,3.275002,-221.341125,0.989968,0.064031,0.125954,-0.130187,0.759812,0.636975,-0.054915,-0.646982,0.760525),
	CFrame.new(-626.479126,3.230164,-221.406921,0.989524,0.066517,0.128131,-0.135645,0.732199,0.667446,-0.049421,-0.677835,0.733551),
	CFrame.new(-626.476440,3.207139,-221.440704,0.989290,0.067756,0.129286,-0.138354,0.717546,0.682631,-0.046516,-0.693207,0.719236),
	CFrame.new(-626.476440,3.207139,-221.440704,0.989290,0.067756,0.129286,-0.138354,0.717546,0.682631,-0.046516,-0.693207,0.719236),
	CFrame.new(-626.475403,3.198656,-221.453156,0.989202,0.068205,0.129718,-0.139336,0.712070,0.688143,-0.045433,-0.698788,0.713885),
	CFrame.new(-626.475403,3.198656,-221.453156,0.989202,0.068205,0.129718,-0.139336,0.712070,0.688143,-0.045433,-0.698788,0.713885),
	CFrame.new(-626.475281,3.197444,-221.454941,0.989190,0.068269,0.129780,-0.139475,0.711284,0.688927,-0.045277,-0.699581,0.713117),
	CFrame.new(-626.475281,3.197444,-221.454941,0.989190,0.068269,0.129780,-0.139475,0.711284,0.688927,-0.045277,-0.699581,0.713117),
	CFrame.new(-626.475281,3.198937,-221.454865,0.989198,0.068230,0.129741,-0.139388,0.711776,0.688437,-0.045375,-0.699085,0.713597),
	CFrame.new(-626.475281,3.198937,-221.454865,0.989198,0.068230,0.129741,-0.139388,0.711776,0.688437,-0.045375,-0.699085,0.713597),
	CFrame.new(-626.475342,3.209388,-221.454391,0.989252,0.067949,0.129470,-0.138776,0.715206,0.684998,-0.046053,-0.695603,0.716949),
	CFrame.new(-626.475342,3.209388,-221.454391,0.989252,0.067949,0.129470,-0.138776,0.715206,0.684998,-0.046053,-0.695603,0.716949),
	CFrame.new(-626.475403,3.237755,-221.453110,0.989400,0.067180,0.128743,-0.137097,0.724430,0.675578,-0.047880,-0.686067,0.725961),
	CFrame.new(-626.475403,3.237755,-221.453110,0.989400,0.067180,0.128743,-0.137097,0.724430,0.675578,-0.047880,-0.686067,0.725961),
	CFrame.new(-626.475647,3.292995,-221.450607,0.989682,0.065656,0.127356,-0.133757,0.742027,0.656890,-0.051373,-0.667147,0.743152),
	CFrame.new(-626.475647,3.292995,-221.450607,0.989682,0.065656,0.127356,-0.133757,0.742027,0.656890,-0.051373,-0.667147,0.743152),
	CFrame.new(-626.475952,3.384067,-221.446487,0.990131,0.063064,0.125155,-0.128058,0.769945,0.625129,-0.056939,-0.634986,0.770422),
	CFrame.new(-626.546387,3.459201,-220.572433,0.991587,0.052918,0.118133,-0.105515,0.859082,0.500843,-0.074983,-0.509094,0.857438),
	CFrame.new(-626.546387,3.459201,-220.572433,0.991587,0.052918,0.118133,-0.105515,0.859082,0.500843,-0.074983,-0.509094,0.857438),
	CFrame.new(-626.531311,3.331464,-220.759888,0.990500,0.060769,0.123358,-0.122989,0.792753,0.597007,-0.061512,-0.606507,0.792695),
	CFrame.new(-626.531311,3.331464,-220.759888,0.990500,0.060769,0.123358,-0.122989,0.792753,0.597007,-0.061512,-0.606507,0.792695),
	CFrame.new(-626.522156,3.253983,-220.873581,0.989762,0.065208,0.126962,-0.132775,0.747023,0.651404,-0.052367,-0.661592,0.748033),
	CFrame.new(-626.517395,3.214197,-220.931976,0.989362,0.067379,0.128929,-0.137531,0.722071,0.678011,-0.047413,-0.688530,0.723656),
	CFrame.new(-626.517395,3.214197,-220.931976,0.989362,0.067379,0.128929,-0.137531,0.722071,0.678011,-0.047413,-0.688530,0.723656),
	CFrame.new(-626.515686,3.199538,-220.953476,0.989211,0.068159,0.129673,-0.139234,0.712642,0.687572,-0.045546,-0.698209,0.714444),
	CFrame.new(-626.515686,3.199538,-220.953476,0.989211,0.068159,0.129673,-0.139234,0.712642,0.687572,-0.045546,-0.698209,0.714444),
	CFrame.new(-626.515442,3.197445,-220.956558,0.989190,0.068269,0.129779,-0.139475,0.711284,0.688927,-0.045277,-0.699581,0.713117),
	CFrame.new(-626.515442,3.197445,-220.956558,0.989190,0.068269,0.129779,-0.139475,0.711284,0.688927,-0.045277,-0.699581,0.713117),
	CFrame.new(-626.515442,3.204356,-220.956238,0.989226,0.068084,0.129600,-0.139071,0.713556,0.686656,-0.045727,-0.697282,0.715337),
	CFrame.new(-626.515442,3.204356,-220.956238,0.989226,0.068084,0.129600,-0.139071,0.713556,0.686656,-0.045727,-0.697282,0.715337),
	CFrame.new(-626.515625,3.252740,-220.954056,0.989477,0.066771,0.128363,-0.136200,0.729251,0.670553,-0.048836,-0.680980,0.730672),
	CFrame.new(-626.515625,3.252740,-220.954056,0.989477,0.066771,0.128363,-0.136200,0.729251,0.670553,-0.048836,-0.680980,0.730672),
	CFrame.new(-626.516113,3.384067,-220.948105,0.990131,0.063064,0.125155,-0.128058,0.769945,0.625129,-0.056939,-0.634986,0.770422),
	CFrame.new(-626.516113,3.384067,-220.948105,0.990131,0.063064,0.125155,-0.128058,0.769945,0.625129,-0.056939,-0.634986,0.770422),
	CFrame.new(-626.063477,3.672686,-227.215836,0.811018,0.044368,0.583336,-0.130752,0.985644,0.106818,-0.570222,-0.162904,0.805176)
}

-- transform helper
local origin = frames[1]:Inverse()
local startCFrame = hrp.CFrame

local function getRelative(cf)
	return startCFrame * (origin * cf)
end

-- === MAIN TIMELINE CONFIGURATION ===
local targetFPS = 55        -- Framerate your recorder captured at
local playbackSpeed = 0.99     -- Change speed here (e.g. 2.0 = 2x speed, 0.5 = half speed)

local totalFrames = #frames
-- Total base duration adjusted by playback speed multiplier
local totalDuration = ((totalFrames - 1) / targetFPS) / playbackSpeed

local function calculateMainTimeline(elapsedTime)
	if elapsedTime >= totalDuration then
		return totalFrames, 1, true
	end
	
	local progress = elapsedTime / totalDuration
	local scaledIndex = progress * (totalFrames - 1) + 1
	local index = math.floor(scaledIndex)
	local alpha = scaledIndex - index
	
	return index, alpha, false
end

-- RUNTIME LOOP
local startTime = tick()
local finished = false
local conn

conn = RunService.RenderStepped:Connect(function()
	if finished then return end

	local currentTime = tick()
	local elapsedTime = currentTime - startTime
	local index, alpha, isFinished = calculateMainTimeline(elapsedTime)

	if isFinished or index >= totalFrames then
		finished = true
		conn:Disconnect()

		track:Stop()

		-- stabilize before final tween
		hrp.Anchored = true
		hrp.AssemblyLinearVelocity = Vector3.zero
		hrp.AssemblyAngularVelocity = Vector3.zero

		local tween = TweenService:Create(
			hrp,
			TweenInfo.new(0, Enum.EasingStyle.Quint, Enum.EasingDirection.Out), -- Instant transition (0s)
			{CFrame = checkpoint.CFrame}
		)

		tween:Play()
		tween.Completed:Wait()

		checkpoint:Destroy()

		-- restore state
		hrp.Anchored = false
		setGhost(false)

		hum.PlatformStand = false
		hum.Sit = oldSit
		hum.AutoRotate = oldAutoRotate

		return
	end

	local nextIndex = math.min(index + 1, totalFrames)
	local a = getRelative(frames[index])
	local b = getRelative(frames[nextIndex])

	hrp.CFrame = a:Lerp(b, alpha)
	hrp.AssemblyLinearVelocity = Vector3.zero
	hrp.AssemblyAngularVelocity = Vector3.zero
end)




local player = game.Players.LocalPlayer
local character = player.Character or player.CharacterAdded:Wait()
local humanoid = character:WaitForChild("Humanoid")

local animation = Instance.new("Animation")
animation.AnimationId = "rbxassetid://93648331"

local animationTrack = humanoid:LoadAnimation(animation)

local fadeTime = 0
animationTrack:Play(fadeTime)
animationTrack.TimePosition = 0.3
animationTrack:AdjustSpeed(0)

task.delay(1.35, function()
    animationTrack:Stop(fadeTime)
end)
local player = game.Players.LocalPlayer
local character = player.Character or player.CharacterAdded:Wait()
local humanoid = character:WaitForChild("Humanoid")

local animation = Instance.new("Animation")
animation.AnimationId = "rbxassetid://214748382"

local animationTrack = humanoid:LoadAnimation(animation)

local fadeTime = 0
animationTrack:Play(fadeTime)
animationTrack.TimePosition = 0.3
animationTrack:AdjustSpeed(0)

task.delay(1.35, function()
    animationTrack:Stop(fadeTime)
end)
Wait(1.35)
local player = game.Players.LocalPlayer
local character = player.Character or player.CharacterAdded:Wait()
local humanoid = character:WaitForChild("Humanoid")

local animation = Instance.new("Animation")
animation.AnimationId = "rbxassetid://160737288"

local animationTrack = humanoid:LoadAnimation(animation)

local fadeTime = 0
animationTrack:Play(fadeTime)
animationTrack.TimePosition = 0
animationTrack:AdjustSpeed(1)

task.delay(1.35, function()
    animationTrack:Stop(fadeTime)
end)
Wait(1.35)
local player = game.Players.LocalPlayer
local character = player.Character or player.CharacterAdded:Wait()
local humanoid = character:WaitForChild("Humanoid")

local animation = Instance.new("Animation")
animation.AnimationId = "rbxassetid://214748382"

local animationTrack = humanoid:LoadAnimation(animation)

local fadeTime = 0
animationTrack:Play(fadeTime)
animationTrack.TimePosition = 0.3
animationTrack:AdjustSpeed(0)

task.delay(1.35, function()
    animationTrack:Stop(fadeTime)
end)
Wait(1.35)
local player = game.Players.LocalPlayer
local character = player.Character or player.CharacterAdded:Wait()
local humanoid = character:WaitForChild("Humanoid")

local animation = Instance.new("Animation")
animation.AnimationId = "rbxassetid://214748382"

local animationTrack = humanoid:LoadAnimation(animation)

local fadeTime = 0
animationTrack:Play(fadeTime)
animationTrack.TimePosition = 0.6
animationTrack:AdjustSpeed(0)

task.delay(1.35, function()
    animationTrack:Stop(fadeTime)
end)
Wait(1.35)
local player = game.Players.LocalPlayer
local character = player.Character or player.CharacterAdded:Wait()
local humanoid = character:WaitForChild("Humanoid")

local animation = Instance.new("Animation")
animation.AnimationId = "rbxassetid://160737288"

local animationTrack = humanoid:LoadAnimation(animation)

local fadeTime = 0
animationTrack:Play(fadeTime)
animationTrack.TimePosition = 0
animationTrack:AdjustSpeed(1)

task.delay(0.45, function()
    animationTrack:Stop(fadeTime)
end)
Wait(0.45)
local player = game.Players.LocalPlayer
local character = player.Character or player.CharacterAdded:Wait()
local humanoid = character:WaitForChild("Humanoid")

local animation = Instance.new("Animation")
animation.AnimationId = "rbxassetid://93648331"

local animationTrack = humanoid:LoadAnimation(animation)

local fadeTime = 0
animationTrack:Play(fadeTime)
animationTrack.TimePosition = 0.3
animationTrack:AdjustSpeed(0)

task.delay(0.45, function()
    animationTrack:Stop(fadeTime)
end)
local player = game.Players.LocalPlayer
local character = player.Character or player.CharacterAdded:Wait()
local humanoid = character:WaitForChild("Humanoid")

local animation = Instance.new("Animation")
animation.AnimationId = "rbxassetid://214748382"

local animationTrack = humanoid:LoadAnimation(animation)

local fadeTime = 0
animationTrack:Play(fadeTime)
animationTrack.TimePosition = 0.3
animationTrack:AdjustSpeed(0)

task.delay(0.45, function()
    animationTrack:Stop(fadeTime)
end)
Wait(0.45)
local player = game.Players.LocalPlayer
local character = player.Character or player.CharacterAdded:Wait()
local humanoid = character:WaitForChild("Humanoid")

local animation = Instance.new("Animation")
animation.AnimationId = "rbxassetid://214748382"

local animationTrack = humanoid:LoadAnimation(animation)

local fadeTime = 0
animationTrack:Play(fadeTime)
animationTrack.TimePosition = 0.3
animationTrack:AdjustSpeed(0)

task.delay(0.45, function()
    animationTrack:Stop(fadeTime)
end)
local player = game.Players.LocalPlayer
local character = player.Character or player.CharacterAdded:Wait()
local humanoid = character:WaitForChild("Humanoid")

local animation = Instance.new("Animation")
animation.AnimationId = "rbxassetid://71379944"

local animationTrack = humanoid:LoadAnimation(animation)

local fadeTime = 0
animationTrack:Play(fadeTime)
animationTrack.TimePosition = 0.5
animationTrack:AdjustSpeed(0)

task.delay(0.45, function()
    animationTrack:Stop(fadeTime)
end)
Wait(0.45)
local player = game.Players.LocalPlayer
local character = player.Character or player.CharacterAdded:Wait()
local humanoid = character:WaitForChild("Humanoid")

local animation = Instance.new("Animation")
animation.AnimationId = "rbxassetid://214748382"

local animationTrack = humanoid:LoadAnimation(animation)

local fadeTime = 0
animationTrack:Play(fadeTime)
animationTrack.TimePosition = 0.6
animationTrack:AdjustSpeed(0)

task.delay(0.45, function()
    animationTrack:Stop(fadeTime)
end)
Wait(0.455)
local player = game.Players.LocalPlayer
local character = player.Character or player.CharacterAdded:Wait()
local humanoid = character:WaitForChild("Humanoid")

local animation = Instance.new("Animation")
animation.AnimationId = "rbxassetid://160737288"

local animationTrack = humanoid:LoadAnimation(animation)

local fadeTime = 0
animationTrack:Play(fadeTime)
animationTrack.TimePosition = 0
animationTrack:AdjustSpeed(1)

task.delay(0.35, function()
    animationTrack:Stop(fadeTime)
end)
Wait(0.35)
local player = game.Players.LocalPlayer
local character = player.Character or player.CharacterAdded:Wait()
local humanoid = character:WaitForChild("Humanoid")

local animation = Instance.new("Animation")
animation.AnimationId = "rbxassetid://93648331"

local animationTrack = humanoid:LoadAnimation(animation)

local fadeTime = 0
animationTrack:Play(fadeTime)
animationTrack.TimePosition = 0.3
animationTrack:AdjustSpeed(0)

task.delay(0.35, function()
    animationTrack:Stop(fadeTime)
end)
local player = game.Players.LocalPlayer
local character = player.Character or player.CharacterAdded:Wait()
local humanoid = character:WaitForChild("Humanoid")

local animation = Instance.new("Animation")
animation.AnimationId = "rbxassetid://214748382"

local animationTrack = humanoid:LoadAnimation(animation)

local fadeTime = 0
animationTrack:Play(fadeTime)
animationTrack.TimePosition = 0.3
animationTrack:AdjustSpeed(0)

task.delay(0.35, function()
    animationTrack:Stop(fadeTime)
end)
Wait(0.35)
local player = game.Players.LocalPlayer
local character = player.Character or player.CharacterAdded:Wait()
local humanoid = character:WaitForChild("Humanoid")

local animation = Instance.new("Animation")
animation.AnimationId = "rbxassetid://214748382"

local animationTrack = humanoid:LoadAnimation(animation)

local fadeTime = 0
animationTrack:Play(fadeTime)
animationTrack.TimePosition = 0.3
animationTrack:AdjustSpeed(0)

task.delay(0.35, function()
    animationTrack:Stop(fadeTime)
end)
local player = game.Players.LocalPlayer
local character = player.Character or player.CharacterAdded:Wait()
local humanoid = character:WaitForChild("Humanoid")

local animation = Instance.new("Animation")
animation.AnimationId = "rbxassetid://71379944"

local animationTrack = humanoid:LoadAnimation(animation)

local fadeTime = 0
animationTrack:Play(fadeTime)
animationTrack.TimePosition = 0.5
animationTrack:AdjustSpeed(0)

task.delay(0.35, function()
    animationTrack:Stop(fadeTime)
end)
Wait(0.35)
local player = game.Players.LocalPlayer
local character = player.Character or player.CharacterAdded:Wait()
local humanoid = character:WaitForChild("Humanoid")

local animation = Instance.new("Animation")
animation.AnimationId = "rbxassetid://214748382"

local animationTrack = humanoid:LoadAnimation(animation)

local fadeTime = 0
animationTrack:Play(fadeTime)
animationTrack.TimePosition = 0.5
animationTrack:AdjustSpeed(0.1)

task.delay(0.35, function()
    animationTrack:Stop(fadeTime)
end)
Wait(0.351)
local player = game.Players.LocalPlayer
local character = player.Character or player.CharacterAdded:Wait()
local humanoid = character:WaitForChild("Humanoid")

local animation = Instance.new("Animation")
animation.AnimationId = "rbxassetid://160737288"

local animationTrack = humanoid:LoadAnimation(animation)

local fadeTime = 0
animationTrack:Play(fadeTime)
animationTrack.TimePosition = 0
animationTrack:AdjustSpeed(1)

task.delay(0.35, function()
    animationTrack:Stop(fadeTime)
end)
Wait(0.35)
local player = game.Players.LocalPlayer
local character = player.Character or player.CharacterAdded:Wait()
local humanoid = character:WaitForChild("Humanoid")

local animation = Instance.new("Animation")
animation.AnimationId = "rbxassetid://93648331"

local animationTrack = humanoid:LoadAnimation(animation)

local fadeTime = 0
animationTrack:Play(fadeTime)
animationTrack.TimePosition = 0.3
animationTrack:AdjustSpeed(0)

task.delay(0.35, function()
    animationTrack:Stop(fadeTime)
end)
local player = game.Players.LocalPlayer
local character = player.Character or player.CharacterAdded:Wait()
local humanoid = character:WaitForChild("Humanoid")

local animation = Instance.new("Animation")
animation.AnimationId = "rbxassetid://214748382"

local animationTrack = humanoid:LoadAnimation(animation)

local fadeTime = 0
animationTrack:Play(fadeTime)
animationTrack.TimePosition = 0.3
animationTrack:AdjustSpeed(0)

task.delay(0.35, function()
    animationTrack:Stop(fadeTime)
end)
Wait(0.35)
local player = game.Players.LocalPlayer
local character = player.Character or player.CharacterAdded:Wait()
local humanoid = character:WaitForChild("Humanoid")

local animation = Instance.new("Animation")
animation.AnimationId = "rbxassetid://214748382"

local animationTrack = humanoid:LoadAnimation(animation)

local fadeTime = 0
animationTrack:Play(fadeTime)
animationTrack.TimePosition = 0.3
animationTrack:AdjustSpeed(0)

task.delay(0.35, function()
    animationTrack:Stop(fadeTime)
end)
local player = game.Players.LocalPlayer
local character = player.Character or player.CharacterAdded:Wait()
local humanoid = character:WaitForChild("Humanoid")

local animation = Instance.new("Animation")
animation.AnimationId = "rbxassetid://71379944"

local animationTrack = humanoid:LoadAnimation(animation)

local fadeTime = 0
animationTrack:Play(fadeTime)
animationTrack.TimePosition = 0.5
animationTrack:AdjustSpeed(0)

task.delay(0.35, function()
    animationTrack:Stop(fadeTime)
end)
Wait(0.35)
local player = game.Players.LocalPlayer
local character = player.Character or player.CharacterAdded:Wait()
local humanoid = character:WaitForChild("Humanoid")

local animation = Instance.new("Animation")
animation.AnimationId = "rbxassetid://214748382"

local animationTrack = humanoid:LoadAnimation(animation)

local fadeTime = 0
animationTrack:Play(fadeTime)
animationTrack.TimePosition = 0.5
animationTrack:AdjustSpeed(0.1)

task.delay(0.35, function()
    animationTrack:Stop(fadeTime)
end)
Wait(0.3513)
local player = game.Players.LocalPlayer
local character = player.Character or player.CharacterAdded:Wait()
local humanoid = character:WaitForChild("Humanoid")

local animation = Instance.new("Animation")
animation.AnimationId = "rbxassetid://160737288"

local animationTrack = humanoid:LoadAnimation(animation)

local fadeTime = 0
animationTrack:Play(fadeTime)
animationTrack.TimePosition = 0
animationTrack:AdjustSpeed(1)

task.delay(0.35, function()
    animationTrack:Stop(fadeTime)
end)
Wait(0.35)
local player = game.Players.LocalPlayer
local character = player.Character or player.CharacterAdded:Wait()
local humanoid = character:WaitForChild("Humanoid")

local animation = Instance.new("Animation")
animation.AnimationId = "rbxassetid://93648331"

local animationTrack = humanoid:LoadAnimation(animation)

local fadeTime = 0
animationTrack:Play(fadeTime)
animationTrack.TimePosition = 0.3
animationTrack:AdjustSpeed(0)

task.delay(0.35, function()
    animationTrack:Stop(fadeTime)
end)
local player = game.Players.LocalPlayer
local character = player.Character or player.CharacterAdded:Wait()
local humanoid = character:WaitForChild("Humanoid")

local animation = Instance.new("Animation")
animation.AnimationId = "rbxassetid://214748382"

local animationTrack = humanoid:LoadAnimation(animation)

local fadeTime = 0
animationTrack:Play(fadeTime)
animationTrack.TimePosition = 0.3
animationTrack:AdjustSpeed(0)

task.delay(0.35, function()
    animationTrack:Stop(fadeTime)
end)
Wait(0.35)
local player = game.Players.LocalPlayer
local character = player.Character or player.CharacterAdded:Wait()
local humanoid = character:WaitForChild("Humanoid")

local animation = Instance.new("Animation")
animation.AnimationId = "rbxassetid://214748382"

local animationTrack = humanoid:LoadAnimation(animation)

local fadeTime = 0
animationTrack:Play(fadeTime)
animationTrack.TimePosition = 0.3
animationTrack:AdjustSpeed(0)

task.delay(0.35, function()
    animationTrack:Stop(fadeTime)
end)
local player = game.Players.LocalPlayer
local character = player.Character or player.CharacterAdded:Wait()
local humanoid = character:WaitForChild("Humanoid")

local animation = Instance.new("Animation")
animation.AnimationId = "rbxassetid://71379944"

local animationTrack = humanoid:LoadAnimation(animation)

local fadeTime = 0
animationTrack:Play(fadeTime)
animationTrack.TimePosition = 0.5
animationTrack:AdjustSpeed(0)

task.delay(0.35, function()
    animationTrack:Stop(fadeTime)
end)
Wait(0.35)
local player = game.Players.LocalPlayer
local character = player.Character or player.CharacterAdded:Wait()
local humanoid = character:WaitForChild("Humanoid")

local animation = Instance.new("Animation")
animation.AnimationId = "rbxassetid://214748382"

local animationTrack = humanoid:LoadAnimation(animation)

local fadeTime = 0
animationTrack:Play(fadeTime)
animationTrack.TimePosition = 0.5
animationTrack:AdjustSpeed(0.1)

task.delay(0.35, function()
    animationTrack:Stop(fadeTime)
end)
Wait(0.305)
local player = game.Players.LocalPlayer
local character = player.Character or player.CharacterAdded:Wait()
local humanoid = character:WaitForChild("Humanoid")

local animation = Instance.new("Animation")
animation.AnimationId = "rbxassetid://93648331"

local animationTrack = humanoid:LoadAnimation(animation)

local fadeTime = 0
animationTrack:Play(fadeTime)
animationTrack.TimePosition = 0.3
animationTrack:AdjustSpeed(0)

task.delay(1.28, function()
    animationTrack:Stop(fadeTime)
end)
local player = game.Players.LocalPlayer
local character = player.Character or player.CharacterAdded:Wait()
local humanoid = character:WaitForChild("Humanoid")

local animation = Instance.new("Animation")
animation.AnimationId = "rbxassetid://214748382"

local animationTrack = humanoid:LoadAnimation(animation)

local fadeTime = 0
animationTrack:Play(fadeTime)
animationTrack.TimePosition = 0.3
animationTrack:AdjustSpeed(0)

task.delay(1.28, function()
    animationTrack:Stop(fadeTime)
end)
Wait(1.28)
local player = game.Players.LocalPlayer
local character = player.Character or player.CharacterAdded:Wait()
local humanoid = character:WaitForChild("Humanoid")

local animation = Instance.new("Animation")
animation.AnimationId = "rbxassetid://160737288"

local animationTrack = humanoid:LoadAnimation(animation)

local fadeTime = 0
animationTrack:Play(fadeTime)
animationTrack.TimePosition = 0
animationTrack:AdjustSpeed(1)

task.delay(1.28, function()
    animationTrack:Stop(fadeTime)
end)
Wait(1.28)
local player = game.Players.LocalPlayer
local character = player.Character or player.CharacterAdded:Wait()
local humanoid = character:WaitForChild("Humanoid")

local animation = Instance.new("Animation")
animation.AnimationId = "rbxassetid://214748382"

local animationTrack = humanoid:LoadAnimation(animation)

local fadeTime = 0
animationTrack:Play(fadeTime)
animationTrack.TimePosition = 0.3
animationTrack:AdjustSpeed(0)

task.delay(1.31, function()
    animationTrack:Stop(fadeTime)
end)
Wait(1.28)
local player = game.Players.LocalPlayer
local character = player.Character or player.CharacterAdded:Wait()
local humanoid = character:WaitForChild("Humanoid")

local animation = Instance.new("Animation")
animation.AnimationId = "rbxassetid://214748382"

local animationTrack = humanoid:LoadAnimation(animation)

local fadeTime = 0
animationTrack:Play(fadeTime)
animationTrack.TimePosition = 0.6
animationTrack:AdjustSpeed(0)

task.delay(1.28, function()
    animationTrack:Stop(fadeTime)
end)
