local Players = game:GetService("Players")
local RunService = game:GetService("RunService")
local TweenService = game:GetService("TweenService")

local player = Players.LocalPlayer
local character = player.Character or player.CharacterAdded:Wait()
local hum = character:WaitForChild("Humanoid")
local hrp = character:WaitForChild("HumanoidRootPart")

-- === CHARACTER PREPARATION ===
local oldAutoRotate = hum.AutoRotate
local oldSit = hum.Sit

-- stop all animations
for _, v in ipairs(hum:GetPlayingAnimationTracks()) do
	v:Stop(0)
end

-- disable physics control
hum.Sit = true
hum.AutoRotate = false
hum.PlatformStand = true

hrp.AssemblyLinearVelocity = Vector3.zero
hrp.AssemblyAngularVelocity = Vector3.zero

-- ghost mode
local originalCollisions = {}
local function setGhost(state)
	for _, obj in ipairs(character:GetDescendants()) do
		if obj:IsA("BasePart") then
			if state then
				originalCollisions[obj] = obj.CanCollide
				obj.CanCollide = false
				obj.Massless = true
			else
				if originalCollisions[obj] ~= nil then
					obj.CanCollide = originalCollisions[obj]
				end
				obj.Massless = false
			end
		end
	end
end

setGhost(true)

-- === CANCEL TOKEN HOOK ===
-- The emote wheel passes a token via the environment.
-- If _cancelToken is set and becomes cancelled, we clean up and abort.
local _token = rawget(getfenv(0), "_cancelToken") -- nil if not run from wheel

local function doCleanup()
    pcall(function() conn:Disconnect() end)
    pcall(function() track:Stop() end)
    pcall(function() hrp.Anchored = false end)
    pcall(function() setGhost(false) end)
    pcall(function() hum.PlatformStand = false end)
    pcall(function() hum.Sit = oldSit end)
    pcall(function() hum.AutoRotate = oldAutoRotate end)
    pcall(function() if checkpoint and checkpoint.Parent then checkpoint:Destroy() end end)
end

-- animation (optional placeholder)
local animation = Instance.new("Animation")
animation.AnimationId = "rbxassetid://0"
local track = hum:LoadAnimation(animation)
track:Play(1, 5, 1)
track:AdjustSpeed(0.01)

-- checkpoint target
local checkpoint = Instance.new("Part")
checkpoint.Size = hrp.Size
checkpoint.CFrame = hrp.CFrame
checkpoint.Anchored = true
checkpoint.CanCollide = false
checkpoint.Transparency = 1
checkpoint.Parent = workspace


local frames = {
	CFrame.new(-320.074646,26.950478,-76.780342,-0.034500,-0.000000,0.999405,-0.000000,1.000000,0.000000,-0.999405,-0.000000,-0.034500),
	CFrame.new(-320.077545,26.941334,-76.779213,-0.040305,-0.025680,0.998857,0.000860,0.999668,0.025735,-0.999187,0.001896,-0.040269),
	CFrame.new(-320.080444,26.932295,-76.778084,-0.046139,-0.051377,0.997613,0.001572,0.998672,0.051504,-0.998934,0.003944,-0.045996),
	CFrame.new(-320.083801,26.921810,-76.776764,-0.052973,-0.081341,0.995278,0.002212,0.996665,0.081572,-0.998594,0.006523,-0.052617),
	CFrame.new(-320.086700,26.913666,-76.775627,-0.058849,-0.106981,0.992518,0.002597,0.994221,0.107318,-0.998263,0.008893,-0.058231),
	CFrame.new(-320.091522,26.901243,-76.773743,-0.068661,-0.149546,0.986368,0.002900,0.988667,0.150096,-0.997636,0.013166,-0.067449),
	CFrame.new(-320.096375,26.889477,-76.771858,-0.078471,-0.191793,0.978293,0.002778,0.981273,0.192600,-0.996912,0.017831,-0.076469),
	CFrame.new(-320.014343,26.916569,-76.784103,-0.056351,-0.140260,0.988510,0.000090,0.990082,0.140489,-0.998411,0.008006,-0.055780),
	CFrame.new(-320.001068,26.909849,-76.784935,-0.061147,-0.170838,0.983400,-0.000304,0.985247,0.171140,-0.998129,0.010166,-0.060296),
	CFrame.new(-320.001068,26.909849,-76.784935,-0.061147,-0.170838,0.983400,-0.000304,0.985247,0.171140,-0.998129,0.010166,-0.060296),
	CFrame.new(-320.001068,26.909849,-76.784935,-0.061147,-0.170838,0.983400,-0.000304,0.985247,0.171140,-0.998129,0.010166,-0.060296),
	CFrame.new(-319.986877,26.818884,-76.873657,0.277399,-0.160162,0.947311,-0.106318,0.974834,0.195949,-0.954854,-0.155072,0.253389),
	CFrame.new(-319.986877,26.818884,-76.873657,0.277399,-0.160162,0.947311,-0.106318,0.974834,0.195949,-0.954854,-0.155073,0.253389),
	CFrame.new(-319.986877,26.818884,-76.873657,0.277399,-0.160162,0.947311,-0.106318,0.974834,0.195949,-0.954854,-0.155073,0.253389),
	CFrame.new(-319.986877,26.818884,-76.873657,0.277399,-0.160162,0.947311,-0.106318,0.974834,0.195949,-0.954854,-0.155073,0.253389),
	CFrame.new(-320.003448,26.814939,-77.001633,0.275208,-0.154565,0.948878,-0.064327,0.981819,0.178588,-0.959230,-0.110188,0.260262),
	CFrame.new(-320.005035,26.819141,-77.032417,0.275208,-0.154565,0.948878,-0.064327,0.981819,0.178588,-0.959230,-0.110188,0.260262),
	CFrame.new(-320.005035,26.819141,-77.032417,0.275208,-0.154565,0.948878,-0.064327,0.981819,0.178588,-0.959230,-0.110188,0.260262),
	CFrame.new(-320.005035,26.819141,-77.032417,0.275208,-0.154565,0.948878,-0.064327,0.981819,0.178588,-0.959230,-0.110188,0.260262),
	CFrame.new(-320.005035,26.819141,-77.032417,0.275208,-0.154565,0.948878,-0.064327,0.981819,0.178588,-0.959230,-0.110188,0.260262),
	CFrame.new(-320.005035,26.819141,-77.032417,0.275208,-0.154565,0.948878,-0.064327,0.981819,0.178588,-0.959230,-0.110188,0.260262),
	CFrame.new(-320.005035,26.819141,-77.032417,0.275208,-0.154565,0.948878,-0.064327,0.981819,0.178588,-0.959230,-0.110188,0.260262),
	CFrame.new(-320.005035,26.819141,-77.032417,0.275208,-0.154565,0.948878,-0.064327,0.981819,0.178588,-0.959230,-0.110188,0.260262),
	CFrame.new(-320.005035,26.819139,-77.032417,0.275208,-0.154565,0.948878,-0.064327,0.981819,0.178588,-0.959230,-0.110188,0.260262),
	CFrame.new(-320.001831,26.837696,-76.954819,0.274675,-0.153700,0.949173,-0.045660,0.983943,0.172543,-0.960452,-0.090732,0.263246),
	CFrame.new(-320.001831,26.837696,-76.954819,0.274675,-0.153700,0.949173,-0.045660,0.983943,0.172543,-0.960452,-0.090732,0.263246),
	CFrame.new(-320.001831,26.837696,-76.954819,0.274675,-0.153700,0.949173,-0.045660,0.983943,0.172543,-0.960452,-0.090732,0.263246),
	CFrame.new(-320.001831,26.837696,-76.954819,0.274675,-0.153700,0.949173,-0.045660,0.983943,0.172543,-0.960452,-0.090732,0.263246),
	CFrame.new(-320.001831,26.837696,-76.954819,0.274675,-0.153700,0.949173,-0.045660,0.983943,0.172543,-0.960452,-0.090732,0.263246),
	CFrame.new(-320.021667,26.835608,-76.823326,0.148738,-0.182290,0.971930,-0.032920,0.981405,0.189105,-0.988328,-0.060123,0.139972),
	CFrame.new(-320.021667,26.835608,-76.823326,0.148738,-0.182290,0.971930,-0.032920,0.981405,0.189105,-0.988328,-0.060123,0.139972),
	CFrame.new(-320.021667,26.835608,-76.823326,0.148738,-0.182290,0.971930,-0.032920,0.981405,0.189105,-0.988328,-0.060123,0.139972),
	CFrame.new(-319.987305,26.842131,-76.793159,-0.012463,-0.140960,0.989937,-0.038822,0.989336,0.140386,-0.999168,-0.036682,-0.017802),
	CFrame.new(-319.987305,26.842131,-76.793159,-0.012463,-0.140960,0.989937,-0.038822,0.989336,0.140386,-0.999168,-0.036682,-0.017802),
	CFrame.new(-319.987305,26.842131,-76.793159,-0.012463,-0.140960,0.989937,-0.038822,0.989336,0.140386,-0.999168,-0.036682,-0.017802),
	CFrame.new(-319.987305,26.842131,-76.793159,-0.012463,-0.140960,0.989937,-0.038822,0.989336,0.140386,-0.999168,-0.036682,-0.017802),
	CFrame.new(-319.891083,26.850637,-76.755989,-0.439327,-0.023997,0.898007,-0.002906,0.999676,0.025293,-0.898322,0.008502,-0.439254),
	CFrame.new(-319.891083,26.850637,-76.755989,-0.439327,-0.023998,0.898007,-0.002906,0.999676,0.025293,-0.898322,0.008502,-0.439254),
	CFrame.new(-320.094849,26.494673,-76.240158,-0.638918,-0.284464,0.714747,0.025168,0.920892,0.389006,-0.768863,0.266531,-0.581215),
	CFrame.new(-320.094849,26.494673,-76.240158,-0.638918,-0.284464,0.714747,0.025168,0.920892,0.389006,-0.768863,0.266531,-0.581215),
	CFrame.new(-320.094849,26.494673,-76.240158,-0.638918,-0.284464,0.714747,0.025168,0.920892,0.389006,-0.768863,0.266531,-0.581215),
	CFrame.new(-320.094849,26.494673,-76.240158,-0.638918,-0.284464,0.714747,0.025168,0.920892,0.389006,-0.768863,0.266531,-0.581215),
	CFrame.new(-320.094849,26.494673,-76.240158,-0.638918,-0.284464,0.714747,0.025168,0.920892,0.389006,-0.768863,0.266531,-0.581215),
	CFrame.new(-320.078888,26.291849,-75.886353,-0.634576,-0.276979,0.721524,0.103811,0.894568,0.434708,-0.765857,0.350757,-0.538918),
	CFrame.new(-320.078888,26.291849,-75.886353,-0.634576,-0.276979,0.721524,0.103811,0.894568,0.434708,-0.765857,0.350757,-0.538918),
	CFrame.new(-320.078888,26.291849,-75.886353,-0.634576,-0.276979,0.721524,0.103811,0.894568,0.434708,-0.765857,0.350757,-0.538918),
	CFrame.new(-320.078888,26.291849,-75.886353,-0.634576,-0.276979,0.721524,0.103811,0.894568,0.434708,-0.765857,0.350757,-0.538918),
	CFrame.new(-320.078888,26.291849,-75.886353,-0.634576,-0.276979,0.721524,0.103811,0.894568,0.434708,-0.765857,0.350757,-0.538918),
	CFrame.new(-320.078888,26.291849,-75.886353,-0.634576,-0.276979,0.721524,0.103811,0.894568,0.434708,-0.765857,0.350757,-0.538918),
	CFrame.new(-320.073120,26.282925,-75.753334,-0.632915,-0.274570,0.723899,0.130648,0.883718,0.449416,-0.763119,0.379018,-0.523446),
	CFrame.new(-320.073120,26.282925,-75.753334,-0.632915,-0.274570,0.723899,0.130648,0.883717,0.449416,-0.763119,0.379018,-0.523446),
	CFrame.new(-320.073120,26.282925,-75.753334,-0.632915,-0.274570,0.723899,0.130648,0.883718,0.449416,-0.763119,0.379018,-0.523446),
	CFrame.new(-320.073120,26.282925,-75.753334,-0.632915,-0.274570,0.723899,0.130648,0.883718,0.449416,-0.763119,0.379018,-0.523446),
	CFrame.new(-320.073120,26.282925,-75.753334,-0.632915,-0.274570,0.723899,0.130648,0.883718,0.449416,-0.763119,0.379018,-0.523446),
	CFrame.new(-320.073120,26.282925,-75.753334,-0.632915,-0.274570,0.723899,0.130648,0.883718,0.449416,-0.763119,0.379018,-0.523446),
	CFrame.new(-320.073853,26.279264,-75.737106,-0.645621,-0.276960,0.711664,0.125150,0.880943,0.456374,-0.753333,0.383709,-0.534094),
	CFrame.new(-320.073853,26.279264,-75.737106,-0.645621,-0.276960,0.711664,0.125150,0.880943,0.456374,-0.753333,0.383709,-0.534094),
	CFrame.new(-320.073853,26.279263,-75.737106,-0.645621,-0.276960,0.711664,0.125150,0.880943,0.456374,-0.753333,0.383710,-0.534094),
	CFrame.new(-320.073853,26.279263,-75.737106,-0.645621,-0.276960,0.711664,0.125150,0.880943,0.456374,-0.753333,0.383710,-0.534094),
	CFrame.new(-320.073853,26.279263,-75.737106,-0.645621,-0.276959,0.711664,0.125150,0.880943,0.456374,-0.753333,0.383710,-0.534094),
	CFrame.new(-320.073853,26.279263,-75.737106,-0.645621,-0.276960,0.711664,0.125150,0.880943,0.456374,-0.753333,0.383710,-0.534094),
	CFrame.new(-320.073212,26.283401,-75.733009,-0.645621,-0.276960,0.711664,0.125150,0.880943,0.456374,-0.753333,0.383710,-0.534094),
	CFrame.new(-320.073212,26.283401,-75.733009,-0.645621,-0.276960,0.711664,0.125150,0.880943,0.456374,-0.753333,0.383710,-0.534094),
	CFrame.new(-320.073212,26.283401,-75.733009,-0.645621,-0.276960,0.711664,0.125150,0.880943,0.456374,-0.753333,0.383709,-0.534094),
	CFrame.new(-320.073212,26.283401,-75.733009,-0.645621,-0.276960,0.711664,0.125150,0.880943,0.456374,-0.753333,0.383709,-0.534094),
	CFrame.new(-320.073212,26.283401,-75.733009,-0.645621,-0.276960,0.711664,0.125150,0.880943,0.456374,-0.753333,0.383709,-0.534094),
	CFrame.new(-320.073212,26.283401,-75.733009,-0.645621,-0.276960,0.711664,0.125150,0.880943,0.456374,-0.753333,0.383709,-0.534094),
	CFrame.new(-320.073212,26.283401,-75.733009,-0.645621,-0.276960,0.711664,0.125150,0.880943,0.456374,-0.753333,0.383709,-0.534094),
	CFrame.new(-320.073212,26.283401,-75.733009,-0.645621,-0.276960,0.711664,0.125150,0.880943,0.456374,-0.753333,0.383709,-0.534094),
	CFrame.new(-320.073212,26.283401,-75.733009,-0.645621,-0.276960,0.711664,0.125150,0.880943,0.456374,-0.753333,0.383710,-0.534094),
	CFrame.new(-320.073212,26.283401,-75.733009,-0.645621,-0.276959,0.711664,0.125150,0.880943,0.456374,-0.753333,0.383710,-0.534094),
	CFrame.new(-320.073212,26.283401,-75.733009,-0.645621,-0.276959,0.711664,0.125150,0.880943,0.456374,-0.753333,0.383710,-0.534094),
	CFrame.new(-320.073212,26.283401,-75.733009,-0.645621,-0.276960,0.711664,0.125150,0.880943,0.456374,-0.753333,0.383710,-0.534094),
	CFrame.new(-320.073212,26.283401,-75.733009,-0.645621,-0.276960,0.711664,0.125150,0.880943,0.456374,-0.753333,0.383710,-0.534094),
	CFrame.new(-320.073212,26.283401,-75.733009,-0.645621,-0.276960,0.711664,0.125150,0.880943,0.456374,-0.753333,0.383709,-0.534094),
	CFrame.new(-320.073212,26.283401,-75.733009,-0.645621,-0.276960,0.711664,0.125150,0.880943,0.456374,-0.753333,0.383709,-0.534094),
	CFrame.new(-320.073212,26.283401,-75.733009,-0.645621,-0.276960,0.711664,0.125150,0.880943,0.456374,-0.753333,0.383709,-0.534094),
	CFrame.new(-320.073212,26.283401,-75.733009,-0.645621,-0.276960,0.711664,0.125150,0.880943,0.456374,-0.753333,0.383709,-0.534094),
	CFrame.new(-320.073212,26.283401,-75.733009,-0.645621,-0.276960,0.711664,0.125150,0.880943,0.456374,-0.753333,0.383710,-0.534094),
	CFrame.new(-320.073212,26.283401,-75.733009,-0.645621,-0.276960,0.711664,0.125150,0.880943,0.456374,-0.753333,0.383710,-0.534094),
	CFrame.new(-320.073212,26.283401,-75.733009,-0.645621,-0.276959,0.711664,0.125150,0.880943,0.456374,-0.753333,0.383710,-0.534094),
	CFrame.new(-320.073212,26.283401,-75.733009,-0.645621,-0.276960,0.711664,0.125150,0.880943,0.456374,-0.753333,0.383710,-0.534094),
	CFrame.new(-320.073212,26.283401,-75.733009,-0.645621,-0.276960,0.711664,0.125150,0.880943,0.456374,-0.753333,0.383710,-0.534094),
	CFrame.new(-320.073212,26.283401,-75.733009,-0.645621,-0.276960,0.711664,0.125150,0.880943,0.456374,-0.753333,0.383709,-0.534094),
	CFrame.new(-320.073212,26.283401,-75.733009,-0.645621,-0.276960,0.711664,0.125150,0.880943,0.456374,-0.753333,0.383709,-0.534094),
	CFrame.new(-320.078125,26.244940,-75.782509,-0.632026,-0.273364,0.725131,0.144418,0.877777,0.456784,-0.761371,0.393422,-0.515299),
	CFrame.new(-320.078125,26.244940,-75.782509,-0.632026,-0.273364,0.725131,0.144418,0.877777,0.456784,-0.761371,0.393422,-0.515299),
	CFrame.new(-320.078125,26.244940,-75.782509,-0.632026,-0.273364,0.725131,0.144418,0.877777,0.456784,-0.761371,0.393422,-0.515299),
	CFrame.new(-320.078125,26.244940,-75.782509,-0.632026,-0.273364,0.725131,0.144418,0.877777,0.456784,-0.761371,0.393422,-0.515299),
	CFrame.new(-320.078125,26.244940,-75.782509,-0.632026,-0.273364,0.725131,0.144418,0.877776,0.456784,-0.761371,0.393422,-0.515299),
	CFrame.new(-320.078125,26.244940,-75.782509,-0.632026,-0.273364,0.725131,0.144418,0.877777,0.456784,-0.761371,0.393422,-0.515299),
	CFrame.new(-320.078125,26.244940,-75.782509,-0.632026,-0.273364,0.725131,0.144418,0.877777,0.456784,-0.761371,0.393422,-0.515299),
	CFrame.new(-320.078125,26.244940,-75.782509,-0.632026,-0.273364,0.725131,0.144418,0.877777,0.456784,-0.761371,0.393422,-0.515299),
	CFrame.new(-320.078125,26.244940,-75.782509,-0.632026,-0.273364,0.725131,0.144418,0.877777,0.456784,-0.761371,0.393422,-0.515299),
	CFrame.new(-320.078125,26.244940,-75.782509,-0.632026,-0.273364,0.725131,0.144418,0.877777,0.456784,-0.761371,0.393422,-0.515299),
	CFrame.new(-320.078125,26.244940,-75.782509,-0.632026,-0.273364,0.725131,0.144418,0.877777,0.456784,-0.761371,0.393422,-0.515299),
	CFrame.new(-320.078125,26.244940,-75.782509,-0.632026,-0.273364,0.725131,0.144418,0.877776,0.456784,-0.761371,0.393422,-0.515299),
	CFrame.new(-320.121552,26.245188,-75.977264,-0.554330,-0.319264,0.768628,0.132023,0.878079,0.459942,-0.821759,0.356436,-0.444595),
	CFrame.new(-320.121552,26.245188,-75.977264,-0.554330,-0.319264,0.768628,0.132023,0.878079,0.459942,-0.821759,0.356436,-0.444595),
	CFrame.new(-320.121552,26.245188,-75.977264,-0.554330,-0.319265,0.768628,0.132023,0.878079,0.459942,-0.821759,0.356436,-0.444595),
	CFrame.new(-320.121552,26.245188,-75.977264,-0.554330,-0.319264,0.768628,0.132023,0.878079,0.459942,-0.821759,0.356436,-0.444595),
	CFrame.new(-320.106567,26.267262,-76.161804,-0.550804,-0.323508,0.769388,0.164674,0.861583,0.480163,-0.818228,0.391174,-0.421290),
	CFrame.new(-320.106567,26.267262,-76.161804,-0.550804,-0.323508,0.769388,0.164674,0.861583,0.480163,-0.818228,0.391174,-0.421290),
	CFrame.new(-320.106567,26.267262,-76.161804,-0.550804,-0.323508,0.769388,0.164674,0.861583,0.480163,-0.818228,0.391174,-0.421290),
	CFrame.new(-320.106567,26.267262,-76.161804,-0.550804,-0.323508,0.769388,0.164674,0.861583,0.480163,-0.818228,0.391174,-0.421290),
	CFrame.new(-320.106567,26.267262,-76.161804,-0.550804,-0.323508,0.769388,0.164674,0.861583,0.480163,-0.818228,0.391174,-0.421290),
	CFrame.new(-320.088623,26.312712,-76.350075,-0.559848,-0.313098,0.767163,0.082560,0.900174,0.427633,-0.824472,0.302747,-0.478112),
	CFrame.new(-320.088623,26.312712,-76.350075,-0.559848,-0.313098,0.767163,0.082560,0.900174,0.427633,-0.824472,0.302747,-0.478112),
	CFrame.new(-320.088623,26.312712,-76.350075,-0.559848,-0.313098,0.767163,0.082560,0.900174,0.427633,-0.824472,0.302747,-0.478112),
	CFrame.new(-320.088623,26.312712,-76.350075,-0.559848,-0.313098,0.767163,0.082560,0.900174,0.427633,-0.824472,0.302747,-0.478112),
	CFrame.new(-320.088623,26.312712,-76.350075,-0.559848,-0.313098,0.767163,0.082560,0.900174,0.427633,-0.824472,0.302747,-0.478112),
	CFrame.new(-320.088623,26.312712,-76.350075,-0.559848,-0.313098,0.767163,0.082560,0.900174,0.427633,-0.824472,0.302747,-0.478112),
	CFrame.new(-320.088623,26.312712,-76.350075,-0.559848,-0.313098,0.767163,0.082560,0.900174,0.427633,-0.824472,0.302747,-0.478112),
	CFrame.new(-320.088623,26.312712,-76.350075,-0.559848,-0.313098,0.767163,0.082560,0.900174,0.427633,-0.824472,0.302747,-0.478112),
	CFrame.new(-320.088623,26.312712,-76.350075,-0.559848,-0.313098,0.767163,0.082560,0.900174,0.427633,-0.824472,0.302747,-0.478112),
	CFrame.new(-320.088623,26.312712,-76.350075,-0.559848,-0.313098,0.767163,0.082560,0.900174,0.427633,-0.824472,0.302747,-0.478112),
	CFrame.new(-320.088623,26.312712,-76.350075,-0.559848,-0.313098,0.767163,0.082560,0.900174,0.427633,-0.824472,0.302747,-0.478112),
	CFrame.new(-320.088623,26.312712,-76.350075,-0.559848,-0.313098,0.767163,0.082560,0.900174,0.427633,-0.824472,0.302747,-0.478112),
	CFrame.new(-320.088623,26.312712,-76.350075,-0.559848,-0.313098,0.767163,0.082560,0.900174,0.427633,-0.824472,0.302747,-0.478112),
	CFrame.new(-320.076447,26.401587,-76.378708,-0.563198,-0.309615,0.766125,0.053436,0.911563,0.407673,-0.824593,0.270539,-0.496845),
	CFrame.new(-320.076447,26.401587,-76.378708,-0.563198,-0.309615,0.766125,0.053436,0.911563,0.407673,-0.824593,0.270539,-0.496845),
	CFrame.new(-320.001984,26.571651,-76.503014,-0.247489,-0.219076,0.943798,0.063227,0.968374,0.241360,-0.966825,0.119408,-0.225811),
	CFrame.new(-320.001984,26.571651,-76.503014,-0.247489,-0.219076,0.943798,0.063227,0.968374,0.241360,-0.966825,0.119408,-0.225811),
	CFrame.new(-320.001984,26.571651,-76.503014,-0.247489,-0.219076,0.943798,0.063227,0.968374,0.241360,-0.966825,0.119408,-0.225811),
	CFrame.new(-320.001984,26.571651,-76.503014,-0.247489,-0.219076,0.943798,0.063227,0.968374,0.241360,-0.966825,0.119407,-0.225811),
	CFrame.new(-320.001984,26.571651,-76.503014,-0.247489,-0.219076,0.943798,0.063227,0.968374,0.241360,-0.966825,0.119407,-0.225811),
	CFrame.new(-320.001984,26.571651,-76.503014,-0.247489,-0.219076,0.943798,0.063227,0.968374,0.241360,-0.966825,0.119407,-0.225811),
	CFrame.new(-319.883545,26.593454,-77.163849,-0.567852,-0.054426,0.821329,-0.101001,0.994879,-0.003904,-0.816910,-0.085172,-0.570441),
	CFrame.new(-319.883545,26.593454,-77.163849,-0.567852,-0.054426,0.821329,-0.101001,0.994879,-0.003904,-0.816910,-0.085172,-0.570441),
	CFrame.new(-319.883545,26.593454,-77.163849,-0.567852,-0.054426,0.821329,-0.101001,0.994879,-0.003904,-0.816910,-0.085172,-0.570441),
	CFrame.new(-319.884857,26.587950,-77.183159,-0.567852,-0.054426,0.821329,-0.101001,0.994879,-0.003904,-0.816910,-0.085172,-0.570441),
	CFrame.new(-319.884857,26.587950,-77.183159,-0.567852,-0.054426,0.821329,-0.101001,0.994879,-0.003904,-0.816910,-0.085172,-0.570441),
	CFrame.new(-319.884857,26.587950,-77.183159,-0.567852,-0.054426,0.821329,-0.101001,0.994879,-0.003904,-0.816910,-0.085172,-0.570441),
	CFrame.new(-319.884857,26.587950,-77.183159,-0.567852,-0.054426,0.821329,-0.101001,0.994879,-0.003904,-0.816910,-0.085172,-0.570441),
	CFrame.new(-319.884857,26.587950,-77.183159,-0.567852,-0.054426,0.821329,-0.101001,0.994879,-0.003904,-0.816910,-0.085172,-0.570441),
	CFrame.new(-319.884857,26.587950,-77.183159,-0.567852,-0.054426,0.821329,-0.101001,0.994879,-0.003904,-0.816910,-0.085172,-0.570441),
	CFrame.new(-319.884857,26.587950,-77.183159,-0.567852,-0.054426,0.821329,-0.101001,0.994879,-0.003904,-0.816910,-0.085172,-0.570441),
	CFrame.new(-319.884857,26.587950,-77.183159,-0.567852,-0.054426,0.821329,-0.101001,0.994879,-0.003904,-0.816910,-0.085172,-0.570441),
	CFrame.new(-319.884857,26.587950,-77.183159,-0.567852,-0.054426,0.821329,-0.101001,0.994879,-0.003904,-0.816910,-0.085172,-0.570441),
	CFrame.new(-319.884857,26.587950,-77.183159,-0.567852,-0.054426,0.821329,-0.101001,0.994879,-0.003904,-0.816910,-0.085172,-0.570441),
	CFrame.new(-319.884857,26.587950,-77.183159,-0.567852,-0.054426,0.821329,-0.101001,0.994879,-0.003904,-0.816910,-0.085172,-0.570441),
	CFrame.new(-319.884857,26.587950,-77.183159,-0.567852,-0.054426,0.821329,-0.101001,0.994879,-0.003904,-0.816910,-0.085172,-0.570441),
	CFrame.new(-319.884857,26.587950,-77.183159,-0.567852,-0.054426,0.821329,-0.101001,0.994879,-0.003904,-0.816910,-0.085172,-0.570441),
	CFrame.new(-319.884857,26.587950,-77.183159,-0.567852,-0.054426,0.821329,-0.101001,0.994879,-0.003904,-0.816910,-0.085172,-0.570441),
	CFrame.new(-319.884857,26.587950,-77.183159,-0.567852,-0.054426,0.821329,-0.101001,0.994879,-0.003904,-0.816910,-0.085172,-0.570441),
	CFrame.new(-319.884857,26.587950,-77.183159,-0.567852,-0.054426,0.821329,-0.101001,0.994879,-0.003904,-0.816910,-0.085172,-0.570441),
	CFrame.new(-319.884857,26.587950,-77.183159,-0.567852,-0.054426,0.821329,-0.101001,0.994879,-0.003904,-0.816910,-0.085172,-0.570441),
	CFrame.new(-319.884857,26.587950,-77.183159,-0.567852,-0.054426,0.821329,-0.101001,0.994879,-0.003904,-0.816910,-0.085172,-0.570441),
	CFrame.new(-319.884857,26.587950,-77.183159,-0.567852,-0.054426,0.821329,-0.101001,0.994879,-0.003904,-0.816910,-0.085172,-0.570441),
	CFrame.new(-319.872711,26.585060,-77.160477,-0.509452,-0.047619,0.859180,-0.098041,0.995178,-0.002977,-0.854895,-0.085751,-0.511664),
	CFrame.new(-319.872711,26.585060,-77.160477,-0.509452,-0.047619,0.859180,-0.098040,0.995178,-0.002977,-0.854895,-0.085751,-0.511664),
	CFrame.new(-319.872711,26.585060,-77.160477,-0.509452,-0.047619,0.859180,-0.098040,0.995178,-0.002977,-0.854895,-0.085751,-0.511664),
	CFrame.new(-319.872711,26.585060,-77.160477,-0.509452,-0.047619,0.859180,-0.098041,0.995178,-0.002977,-0.854895,-0.085751,-0.511664),
	CFrame.new(-319.859100,26.594645,-77.092606,-0.270060,-0.051948,0.961441,-0.091714,0.995391,0.028021,-0.958466,-0.080610,-0.273579),
	CFrame.new(-319.859100,26.594645,-77.092606,-0.270060,-0.051948,0.961441,-0.091714,0.995391,0.028021,-0.958466,-0.080610,-0.273579),
	CFrame.new(-319.859100,26.594645,-77.092606,-0.270060,-0.051948,0.961441,-0.091714,0.995391,0.028021,-0.958466,-0.080610,-0.273579),
	CFrame.new(-319.859100,26.594645,-77.092606,-0.270060,-0.051948,0.961441,-0.091714,0.995391,0.028021,-0.958466,-0.080610,-0.273579),
	CFrame.new(-319.864563,26.621096,-77.131821,-0.270148,-0.053404,0.961336,-0.100926,0.994531,0.026886,-0.957514,-0.089761,-0.274061),
	CFrame.new(-319.864563,26.621096,-77.131821,-0.270148,-0.053404,0.961336,-0.100926,0.994531,0.026886,-0.957514,-0.089761,-0.274061),
	CFrame.new(-319.864563,26.621096,-77.131821,-0.270148,-0.053404,0.961336,-0.100926,0.994531,0.026886,-0.957514,-0.089761,-0.274061),
	CFrame.new(-319.869446,26.620501,-77.162888,-0.270207,-0.054528,0.961257,-0.108031,0.993807,0.026007,-0.956722,-0.096818,-0.274425),
	CFrame.new(-319.869446,26.620501,-77.162888,-0.270207,-0.054528,0.961257,-0.108031,0.993807,0.026007,-0.956722,-0.096818,-0.274425),
	CFrame.new(-319.869446,26.620501,-77.162888,-0.270207,-0.054528,0.961257,-0.108031,0.993807,0.026007,-0.956722,-0.096818,-0.274425),
	CFrame.new(-319.869446,26.620501,-77.162888,-0.270207,-0.054528,0.961257,-0.108031,0.993807,0.026007,-0.956722,-0.096818,-0.274425),
	CFrame.new(-319.869446,26.620501,-77.162888,-0.270207,-0.054528,0.961257,-0.108031,0.993807,0.026007,-0.956722,-0.096818,-0.274425),
	CFrame.new(-319.869446,26.620501,-77.162888,-0.270207,-0.054528,0.961257,-0.108031,0.993807,0.026007,-0.956722,-0.096818,-0.274425),
	CFrame.new(-319.871735,26.618547,-77.177208,-0.270238,-0.055163,0.961212,-0.112037,0.993376,0.025510,-0.956253,-0.100798,-0.274628),
	CFrame.new(-319.871735,26.618549,-77.177208,-0.270238,-0.055163,0.961212,-0.112037,0.993376,0.025510,-0.956253,-0.100798,-0.274628),
	CFrame.new(-319.871735,26.618549,-77.177208,-0.270238,-0.055163,0.961212,-0.112037,0.993376,0.025510,-0.956253,-0.100798,-0.274628),
	CFrame.new(-319.871735,26.618549,-77.177208,-0.270238,-0.055162,0.961212,-0.112037,0.993376,0.025510,-0.956253,-0.100798,-0.274628),
	CFrame.new(-319.871735,26.618549,-77.177208,-0.270238,-0.055162,0.961212,-0.112037,0.993376,0.025510,-0.956253,-0.100798,-0.274628),
	CFrame.new(-319.866669,26.618549,-77.146156,-0.270238,-0.055162,0.961212,-0.112037,0.993376,0.025510,-0.956253,-0.100798,-0.274628),
	CFrame.new(-319.866669,26.618549,-77.146156,-0.270238,-0.055163,0.961212,-0.112037,0.993376,0.025510,-0.956253,-0.100798,-0.274628),
	CFrame.new(-319.866669,26.618549,-77.146156,-0.270238,-0.055163,0.961212,-0.112037,0.993376,0.025510,-0.956253,-0.100798,-0.274628),
	CFrame.new(-319.866669,26.618547,-77.146156,-0.270238,-0.055163,0.961212,-0.112037,0.993376,0.025510,-0.956253,-0.100798,-0.274628),
	CFrame.new(-319.866669,26.618547,-77.146156,-0.270238,-0.055163,0.961212,-0.112037,0.993376,0.025510,-0.956253,-0.100798,-0.274628),
	CFrame.new(-319.866669,26.618547,-77.146156,-0.270238,-0.055163,0.961212,-0.112037,0.993376,0.025510,-0.956253,-0.100798,-0.274628),
	CFrame.new(-319.866669,26.618549,-77.146156,-0.270238,-0.055163,0.961212,-0.112037,0.993376,0.025510,-0.956253,-0.100798,-0.274628),
	CFrame.new(-319.866669,26.618549,-77.146156,-0.270238,-0.055163,0.961212,-0.112037,0.993376,0.025510,-0.956253,-0.100798,-0.274628),
	CFrame.new(-319.866455,26.618549,-77.139969,-0.270238,-0.055162,0.961212,-0.112037,0.993376,0.025510,-0.956253,-0.100798,-0.274628),
	CFrame.new(-319.866455,26.618549,-77.139969,-0.270238,-0.055162,0.961212,-0.112037,0.993376,0.025510,-0.956253,-0.100798,-0.274628),
	CFrame.new(-319.866455,26.618549,-77.139969,-0.270238,-0.055162,0.961212,-0.112037,0.993376,0.025510,-0.956253,-0.100798,-0.274628),
	CFrame.new(-319.866455,26.618549,-77.139969,-0.270238,-0.055163,0.961212,-0.112037,0.993376,0.025510,-0.956253,-0.100798,-0.274628),
	CFrame.new(-319.866455,26.618549,-77.139969,-0.270238,-0.055163,0.961212,-0.112037,0.993376,0.025510,-0.956253,-0.100798,-0.274628),
	CFrame.new(-319.866455,26.618547,-77.139969,-0.270238,-0.055163,0.961212,-0.112037,0.993376,0.025510,-0.956253,-0.100798,-0.274628),
	CFrame.new(-319.866455,26.618549,-77.139969,-0.270238,-0.055163,0.961212,-0.112037,0.993376,0.025510,-0.956253,-0.100798,-0.274628),
	CFrame.new(-319.866455,26.618547,-77.139969,-0.270238,-0.055163,0.961212,-0.112037,0.993376,0.025510,-0.956253,-0.100798,-0.274628),
	CFrame.new(-319.866882,26.620333,-77.137207,-0.270257,-0.055227,0.961203,-0.112742,0.993300,0.025371,-0.956164,-0.101512,-0.274673),
	CFrame.new(-319.866882,26.620333,-77.137207,-0.270257,-0.055226,0.961203,-0.112742,0.993300,0.025371,-0.956164,-0.101511,-0.274673),
	CFrame.new(-319.866882,26.620333,-77.137207,-0.270257,-0.055226,0.961203,-0.112742,0.993300,0.025371,-0.956164,-0.101511,-0.274673),
	CFrame.new(-319.866882,26.620333,-77.137207,-0.270257,-0.055226,0.961203,-0.112742,0.993300,0.025371,-0.956164,-0.101511,-0.274673),
	CFrame.new(-319.866882,26.620333,-77.137207,-0.270257,-0.055226,0.961203,-0.112742,0.993300,0.025371,-0.956164,-0.101511,-0.274673),
	CFrame.new(-319.866882,26.620333,-77.137207,-0.270257,-0.055226,0.961203,-0.112742,0.993300,0.025371,-0.956164,-0.101511,-0.274673),
	CFrame.new(-319.866882,26.620333,-77.137207,-0.270257,-0.055226,0.961203,-0.112742,0.993300,0.025371,-0.956164,-0.101511,-0.274673),
	CFrame.new(-319.866882,26.620333,-77.137207,-0.270257,-0.055227,0.961203,-0.112742,0.993300,0.025371,-0.956164,-0.101512,-0.274673),
	CFrame.new(-319.866882,26.620333,-77.137207,-0.270257,-0.055227,0.961203,-0.112742,0.993300,0.025371,-0.956164,-0.101512,-0.274673),
	CFrame.new(-319.866882,26.620333,-77.137207,-0.270257,-0.055227,0.961203,-0.112742,0.993300,0.025371,-0.956164,-0.101512,-0.274673),
	CFrame.new(-319.866882,26.620333,-77.137207,-0.270257,-0.055227,0.961203,-0.112742,0.993300,0.025371,-0.956164,-0.101512,-0.274673),
	CFrame.new(-319.866882,26.620333,-77.137207,-0.270257,-0.055226,0.961203,-0.112742,0.993300,0.025371,-0.956164,-0.101512,-0.274673),
	CFrame.new(-319.866882,26.620333,-77.137207,-0.270257,-0.055226,0.961203,-0.112742,0.993300,0.025371,-0.956164,-0.101511,-0.274673),
	CFrame.new(-319.866882,26.620333,-77.137207,-0.270257,-0.055226,0.961203,-0.112742,0.993300,0.025371,-0.956164,-0.101511,-0.274673),
	CFrame.new(-319.866882,26.620333,-77.137207,-0.270257,-0.055226,0.961203,-0.112742,0.993300,0.025371,-0.956164,-0.101511,-0.274673),
	CFrame.new(-319.866882,26.620333,-77.137207,-0.270257,-0.055226,0.961203,-0.112742,0.993300,0.025371,-0.956164,-0.101511,-0.274673),
	CFrame.new(-319.866882,26.620333,-77.137207,-0.270257,-0.055226,0.961203,-0.112742,0.993300,0.025371,-0.956164,-0.101511,-0.274673),
	CFrame.new(-319.866882,26.620333,-77.137207,-0.270257,-0.055226,0.961203,-0.112742,0.993300,0.025371,-0.956164,-0.101511,-0.274673),
	CFrame.new(-319.866882,26.620333,-77.137207,-0.270257,-0.055227,0.961203,-0.112742,0.993300,0.025371,-0.956164,-0.101512,-0.274673),
	CFrame.new(-319.866882,26.620333,-77.137207,-0.270257,-0.055227,0.961203,-0.112742,0.993300,0.025371,-0.956164,-0.101512,-0.274673),
	CFrame.new(-319.866882,26.620333,-77.137207,-0.270257,-0.055227,0.961203,-0.112742,0.993300,0.025371,-0.956164,-0.101512,-0.274673),
	CFrame.new(-319.866882,26.620333,-77.137207,-0.270257,-0.055227,0.961203,-0.112742,0.993300,0.025371,-0.956164,-0.101512,-0.274673),
	CFrame.new(-319.866882,26.620333,-77.137207,-0.270257,-0.055227,0.961203,-0.112742,0.993300,0.025371,-0.956164,-0.101512,-0.274673),
	CFrame.new(-319.866882,26.620333,-77.137207,-0.270257,-0.055226,0.961203,-0.112742,0.993300,0.025371,-0.956164,-0.101511,-0.274673),
	CFrame.new(-319.866882,26.620333,-77.137207,-0.270257,-0.055226,0.961203,-0.112742,0.993300,0.025371,-0.956164,-0.101511,-0.274673),
	CFrame.new(-319.866882,26.620333,-77.137207,-0.270257,-0.055226,0.961203,-0.112742,0.993300,0.025371,-0.956164,-0.101511,-0.274673),
	CFrame.new(-319.866882,26.620333,-77.137207,-0.270257,-0.055226,0.961203,-0.112742,0.993300,0.025371,-0.956164,-0.101511,-0.274673),
	CFrame.new(-319.866882,26.620333,-77.137207,-0.270257,-0.055226,0.961203,-0.112742,0.993300,0.025371,-0.956164,-0.101511,-0.274673),
	CFrame.new(-319.866882,26.620333,-77.137207,-0.270257,-0.055226,0.961203,-0.112742,0.993300,0.025371,-0.956164,-0.101511,-0.274673),
	CFrame.new(-319.866882,26.620333,-77.137207,-0.270257,-0.055227,0.961203,-0.112742,0.993300,0.025371,-0.956164,-0.101512,-0.274673),
	CFrame.new(-319.866882,26.620333,-77.137207,-0.270257,-0.055227,0.961203,-0.112742,0.993300,0.025371,-0.956164,-0.101512,-0.274673),
	CFrame.new(-319.864319,26.620333,-77.124512,-0.270257,-0.055227,0.961203,-0.112742,0.993300,0.025371,-0.956164,-0.101512,-0.274673),
	CFrame.new(-319.864319,26.620333,-77.124512,-0.270257,-0.055227,0.961203,-0.112742,0.993300,0.025371,-0.956164,-0.101512,-0.274673),
	CFrame.new(-319.864319,26.620333,-77.124512,-0.270257,-0.055227,0.961203,-0.112742,0.993300,0.025371,-0.956164,-0.101512,-0.274673),
	CFrame.new(-319.864319,26.620333,-77.124512,-0.270257,-0.055227,0.961203,-0.112742,0.993300,0.025371,-0.956164,-0.101512,-0.274673),
	CFrame.new(-319.864319,26.620333,-77.124512,-0.270257,-0.055226,0.961203,-0.112742,0.993300,0.025371,-0.956164,-0.101511,-0.274673),
	CFrame.new(-319.864319,26.620333,-77.124512,-0.270257,-0.055226,0.961203,-0.112742,0.993300,0.025371,-0.956164,-0.101511,-0.274673),
	CFrame.new(-319.864319,26.620333,-77.124512,-0.270257,-0.055226,0.961203,-0.112742,0.993300,0.025371,-0.956164,-0.101511,-0.274673),
	CFrame.new(-319.864319,26.620333,-77.124512,-0.270257,-0.055226,0.961203,-0.112742,0.993300,0.025371,-0.956164,-0.101511,-0.274673),
	CFrame.new(-319.864319,26.620333,-77.124512,-0.270257,-0.055226,0.961203,-0.112742,0.993300,0.025371,-0.956164,-0.101511,-0.274673),
	CFrame.new(-319.864319,26.620333,-77.124512,-0.270257,-0.055226,0.961203,-0.112742,0.993300,0.025371,-0.956164,-0.101511,-0.274673),
	CFrame.new(-319.864319,26.620333,-77.124512,-0.270257,-0.055226,0.961203,-0.112742,0.993300,0.025371,-0.956164,-0.101512,-0.274673),
	CFrame.new(-319.864319,26.620333,-77.124512,-0.270257,-0.055227,0.961203,-0.112742,0.993300,0.025371,-0.956164,-0.101512,-0.274673),
	CFrame.new(-319.864319,26.620333,-77.124512,-0.270257,-0.055227,0.961203,-0.112742,0.993300,0.025371,-0.956164,-0.101512,-0.274673),
	CFrame.new(-319.864319,26.620333,-77.124512,-0.270257,-0.055227,0.961203,-0.112742,0.993300,0.025371,-0.956164,-0.101512,-0.274673),
	CFrame.new(-319.864319,26.620333,-77.124512,-0.270257,-0.055227,0.961203,-0.112742,0.993300,0.025371,-0.956164,-0.101512,-0.274673),
	CFrame.new(-319.864319,26.620333,-77.124512,-0.270257,-0.055227,0.961203,-0.112742,0.993300,0.025371,-0.956164,-0.101512,-0.274673),
	CFrame.new(-319.864319,26.620333,-77.124512,-0.270257,-0.055226,0.961203,-0.112742,0.993300,0.025371,-0.956164,-0.101511,-0.274673),
	CFrame.new(-319.864319,26.620333,-77.124512,-0.270257,-0.055226,0.961203,-0.112742,0.993300,0.025371,-0.956164,-0.101511,-0.274673),
	CFrame.new(-319.864319,26.620333,-77.124512,-0.270257,-0.055226,0.961203,-0.112742,0.993300,0.025371,-0.956164,-0.101511,-0.274673),
	CFrame.new(-319.864319,26.620333,-77.124512,-0.270257,-0.055226,0.961203,-0.112742,0.993300,0.025371,-0.956164,-0.101511,-0.274673),
	CFrame.new(-319.867340,26.619499,-77.200218,-0.270500,-0.056040,0.961087,-0.121685,0.992288,0.023611,-0.954999,-0.110563,-0.275233),
	CFrame.new(-319.867340,26.619499,-77.200218,-0.270500,-0.056040,0.961087,-0.121685,0.992288,0.023611,-0.954999,-0.110563,-0.275233),
	CFrame.new(-319.867340,26.619499,-77.200218,-0.270500,-0.056040,0.961087,-0.121685,0.992288,0.023611,-0.954999,-0.110563,-0.275233),
	CFrame.new(-319.867340,26.619499,-77.200218,-0.270500,-0.056040,0.961087,-0.121685,0.992288,0.023611,-0.954999,-0.110563,-0.275233),
	CFrame.new(-319.867340,26.619499,-77.200218,-0.270500,-0.056040,0.961087,-0.121685,0.992288,0.023611,-0.954999,-0.110563,-0.275233),
	CFrame.new(-319.867340,26.619499,-77.200218,-0.270500,-0.056040,0.961087,-0.121685,0.992288,0.023611,-0.954999,-0.110563,-0.275233),
	CFrame.new(-319.867340,26.619499,-77.200218,-0.270500,-0.056040,0.961087,-0.121685,0.992288,0.023611,-0.954999,-0.110563,-0.275233),
	CFrame.new(-319.867340,26.619499,-77.200218,-0.270500,-0.056040,0.961087,-0.121685,0.992288,0.023611,-0.954999,-0.110563,-0.275233),
	CFrame.new(-319.867340,26.619499,-77.200218,-0.270500,-0.056040,0.961087,-0.121685,0.992288,0.023611,-0.954999,-0.110563,-0.275233),
	CFrame.new(-319.861298,26.620287,-77.036316,-0.270271,-0.055273,0.961196,-0.113255,0.993245,0.025271,-0.956100,-0.102031,-0.274705),
	CFrame.new(-319.861298,26.620287,-77.036316,-0.270271,-0.055273,0.961196,-0.113255,0.993245,0.025271,-0.956100,-0.102031,-0.274705),
	CFrame.new(-319.861298,26.620287,-77.036316,-0.270271,-0.055273,0.961196,-0.113255,0.993245,0.025271,-0.956100,-0.102031,-0.274705),
	CFrame.new(-319.861298,26.620287,-77.036316,-0.270271,-0.055273,0.961196,-0.113255,0.993245,0.025271,-0.956100,-0.102031,-0.274705),
	CFrame.new(-319.861298,26.620287,-77.036316,-0.270271,-0.055273,0.961196,-0.113255,0.993245,0.025271,-0.956100,-0.102031,-0.274705),
	CFrame.new(-319.861298,26.620287,-77.036316,-0.270271,-0.055273,0.961196,-0.113255,0.993245,0.025271,-0.956100,-0.102031,-0.274705),
	CFrame.new(-319.861298,26.620287,-77.036316,-0.270271,-0.055273,0.961196,-0.113255,0.993245,0.025271,-0.956100,-0.102031,-0.274705),
	CFrame.new(-320.112030,26.570484,-76.969055,-0.438207,-0.360085,0.823598,-0.188271,0.932699,0.307614,-0.878936,-0.020261,-0.476509),
	CFrame.new(-320.112030,26.570484,-76.969055,-0.438207,-0.360085,0.823598,-0.188271,0.932699,0.307614,-0.878936,-0.020261,-0.476509),
	CFrame.new(-320.112030,26.570484,-76.969055,-0.438207,-0.360085,0.823598,-0.188271,0.932699,0.307614,-0.878936,-0.020261,-0.476509),
	CFrame.new(-320.112030,26.570484,-76.969055,-0.438207,-0.360085,0.823598,-0.188271,0.932699,0.307614,-0.878936,-0.020261,-0.476509),
	CFrame.new(-320.112030,26.570484,-76.969055,-0.438207,-0.360085,0.823598,-0.188271,0.932699,0.307614,-0.878936,-0.020261,-0.476509),
	CFrame.new(-320.114532,26.562572,-76.848167,-0.280049,-0.363130,0.888656,0.021566,0.923084,0.383994,-0.959743,0.126702,-0.250677),
	CFrame.new(-320.114532,26.562572,-76.848167,-0.280049,-0.363130,0.888656,0.021566,0.923084,0.383994,-0.959743,0.126702,-0.250677),
	CFrame.new(-320.114532,26.562572,-76.848167,-0.280049,-0.363130,0.888656,0.021566,0.923084,0.383994,-0.959743,0.126702,-0.250677),
	CFrame.new(-320.114532,26.562572,-76.848167,-0.280049,-0.363130,0.888656,0.021566,0.923084,0.383994,-0.959743,0.126702,-0.250677),
	CFrame.new(-320.118378,26.501814,-76.740051,-0.280049,-0.363130,0.888656,0.021566,0.923084,0.383994,-0.959743,0.126702,-0.250677),
	CFrame.new(-320.118378,26.501814,-76.740051,-0.280049,-0.363130,0.888656,0.021566,0.923084,0.383994,-0.959743,0.126702,-0.250677),
	CFrame.new(-320.118378,26.501814,-76.740051,-0.280049,-0.363130,0.888656,0.021566,0.923084,0.383994,-0.959743,0.126702,-0.250677),
	CFrame.new(-320.118958,26.503551,-76.728783,-0.280049,-0.363130,0.888656,0.021566,0.923084,0.383994,-0.959743,0.126702,-0.250677),
	CFrame.new(-320.118958,26.503551,-76.728783,-0.280049,-0.363130,0.888656,0.021566,0.923084,0.383994,-0.959743,0.126702,-0.250677),
	CFrame.new(-320.118958,26.503551,-76.728783,-0.280049,-0.363130,0.888656,0.021566,0.923084,0.383994,-0.959743,0.126702,-0.250677),
	CFrame.new(-320.172668,26.483816,-76.653587,-0.365756,-0.427369,0.826788,0.020791,0.884367,0.466329,-0.930478,0.187753,-0.314577),
	CFrame.new(-320.182312,26.496178,-76.651390,-0.330809,-0.438304,0.835736,0.013124,0.883375,0.468483,-0.943607,0.165947,-0.286476),
	CFrame.new(-320.182312,26.496178,-76.651390,-0.330809,-0.438304,0.835736,0.013124,0.883375,0.468483,-0.943607,0.165946,-0.286476),
	CFrame.new(-320.182312,26.496178,-76.651390,-0.330809,-0.438304,0.835736,0.013124,0.883375,0.468483,-0.943607,0.165946,-0.286476),
	CFrame.new(-320.182312,26.496178,-76.651390,-0.330809,-0.438304,0.835736,0.013124,0.883375,0.468483,-0.943607,0.165946,-0.286476),
	CFrame.new(-320.014069,26.609594,-76.619522,-0.454899,-0.231264,0.859990,0.011871,0.964032,0.265522,-0.890464,0.130995,-0.435792),
	CFrame.new(-320.014069,26.609594,-76.619522,-0.454899,-0.231264,0.859990,0.011871,0.964032,0.265522,-0.890464,0.130995,-0.435792),
	CFrame.new(-320.014069,26.609594,-76.619522,-0.454899,-0.231264,0.859990,0.011871,0.964032,0.265522,-0.890464,0.130995,-0.435792),
	CFrame.new(-320.014069,26.609594,-76.619522,-0.454899,-0.231264,0.859990,0.011871,0.964032,0.265522,-0.890464,0.130995,-0.435792),
	CFrame.new(-320.014069,26.609594,-76.619522,-0.454899,-0.231264,0.859990,0.011871,0.964032,0.265522,-0.890464,0.130995,-0.435792),
	CFrame.new(-319.970337,26.697992,-76.542816,-0.521559,-0.174275,0.835227,0.008448,0.977815,0.209302,-0.853173,0.116219,-0.508516),
	CFrame.new(-319.970337,26.697992,-76.542816,-0.521559,-0.174275,0.835227,0.008448,0.977815,0.209302,-0.853173,0.116219,-0.508516),
	CFrame.new(-319.829865,26.806530,-76.904610,-0.387379,-0.015194,0.921795,-0.000472,0.999867,0.016282,-0.921921,0.005872,-0.387335),
	CFrame.new(-319.829865,26.806530,-76.904610,-0.387379,-0.015194,0.921795,-0.000472,0.999867,0.016282,-0.921921,0.005872,-0.387335),
	CFrame.new(-319.829865,26.806530,-76.904610,-0.387379,-0.015194,0.921795,-0.000472,0.999867,0.016282,-0.921921,0.005872,-0.387335),
	CFrame.new(-319.829865,26.806530,-76.904610,-0.387379,-0.015194,0.921795,-0.000473,0.999867,0.016282,-0.921921,0.005872,-0.387335),
	CFrame.new(-319.574188,26.799870,-77.036285,-0.375324,0.293545,0.879183,0.032994,0.952156,-0.303825,-0.926306,-0.085025,-0.367053),
	CFrame.new(-319.574188,26.799870,-77.036285,-0.375324,0.293545,0.879183,0.032994,0.952156,-0.303825,-0.926306,-0.085025,-0.367053),
	CFrame.new(-319.574188,26.799870,-77.036285,-0.375324,0.293545,0.879183,0.032994,0.952156,-0.303825,-0.926306,-0.085025,-0.367053),
	CFrame.new(-319.574188,26.799870,-77.036285,-0.375324,0.293546,0.879183,0.032994,0.952156,-0.303825,-0.926306,-0.085025,-0.367053),
	CFrame.new(-319.599091,26.855671,-77.042702,-0.388756,0.260557,0.883730,0.023338,0.961655,-0.273266,-0.921045,-0.085609,-0.379930),
	CFrame.new(-319.599091,26.855671,-77.042702,-0.388756,0.260557,0.883730,0.023338,0.961655,-0.273266,-0.921045,-0.085609,-0.379930),
	CFrame.new(-319.599091,26.855671,-77.042702,-0.388756,0.260557,0.883730,0.023338,0.961655,-0.273266,-0.921045,-0.085609,-0.379930),
	CFrame.new(-319.599091,26.855671,-77.042702,-0.388756,0.260557,0.883730,0.023338,0.961655,-0.273266,-0.921045,-0.085609,-0.379930),
	CFrame.new(-319.599091,26.855671,-77.042702,-0.388756,0.260557,0.883730,0.023338,0.961655,-0.273266,-0.921045,-0.085609,-0.379930),
	CFrame.new(-319.599091,26.855671,-77.042702,-0.388756,0.260557,0.883730,0.023338,0.961655,-0.273266,-0.921045,-0.085609,-0.379930),
	CFrame.new(-319.597015,26.879070,-77.053764,-0.389031,0.260293,0.883687,0.020996,0.961508,-0.273973,-0.920985,-0.088030,-0.379522),
	CFrame.new(-319.597015,26.879070,-77.053764,-0.389031,0.260293,0.883687,0.020996,0.961508,-0.273973,-0.920985,-0.088030,-0.379522),
	CFrame.new(-319.597015,26.879070,-77.053764,-0.389031,0.260293,0.883687,0.020996,0.961508,-0.273973,-0.920985,-0.088030,-0.379522),
	CFrame.new(-319.597015,26.879070,-77.053764,-0.389031,0.260293,0.883687,0.020996,0.961508,-0.273973,-0.920985,-0.088030,-0.379522),
	CFrame.new(-319.596161,26.885860,-77.059235,-0.389135,0.260315,0.883635,0.019921,0.961395,-0.274450,-0.920965,-0.089195,-0.379298),
	CFrame.new(-319.596161,26.885860,-77.059235,-0.389135,0.260315,0.883635,0.019921,0.961395,-0.274450,-0.920965,-0.089195,-0.379298),
	CFrame.new(-319.596161,26.885860,-77.059235,-0.389135,0.260315,0.883635,0.019921,0.961395,-0.274450,-0.920965,-0.089195,-0.379298),
	CFrame.new(-319.596161,26.885860,-77.059235,-0.389135,0.260315,0.883635,0.019921,0.961395,-0.274450,-0.920965,-0.089195,-0.379298),
	CFrame.new(-319.596161,26.885860,-77.059235,-0.389135,0.260315,0.883635,0.019921,0.961395,-0.274450,-0.920965,-0.089195,-0.379298),
	CFrame.new(-319.596161,26.885860,-77.059235,-0.389135,0.260315,0.883635,0.019921,0.961395,-0.274450,-0.920965,-0.089195,-0.379298),
	CFrame.new(-319.594940,26.893410,-77.068481,-0.389277,0.260505,0.883516,0.018190,0.961162,-0.275385,-0.920941,-0.091130,-0.378897),
	CFrame.new(-319.594940,26.893410,-77.068481,-0.389277,0.260505,0.883516,0.018190,0.961162,-0.275385,-0.920941,-0.091130,-0.378897),
	CFrame.new(-319.594940,26.893410,-77.068481,-0.389277,0.260505,0.883516,0.018190,0.961162,-0.275385,-0.920941,-0.091130,-0.378897),
	CFrame.new(-319.594940,26.893410,-77.068481,-0.389277,0.260505,0.883516,0.018190,0.961162,-0.275385,-0.920941,-0.091130,-0.378897),
	CFrame.new(-319.594940,26.893410,-77.068481,-0.389277,0.260505,0.883516,0.018190,0.961162,-0.275385,-0.920941,-0.091130,-0.378897),
	CFrame.new(-319.594940,26.893410,-77.068481,-0.389277,0.260505,0.883516,0.018190,0.961162,-0.275385,-0.920941,-0.091130,-0.378897),
	CFrame.new(-319.594391,26.895538,-77.073334,-0.389337,0.260677,0.883439,0.017320,0.961020,-0.275936,-0.920933,-0.092131,-0.378675),
	CFrame.new(-319.594391,26.895538,-77.073334,-0.389337,0.260677,0.883439,0.017320,0.961020,-0.275936,-0.920933,-0.092131,-0.378675),
	CFrame.new(-319.594391,26.895594,-77.073563,-0.389339,0.260687,0.883435,0.017280,0.961013,-0.275964,-0.920932,-0.092178,-0.378665),
	CFrame.new(-319.594391,26.895594,-77.073563,-0.389339,0.260687,0.883435,0.017280,0.961013,-0.275964,-0.920932,-0.092178,-0.378665),
	CFrame.new(-319.594391,26.895594,-77.073563,-0.389339,0.260687,0.883435,0.017280,0.961013,-0.275964,-0.920932,-0.092178,-0.378665),
	CFrame.new(-319.594391,26.895594,-77.073563,-0.389339,0.260687,0.883435,0.017280,0.961013,-0.275964,-0.920932,-0.092178,-0.378665),
	CFrame.new(-319.594391,26.895594,-77.073563,-0.389339,0.260687,0.883435,0.017280,0.961013,-0.275964,-0.920932,-0.092178,-0.378665),
	CFrame.new(-319.594391,26.895594,-77.073563,-0.389339,0.260687,0.883435,0.017280,0.961013,-0.275964,-0.920932,-0.092178,-0.378665),
	CFrame.new(-319.594391,26.895594,-77.073563,-0.389339,0.260687,0.883435,0.017280,0.961013,-0.275964,-0.920932,-0.092178,-0.378665),
	CFrame.new(-319.594391,26.895594,-77.073563,-0.389339,0.260687,0.883435,0.017280,0.961013,-0.275964,-0.920932,-0.092178,-0.378665),
	CFrame.new(-319.594391,26.895594,-77.073563,-0.389339,0.260687,0.883435,0.017280,0.961013,-0.275964,-0.920932,-0.092178,-0.378665),
	CFrame.new(-319.594391,26.895594,-77.073563,-0.389339,0.260687,0.883435,0.017280,0.961013,-0.275964,-0.920932,-0.092178,-0.378665),
	CFrame.new(-319.594391,26.895594,-77.073563,-0.389339,0.260687,0.883435,0.017280,0.961013,-0.275964,-0.920932,-0.092178,-0.378665),
	CFrame.new(-319.594391,26.895594,-77.073563,-0.389339,0.260687,0.883435,0.017280,0.961013,-0.275964,-0.920932,-0.092178,-0.378665),
	CFrame.new(-319.594391,26.895594,-77.073563,-0.389339,0.260687,0.883435,0.017280,0.961013,-0.275964,-0.920932,-0.092178,-0.378665),
	CFrame.new(-319.594391,26.895594,-77.073563,-0.389339,0.260687,0.883435,0.017280,0.961013,-0.275964,-0.920932,-0.092178,-0.378665),
	CFrame.new(-319.594391,26.895594,-77.073563,-0.389339,0.260687,0.883435,0.017280,0.961013,-0.275964,-0.920932,-0.092178,-0.378665),
	CFrame.new(-319.594391,26.895594,-77.073563,-0.389339,0.260687,0.883435,0.017280,0.961013,-0.275964,-0.920932,-0.092178,-0.378665),
	CFrame.new(-319.595123,26.891115,-77.079514,-0.389339,0.260687,0.883435,0.017280,0.961013,-0.275964,-0.920932,-0.092178,-0.378665),
	CFrame.new(-319.595123,26.891115,-77.079514,-0.389339,0.260687,0.883435,0.017280,0.961013,-0.275964,-0.920932,-0.092178,-0.378665),
	CFrame.new(-319.595123,26.891115,-77.079514,-0.389339,0.260687,0.883435,0.017280,0.961013,-0.275964,-0.920932,-0.092178,-0.378665),
	CFrame.new(-319.595123,26.891115,-77.079514,-0.389339,0.260687,0.883435,0.017280,0.961013,-0.275964,-0.920932,-0.092178,-0.378665),
	CFrame.new(-319.595123,26.891115,-77.079514,-0.389339,0.260687,0.883435,0.017280,0.961013,-0.275964,-0.920932,-0.092178,-0.378665),
	CFrame.new(-319.595123,26.891115,-77.079514,-0.389339,0.260687,0.883435,0.017280,0.961013,-0.275964,-0.920932,-0.092178,-0.378665),
	CFrame.new(-319.595123,26.891115,-77.079514,-0.389339,0.260687,0.883435,0.017280,0.961013,-0.275964,-0.920932,-0.092178,-0.378665),
	CFrame.new(-319.595123,26.891115,-77.079514,-0.389339,0.260687,0.883435,0.017280,0.961013,-0.275964,-0.920932,-0.092178,-0.378665),
	CFrame.new(-319.595123,26.891115,-77.079514,-0.389339,0.260687,0.883435,0.017280,0.961013,-0.275964,-0.920932,-0.092178,-0.378665),
	CFrame.new(-319.595123,26.891115,-77.079514,-0.389339,0.260687,0.883435,0.017280,0.961013,-0.275964,-0.920932,-0.092178,-0.378665),
	CFrame.new(-319.595123,26.891115,-77.079514,-0.389339,0.260687,0.883435,0.017280,0.961013,-0.275964,-0.920932,-0.092178,-0.378665),
	CFrame.new(-319.595123,26.891115,-77.079514,-0.389339,0.260687,0.883435,0.017280,0.961013,-0.275964,-0.920932,-0.092178,-0.378665),
	CFrame.new(-319.595123,26.891115,-77.079514,-0.389339,0.260687,0.883435,0.017280,0.961013,-0.275964,-0.920932,-0.092178,-0.378665),
	CFrame.new(-319.595123,26.891115,-77.079514,-0.389339,0.260687,0.883435,0.017280,0.961013,-0.275964,-0.920932,-0.092178,-0.378665),
	CFrame.new(-319.595520,26.874691,-77.068977,-0.389339,0.260687,0.883435,0.017280,0.961013,-0.275964,-0.920932,-0.092178,-0.378665),
	CFrame.new(-319.595520,26.874691,-77.068977,-0.389339,0.260687,0.883435,0.017280,0.961013,-0.275964,-0.920932,-0.092178,-0.378665),
	CFrame.new(-319.595520,26.874691,-77.068977,-0.389339,0.260687,0.883435,0.017280,0.961013,-0.275964,-0.920932,-0.092178,-0.378665),
	CFrame.new(-319.595520,26.874691,-77.068977,-0.389339,0.260687,0.883435,0.017280,0.961013,-0.275964,-0.920932,-0.092178,-0.378665),
	CFrame.new(-319.595520,26.874691,-77.068977,-0.389339,0.260687,0.883435,0.017280,0.961013,-0.275964,-0.920932,-0.092178,-0.378665),
	CFrame.new(-319.595520,26.874691,-77.068977,-0.389339,0.260687,0.883435,0.017280,0.961013,-0.275964,-0.920932,-0.092178,-0.378665),
	CFrame.new(-319.595520,26.874691,-77.068977,-0.389339,0.260687,0.883435,0.017280,0.961013,-0.275964,-0.920932,-0.092178,-0.378665),
	CFrame.new(-319.595520,26.874691,-77.068977,-0.389339,0.260687,0.883435,0.017280,0.961013,-0.275964,-0.920932,-0.092178,-0.378665),
	CFrame.new(-319.584656,26.841358,-77.060257,-0.386282,0.275614,0.880240,0.021986,0.956794,-0.289935,-0.922119,-0.092644,-0.375652),
	CFrame.new(-319.584656,26.841358,-77.060257,-0.386282,0.275614,0.880240,0.021986,0.956794,-0.289935,-0.922119,-0.092644,-0.375652),
	CFrame.new(-319.584656,26.841358,-77.060257,-0.386282,0.275614,0.880240,0.021986,0.956794,-0.289935,-0.922119,-0.092644,-0.375652),
	CFrame.new(-319.585968,26.798058,-77.036148,-0.386282,0.275614,0.880240,0.021986,0.956794,-0.289935,-0.922119,-0.092644,-0.375652),
	CFrame.new(-319.585968,26.798058,-77.036148,-0.386282,0.275614,0.880240,0.021986,0.956794,-0.289935,-0.922119,-0.092644,-0.375652),
	CFrame.new(-319.585968,26.798058,-77.036148,-0.386282,0.275614,0.880240,0.021986,0.956794,-0.289935,-0.922119,-0.092644,-0.375652),
	CFrame.new(-319.585968,26.798058,-77.036148,-0.386282,0.275614,0.880240,0.021986,0.956794,-0.289935,-0.922119,-0.092644,-0.375652),
	CFrame.new(-319.572418,26.751841,-77.042038,-0.368412,0.295122,0.881576,0.011227,0.949618,-0.313209,-0.929595,-0.105492,-0.353164),
	CFrame.new(-319.572418,26.751841,-77.042038,-0.368412,0.295122,0.881576,0.011227,0.949618,-0.313209,-0.929595,-0.105492,-0.353164),
	CFrame.new(-319.572418,26.751841,-77.042038,-0.368412,0.295122,0.881576,0.011227,0.949618,-0.313209,-0.929595,-0.105492,-0.353164),
	CFrame.new(-319.572418,26.751841,-77.042038,-0.368412,0.295122,0.881575,0.011228,0.949618,-0.313209,-0.929595,-0.105492,-0.353164),
	CFrame.new(-319.582184,26.702017,-77.128433,-0.371083,0.291909,0.881525,-0.028251,0.945318,-0.324926,-0.928170,-0.145479,-0.342545),
	CFrame.new(-319.582184,26.702017,-77.128433,-0.371083,0.291909,0.881525,-0.028251,0.945318,-0.324926,-0.928170,-0.145479,-0.342545),
	CFrame.new(-319.582184,26.702017,-77.128433,-0.371083,0.291909,0.881525,-0.028251,0.945318,-0.324926,-0.928170,-0.145479,-0.342545),
	CFrame.new(-319.582184,26.702017,-77.128433,-0.371083,0.291909,0.881525,-0.028251,0.945318,-0.324926,-0.928170,-0.145479,-0.342545),
	CFrame.new(-319.582184,26.702017,-77.128433,-0.371083,0.291909,0.881525,-0.028251,0.945318,-0.324926,-0.928170,-0.145479,-0.342545),
	CFrame.new(-319.582184,26.702017,-77.128433,-0.371083,0.291909,0.881525,-0.028251,0.945318,-0.324926,-0.928170,-0.145479,-0.342544),
	CFrame.new(-319.680359,26.792410,-77.192177,-0.845116,0.194861,0.497803,0.101420,0.972731,-0.208588,-0.524874,-0.125794,-0.841833),
	CFrame.new(-319.680359,26.792410,-77.192177,-0.845116,0.194861,0.497803,0.101420,0.972731,-0.208588,-0.524874,-0.125794,-0.841833),
	CFrame.new(-319.680359,26.792410,-77.192177,-0.845116,0.194861,0.497803,0.101420,0.972731,-0.208588,-0.524874,-0.125794,-0.841833),
	CFrame.new(-319.680359,26.792410,-77.192177,-0.845116,0.194861,0.497803,0.101420,0.972731,-0.208588,-0.524874,-0.125794,-0.841833),
	CFrame.new(-319.680359,26.792410,-77.192177,-0.845116,0.194861,0.497803,0.101420,0.972731,-0.208588,-0.524874,-0.125794,-0.841833),
	CFrame.new(-319.680359,26.792410,-77.192177,-0.845116,0.194861,0.497803,0.101420,0.972731,-0.208588,-0.524874,-0.125794,-0.841833),
	CFrame.new(-319.708893,26.728878,-77.230164,-0.850466,0.177099,0.495322,0.066198,0.970169,-0.233216,-0.521849,-0.165553,-0.836819),
	CFrame.new(-319.708893,26.728878,-77.230164,-0.850466,0.177099,0.495322,0.066198,0.970169,-0.233216,-0.521849,-0.165553,-0.836819),
	CFrame.new(-319.708893,26.728876,-77.230164,-0.850466,0.177099,0.495322,0.066198,0.970169,-0.233216,-0.521849,-0.165553,-0.836819),
	CFrame.new(-319.708893,26.728876,-77.230164,-0.850466,0.177099,0.495322,0.066198,0.970169,-0.233216,-0.521849,-0.165553,-0.836819),
	CFrame.new(-319.673676,26.652826,-77.115982,-0.850466,0.177099,0.495322,0.066198,0.970169,-0.233216,-0.521849,-0.165553,-0.836819),
	CFrame.new(-319.673676,26.652826,-77.115982,-0.850466,0.177099,0.495322,0.066198,0.970169,-0.233216,-0.521849,-0.165553,-0.836819),
	CFrame.new(-319.670227,26.653301,-77.015800,-0.831475,0.177218,0.526539,0.059614,0.970747,-0.232586,-0.552354,-0.162000,-0.817717),
	CFrame.new(-319.670227,26.653301,-77.015800,-0.831475,0.177218,0.526539,0.059614,0.970747,-0.232586,-0.552354,-0.162000,-0.817717),
	CFrame.new(-319.670227,26.653301,-77.015800,-0.831475,0.177218,0.526539,0.059614,0.970747,-0.232586,-0.552354,-0.162001,-0.817717),
	CFrame.new(-319.669098,26.654207,-76.975075,-0.793216,0.177089,0.582622,0.047463,0.971849,-0.230776,-0.607088,-0.155402,-0.779291),
	CFrame.new(-319.669098,26.654207,-76.975075,-0.793216,0.177089,0.582622,0.047463,0.971849,-0.230776,-0.607088,-0.155402,-0.779291),
	CFrame.new(-319.669098,26.654207,-76.975075,-0.793216,0.177089,0.582622,0.047463,0.971849,-0.230776,-0.607088,-0.155402,-0.779291),
	CFrame.new(-319.669098,26.654207,-76.975075,-0.793216,0.177089,0.582622,0.047463,0.971849,-0.230776,-0.607088,-0.155402,-0.779291),
	CFrame.new(-319.669128,26.654705,-76.966515,-0.771080,0.176832,0.611692,0.040985,0.972455,-0.229460,-0.635418,-0.151862,-0.757088),
	CFrame.new(-319.669128,26.654705,-76.966515,-0.771080,0.176832,0.611692,0.040985,0.972455,-0.229460,-0.635418,-0.151862,-0.757088),
	CFrame.new(-319.669128,26.654705,-76.966515,-0.771080,0.176832,0.611692,0.040985,0.972455,-0.229460,-0.635418,-0.151862,-0.757088),
	CFrame.new(-319.660431,26.659672,-76.845695,-0.759466,0.184371,0.623874,0.082081,0.978492,-0.189249,-0.645348,-0.092520,-0.758265),
	CFrame.new(-319.660431,26.659672,-76.845695,-0.759466,0.184371,0.623874,0.082081,0.978492,-0.189249,-0.645348,-0.092521,-0.758265),
	CFrame.new(-319.660431,26.659672,-76.845695,-0.759466,0.184370,0.623874,0.082081,0.978492,-0.189249,-0.645348,-0.092521,-0.758265),
	CFrame.new(-319.650787,26.661337,-76.731857,-0.752127,0.193323,0.630024,0.125332,0.980518,-0.151250,-0.646990,-0.034797,-0.761704),
	CFrame.new(-319.650787,26.661337,-76.731857,-0.752127,0.193324,0.630024,0.125332,0.980518,-0.151250,-0.646990,-0.034797,-0.761704),
	CFrame.new(-319.650787,26.661337,-76.731857,-0.752127,0.193324,0.630024,0.125332,0.980518,-0.151250,-0.646990,-0.034797,-0.761704),
	CFrame.new(-319.650787,26.661337,-76.731857,-0.752127,0.193324,0.630024,0.125332,0.980518,-0.151250,-0.646990,-0.034797,-0.761704),
	CFrame.new(-319.752899,26.669058,-76.601486,-0.790665,0.069181,0.608328,0.130025,0.989904,0.056423,-0.598283,0.123709,-0.791678),
	CFrame.new(-319.752899,26.669058,-76.601486,-0.790665,0.069181,0.608328,0.130025,0.989904,0.056423,-0.598283,0.123709,-0.791678),
	CFrame.new(-319.656219,26.634775,-76.332947,-0.778991,0.123445,0.614764,0.264650,0.953552,0.143874,-0.568448,0.274774,-0.775478),
	CFrame.new(-319.656219,26.634775,-76.332947,-0.778991,0.123445,0.614764,0.264650,0.953552,0.143874,-0.568448,0.274774,-0.775478),
	CFrame.new(-319.656219,26.634775,-76.332947,-0.778991,0.123445,0.614764,0.264650,0.953552,0.143874,-0.568448,0.274774,-0.775478),
	CFrame.new(-319.656219,26.634775,-76.332947,-0.778991,0.123445,0.614764,0.264650,0.953552,0.143874,-0.568448,0.274774,-0.775478),
	CFrame.new(-319.656219,26.634775,-76.332947,-0.778991,0.123445,0.614764,0.264650,0.953552,0.143874,-0.568448,0.274774,-0.775478),
	CFrame.new(-319.656219,26.634775,-76.332947,-0.778991,0.123445,0.614764,0.264650,0.953552,0.143874,-0.568448,0.274774,-0.775478),
	CFrame.new(-319.656219,26.634775,-76.332947,-0.778991,0.123445,0.614764,0.264650,0.953552,0.143874,-0.568448,0.274774,-0.775478),
	CFrame.new(-319.636078,26.629673,-76.291794,-0.775925,0.129119,0.617470,0.277154,0.949074,0.149817,-0.566680,0.287381,-0.772196),
	CFrame.new(-319.636078,26.629673,-76.291794,-0.775925,0.129119,0.617470,0.277154,0.949074,0.149817,-0.566680,0.287381,-0.772196),
	CFrame.new(-319.636078,26.629673,-76.291794,-0.775925,0.129119,0.617470,0.277154,0.949074,0.149817,-0.566680,0.287381,-0.772196),
	CFrame.new(-319.636078,26.629673,-76.291794,-0.775925,0.129119,0.617470,0.277154,0.949074,0.149817,-0.566680,0.287381,-0.772196),
	CFrame.new(-319.621307,26.618818,-76.259285,-0.774007,0.132568,0.619144,0.284797,0.946229,0.153430,-0.565512,0.295086,-0.770143),
	CFrame.new(-319.621307,26.618818,-76.259285,-0.774007,0.132568,0.619144,0.284797,0.946229,0.153430,-0.565512,0.295086,-0.770143),
	CFrame.new(-319.621307,26.618818,-76.259285,-0.774007,0.132568,0.619144,0.284797,0.946229,0.153430,-0.565512,0.295086,-0.770143),
	CFrame.new(-319.621307,26.618818,-76.259285,-0.774007,0.132568,0.619144,0.284797,0.946229,0.153430,-0.565512,0.295086,-0.770143),
	CFrame.new(-319.660004,26.626488,-76.496117,-0.656808,0.094927,0.748059,0.270805,0.955557,0.116514,-0.703753,0.279106,-0.653324),
	CFrame.new(-319.660004,26.626488,-76.496117,-0.656808,0.094927,0.748059,0.270805,0.955557,0.116514,-0.703753,0.279106,-0.653324),
	CFrame.new(-319.660004,26.626488,-76.496117,-0.656808,0.094927,0.748059,0.270805,0.955557,0.116514,-0.703753,0.279106,-0.653324),
	CFrame.new(-319.701935,26.625179,-76.543045,-0.656808,0.094927,0.748059,0.270805,0.955557,0.116514,-0.703753,0.279106,-0.653324),
	CFrame.new(-319.701935,26.625179,-76.543045,-0.656808,0.094926,0.748059,0.270805,0.955557,0.116514,-0.703753,0.279106,-0.653324),
	CFrame.new(-319.734070,26.620401,-76.519287,-0.719277,0.055850,0.692474,0.252220,0.949746,0.185383,-0.647322,0.307997,-0.697218),
	CFrame.new(-319.734070,26.620401,-76.519287,-0.719277,0.055850,0.692474,0.252220,0.949746,0.185382,-0.647322,0.307997,-0.697218),
	CFrame.new(-319.734070,26.620401,-76.519287,-0.719277,0.055850,0.692474,0.252220,0.949746,0.185383,-0.647322,0.307997,-0.697218),
	CFrame.new(-319.734070,26.620401,-76.519287,-0.719277,0.055850,0.692474,0.252220,0.949746,0.185383,-0.647322,0.307997,-0.697218),
	CFrame.new(-319.734070,26.620401,-76.519287,-0.719277,0.055850,0.692475,0.252220,0.949746,0.185383,-0.647322,0.307997,-0.697218),
	CFrame.new(-320.107574,26.378166,-77.031227,-0.598731,-0.284082,0.748878,-0.056247,0.947592,0.314493,-0.798972,0.146174,-0.583332),
	CFrame.new(-320.107574,26.378166,-77.031227,-0.598731,-0.284082,0.748878,-0.056247,0.947592,0.314493,-0.798972,0.146174,-0.583332),
	CFrame.new(-320.107574,26.378166,-77.031227,-0.598731,-0.284082,0.748878,-0.056247,0.947592,0.314493,-0.798972,0.146174,-0.583332),
	CFrame.new(-320.107574,26.378166,-77.031227,-0.598731,-0.284082,0.748878,-0.056248,0.947592,0.314493,-0.798972,0.146174,-0.583332),
	CFrame.new(-320.100616,26.462406,-77.001984,-0.598286,-0.286745,0.748219,-0.063781,0.947855,0.312253,-0.798740,0.139095,-0.585378),
	CFrame.new(-320.100616,26.462406,-77.001984,-0.598286,-0.286745,0.748219,-0.063781,0.947855,0.312253,-0.798740,0.139094,-0.585378),
	CFrame.new(-320.100616,26.462406,-77.001984,-0.598286,-0.286745,0.748219,-0.063781,0.947855,0.312253,-0.798740,0.139095,-0.585378),
	CFrame.new(-320.100616,26.462406,-77.001984,-0.598286,-0.286745,0.748219,-0.063781,0.947855,0.312253,-0.798740,0.139095,-0.585378),
	CFrame.new(-320.108032,26.601406,-76.871773,-0.622872,-0.282256,0.729632,0.037948,0.920648,0.388546,-0.781403,0.269702,-0.562734),
	CFrame.new(-320.108032,26.601406,-76.871773,-0.622872,-0.282256,0.729632,0.037948,0.920648,0.388546,-0.781403,0.269702,-0.562734),
	CFrame.new(-320.108032,26.601406,-76.871773,-0.622872,-0.282256,0.729632,0.037948,0.920648,0.388546,-0.781403,0.269702,-0.562734),
	CFrame.new(-320.105713,26.576620,-76.863647,-0.626498,-0.279043,0.727760,0.084311,0.903976,0.419188,-0.774849,0.323979,-0.542813),
	CFrame.new(-320.105713,26.576620,-76.863647,-0.626498,-0.279043,0.727760,0.084311,0.903976,0.419188,-0.774849,0.323979,-0.542813),
	CFrame.new(-320.105713,26.576620,-76.863647,-0.626498,-0.279043,0.727760,0.084311,0.903976,0.419188,-0.774849,0.323979,-0.542813),
	CFrame.new(-320.043549,26.805164,-77.039391,-0.626274,-0.232408,0.744156,-0.100679,0.970649,0.218414,-0.773075,0.061866,-0.631291),
	CFrame.new(-320.043549,26.805164,-77.039391,-0.626274,-0.232408,0.744156,-0.100679,0.970649,0.218414,-0.773075,0.061866,-0.631291),
	CFrame.new(-320.043549,26.805164,-77.039391,-0.626274,-0.232408,0.744156,-0.100679,0.970649,0.218414,-0.773075,0.061866,-0.631291),
	CFrame.new(-320.049377,26.767736,-77.057457,-0.626274,-0.232408,0.744156,-0.100679,0.970649,0.218414,-0.773075,0.061866,-0.631291),
	CFrame.new(-320.049377,26.767736,-77.057457,-0.626274,-0.232408,0.744156,-0.100679,0.970649,0.218414,-0.773075,0.061866,-0.631291),
	CFrame.new(-320.049377,26.767736,-77.057457,-0.626274,-0.232408,0.744156,-0.100679,0.970649,0.218414,-0.773075,0.061866,-0.631291),
	CFrame.new(-320.058319,26.767151,-77.112358,-0.628948,-0.243301,0.738396,-0.161591,0.969939,0.181955,-0.760468,-0.004877,-0.649357),
	CFrame.new(-320.063019,26.751556,-77.133781,-0.628948,-0.243301,0.738396,-0.161591,0.969939,0.181955,-0.760468,-0.004878,-0.649357),
	CFrame.new(-320.063019,26.751554,-77.133781,-0.628948,-0.243301,0.738396,-0.161591,0.969939,0.181955,-0.760468,-0.004878,-0.649357),
	CFrame.new(-320.063019,26.751554,-77.133781,-0.628948,-0.243301,0.738396,-0.161591,0.969939,0.181955,-0.760468,-0.004878,-0.649357),
	CFrame.new(-320.063019,26.751554,-77.133781,-0.628948,-0.243301,0.738396,-0.161591,0.969939,0.181955,-0.760468,-0.004878,-0.649357),
	CFrame.new(-320.063019,26.751556,-77.133781,-0.628948,-0.243301,0.738396,-0.161591,0.969939,0.181955,-0.760468,-0.004878,-0.649357),
	CFrame.new(-320.063019,26.751556,-77.133781,-0.628948,-0.243301,0.738396,-0.161591,0.969939,0.181955,-0.760468,-0.004877,-0.649357),
	CFrame.new(-320.063019,26.751556,-77.133781,-0.628948,-0.243301,0.738396,-0.161591,0.969939,0.181955,-0.760468,-0.004877,-0.649357),
	CFrame.new(-320.063019,26.751556,-77.133781,-0.628948,-0.243301,0.738396,-0.161591,0.969939,0.181955,-0.760468,-0.004877,-0.649357),
	CFrame.new(-320.063019,26.751556,-77.133781,-0.628948,-0.243301,0.738396,-0.161591,0.969939,0.181955,-0.760468,-0.004877,-0.649357),
	CFrame.new(-320.057648,26.779627,-77.114052,-0.628948,-0.243301,0.738396,-0.161591,0.969939,0.181955,-0.760468,-0.004878,-0.649357),
	CFrame.new(-320.057648,26.779627,-77.114052,-0.628948,-0.243301,0.738396,-0.161591,0.969939,0.181955,-0.760468,-0.004878,-0.649357),
	CFrame.new(-320.057648,26.779627,-77.114052,-0.628948,-0.243301,0.738396,-0.161591,0.969939,0.181955,-0.760468,-0.004878,-0.649357),
	CFrame.new(-320.057648,26.779627,-77.114052,-0.628948,-0.243301,0.738396,-0.161591,0.969939,0.181955,-0.760468,-0.004878,-0.649357),
	CFrame.new(-320.057648,26.779629,-77.114052,-0.628948,-0.243301,0.738396,-0.161591,0.969939,0.181955,-0.760468,-0.004878,-0.649357),
	CFrame.new(-320.057648,26.779629,-77.114052,-0.628948,-0.243301,0.738396,-0.161591,0.969939,0.181955,-0.760468,-0.004877,-0.649357),
	CFrame.new(-320.057648,26.779629,-77.114052,-0.628948,-0.243301,0.738396,-0.161591,0.969939,0.181955,-0.760468,-0.004877,-0.649357),
	CFrame.new(-320.057648,26.779629,-77.114052,-0.628948,-0.243301,0.738396,-0.161591,0.969939,0.181955,-0.760468,-0.004877,-0.649357),
	CFrame.new(-320.057648,26.779629,-77.114052,-0.628948,-0.243301,0.738396,-0.161591,0.969939,0.181955,-0.760468,-0.004878,-0.649357),
	CFrame.new(-320.057648,26.779627,-77.114052,-0.628948,-0.243301,0.738396,-0.161591,0.969939,0.181955,-0.760468,-0.004878,-0.649357),
	CFrame.new(-320.057648,26.779627,-77.114052,-0.628948,-0.243301,0.738396,-0.161591,0.969939,0.181955,-0.760468,-0.004878,-0.649357),
	CFrame.new(-320.057648,26.779627,-77.114052,-0.628948,-0.243301,0.738396,-0.161591,0.969939,0.181955,-0.760468,-0.004878,-0.649357),
	CFrame.new(-320.057648,26.779627,-77.114052,-0.628948,-0.243301,0.738396,-0.161591,0.969939,0.181955,-0.760468,-0.004878,-0.649357),
	CFrame.new(-320.057648,26.779629,-77.114052,-0.628948,-0.243301,0.738396,-0.161591,0.969939,0.181955,-0.760468,-0.004878,-0.649357),
	CFrame.new(-320.057648,26.779629,-77.114052,-0.628948,-0.243301,0.738396,-0.161591,0.969939,0.181955,-0.760468,-0.004877,-0.649357),
	CFrame.new(-320.057648,26.779629,-77.114052,-0.628948,-0.243301,0.738396,-0.161591,0.969939,0.181955,-0.760468,-0.004877,-0.649357),
	CFrame.new(-320.057648,26.779629,-77.114052,-0.628948,-0.243301,0.738396,-0.161591,0.969939,0.181955,-0.760468,-0.004877,-0.649357),
	CFrame.new(-320.057648,26.779629,-77.114052,-0.628948,-0.243301,0.738396,-0.161591,0.969939,0.181955,-0.760468,-0.004878,-0.649357),
	CFrame.new(-320.538879,26.163290,-76.835693,-0.095959,-0.836830,0.538987,0.013428,0.540348,0.841334,-0.995295,0.087971,-0.040614),
	CFrame.new(-320.538879,26.163290,-76.835693,-0.095959,-0.836830,0.538987,0.013428,0.540348,0.841334,-0.995295,0.087971,-0.040614),
	CFrame.new(-320.538879,26.163290,-76.835693,-0.095959,-0.836830,0.538987,0.013428,0.540348,0.841334,-0.995295,0.087971,-0.040614),
	CFrame.new(-320.538879,26.163290,-76.835693,-0.095959,-0.836830,0.538987,0.013428,0.540348,0.841334,-0.995295,0.087971,-0.040614),
	CFrame.new(-320.538879,26.163290,-76.835693,-0.095959,-0.836830,0.538987,0.013428,0.540348,0.841334,-0.995295,0.087971,-0.040614),
	CFrame.new(-320.538879,26.163290,-76.835693,-0.095959,-0.836830,0.538987,0.013428,0.540348,0.841334,-0.995295,0.087971,-0.040614),
	CFrame.new(-320.538879,26.163290,-76.835693,-0.095959,-0.836830,0.538987,0.013428,0.540348,0.841334,-0.995295,0.087971,-0.040614),
	CFrame.new(-320.504761,26.289812,-76.859375,-0.085680,-0.797071,0.597776,0.014265,0.598939,0.800667,-0.996220,0.077129,-0.039947),
	CFrame.new(-320.504761,26.289812,-76.859375,-0.085680,-0.797071,0.597776,0.014265,0.598939,0.800667,-0.996220,0.077129,-0.039947),
	CFrame.new(-320.504761,26.289812,-76.859375,-0.085680,-0.797071,0.597776,0.014265,0.598939,0.800667,-0.996220,0.077129,-0.039947),
	CFrame.new(-320.504761,26.289812,-76.859375,-0.085680,-0.797071,0.597776,0.014265,0.598939,0.800667,-0.996220,0.077129,-0.039947),
	CFrame.new(-320.504761,26.289812,-76.859375,-0.085680,-0.797071,0.597776,0.014265,0.598939,0.800667,-0.996220,0.077129,-0.039947),
	CFrame.new(-320.508881,26.470821,-76.703117,-0.115719,-0.732767,0.670568,0.008294,0.674367,0.738350,-0.993247,0.091003,-0.071960),
	CFrame.new(-320.508881,26.470821,-76.703117,-0.115719,-0.732767,0.670568,0.008294,0.674367,0.738350,-0.993247,0.091003,-0.071960),
	CFrame.new(-320.508514,26.446726,-76.718086,-0.115719,-0.732767,0.670568,0.008294,0.674367,0.738350,-0.993247,0.091003,-0.071960),
	CFrame.new(-320.508514,26.446726,-76.718086,-0.115719,-0.732767,0.670568,0.008294,0.674367,0.738350,-0.993247,0.091003,-0.071960),
	CFrame.new(-320.508514,26.446726,-76.718086,-0.115719,-0.732767,0.670568,0.008294,0.674367,0.738350,-0.993247,0.091003,-0.071960),
	CFrame.new(-320.508514,26.446726,-76.718086,-0.115719,-0.732767,0.670568,0.008294,0.674367,0.738350,-0.993247,0.091003,-0.071960),
	CFrame.new(-320.474945,26.436741,-76.750015,-0.076512,-0.679868,0.729332,0.001420,0.731402,0.681946,-0.997068,0.053212,-0.054996),
	CFrame.new(-320.474945,26.436741,-76.750015,-0.076512,-0.679868,0.729332,0.001420,0.731402,0.681946,-0.997068,0.053212,-0.054996),
	CFrame.new(-320.474945,26.436741,-76.750015,-0.076512,-0.679868,0.729332,0.001420,0.731402,0.681946,-0.997068,0.053212,-0.054996),
	CFrame.new(-320.474945,26.436741,-76.750015,-0.076512,-0.679868,0.729333,0.001420,0.731402,0.681946,-0.997068,0.053212,-0.054996),
	CFrame.new(-320.474945,26.436741,-76.750015,-0.076512,-0.679868,0.729333,0.001420,0.731402,0.681945,-0.997068,0.053212,-0.054996),
	CFrame.new(-320.474945,26.436741,-76.750015,-0.076512,-0.679868,0.729333,0.001420,0.731402,0.681945,-0.997068,0.053212,-0.054996),
	CFrame.new(-320.474945,26.436741,-76.750015,-0.076512,-0.679868,0.729333,0.001420,0.731402,0.681945,-0.997068,0.053212,-0.054996),
	CFrame.new(-320.474945,26.436741,-76.750015,-0.076512,-0.679868,0.729333,0.001420,0.731402,0.681946,-0.997068,0.053212,-0.054996),
	CFrame.new(-320.474945,26.436741,-76.750015,-0.076512,-0.679868,0.729332,0.001420,0.731402,0.681946,-0.997068,0.053212,-0.054996),
	CFrame.new(-320.472961,26.452118,-76.759544,-0.076512,-0.679868,0.729332,0.001420,0.731402,0.681946,-0.997068,0.053212,-0.054996),
	CFrame.new(-320.472961,26.452118,-76.759544,-0.076512,-0.679868,0.729332,0.001420,0.731402,0.681946,-0.997068,0.053212,-0.054996),
	CFrame.new(-320.472961,26.452118,-76.759544,-0.076512,-0.679868,0.729332,0.001419,0.731402,0.681946,-0.997068,0.053212,-0.054996),
	CFrame.new(-320.472961,26.452118,-76.759544,-0.076512,-0.679868,0.729332,0.001420,0.731402,0.681946,-0.997068,0.053212,-0.054996),
	CFrame.new(-320.472961,26.452118,-76.759544,-0.076512,-0.679868,0.729332,0.001420,0.731402,0.681946,-0.997068,0.053212,-0.054996),
	CFrame.new(-320.472961,26.452118,-76.759544,-0.076512,-0.679868,0.729333,0.001420,0.731402,0.681946,-0.997068,0.053212,-0.054996),
	CFrame.new(-320.472961,26.452118,-76.759544,-0.076512,-0.679868,0.729333,0.001420,0.731402,0.681945,-0.997068,0.053212,-0.054996),
	CFrame.new(-320.295380,26.577019,-76.726166,0.104557,-0.468132,0.877451,0.025526,0.883259,0.468190,-0.994191,-0.026554,0.104300),
	CFrame.new(-320.295380,26.577019,-76.726166,0.104557,-0.468132,0.877451,0.025526,0.883259,0.468190,-0.994191,-0.026554,0.104300),
	CFrame.new(-320.295380,26.577019,-76.726166,0.104557,-0.468132,0.877451,0.025526,0.883259,0.468190,-0.994191,-0.026554,0.104300),
	CFrame.new(-320.295380,26.577019,-76.726166,0.104557,-0.468132,0.877451,0.025526,0.883259,0.468190,-0.994191,-0.026554,0.104300),
	CFrame.new(-320.001678,26.698288,-76.750961,-0.084257,-0.180930,0.979880,0.003090,0.983325,0.181832,-0.996439,0.018349,-0.082293),
	CFrame.new(-320.001678,26.698288,-76.750961,-0.084257,-0.180930,0.979880,0.003090,0.983325,0.181832,-0.996439,0.018349,-0.082293),
	CFrame.new(-320.001678,26.698288,-76.750961,-0.084257,-0.180930,0.979880,0.003090,0.983325,0.181832,-0.996439,0.018349,-0.082293),
	CFrame.new(-319.786438,26.708799,-76.795219,-0.001304,0.080744,0.996734,-0.035463,0.996104,-0.080739,-0.999370,-0.035453,0.001564),
	CFrame.new(-319.786438,26.708801,-76.795219,-0.001304,0.080744,0.996734,-0.035463,0.996104,-0.080739,-0.999370,-0.035453,0.001564),
	CFrame.new(-319.786438,26.708801,-76.795219,-0.001304,0.080744,0.996734,-0.035464,0.996104,-0.080739,-0.999370,-0.035453,0.001564),
	CFrame.new(-319.784271,26.735748,-76.763634,0.001534,0.079573,0.996828,-0.018710,0.996657,-0.079531,-0.999824,-0.018529,0.003018),
	CFrame.new(-319.784271,26.735748,-76.763634,0.001534,0.079573,0.996828,-0.018710,0.996657,-0.079531,-0.999824,-0.018529,0.003018),
	CFrame.new(-319.784271,26.735748,-76.763634,0.001534,0.079573,0.996828,-0.018710,0.996657,-0.079531,-0.999824,-0.018529,0.003018),
	CFrame.new(-319.784271,26.735748,-76.763634,0.001534,0.079573,0.996828,-0.018710,0.996657,-0.079531,-0.999824,-0.018529,0.003018),
	CFrame.new(-319.784271,26.735748,-76.763634,0.001534,0.079574,0.996828,-0.018710,0.996657,-0.079531,-0.999824,-0.018529,0.003018),
	CFrame.new(-319.784271,26.735748,-76.763634,0.001534,0.079574,0.996828,-0.018710,0.996657,-0.079531,-0.999824,-0.018529,0.003018),
	CFrame.new(-319.784271,26.735748,-76.763634,0.001534,0.079574,0.996828,-0.018710,0.996657,-0.079531,-0.999824,-0.018529,0.003018),
	CFrame.new(-319.780853,26.762104,-76.743370,0.002146,0.079291,0.996849,-0.015788,0.996730,-0.079248,-0.999873,-0.015568,0.003390),
	CFrame.new(-319.780853,26.762104,-76.743370,0.002146,0.079291,0.996849,-0.015788,0.996730,-0.079248,-0.999873,-0.015568,0.003390),
	CFrame.new(-319.780853,26.762104,-76.743370,0.002146,0.079291,0.996849,-0.015788,0.996730,-0.079248,-0.999873,-0.015568,0.003390),
	CFrame.new(-319.780853,26.762104,-76.743370,0.002146,0.079291,0.996849,-0.015788,0.996730,-0.079248,-0.999873,-0.015568,0.003390),
	CFrame.new(-319.780853,26.762104,-76.743370,0.002146,0.079291,0.996849,-0.015788,0.996730,-0.079248,-0.999873,-0.015568,0.003390),
	CFrame.new(-319.780853,26.762104,-76.743370,0.002146,0.079291,0.996849,-0.015788,0.996730,-0.079248,-0.999873,-0.015568,0.003390),
	CFrame.new(-319.780853,26.762104,-76.743370,0.002146,0.079292,0.996849,-0.015788,0.996730,-0.079248,-0.999873,-0.015568,0.003390),
	CFrame.new(-319.780853,26.762104,-76.743370,0.002146,0.079292,0.996849,-0.015788,0.996730,-0.079248,-0.999873,-0.015568,0.003390),
	CFrame.new(-319.780853,26.762104,-76.743370,0.002146,0.079291,0.996849,-0.015788,0.996730,-0.079248,-0.999873,-0.015568,0.003390),
	CFrame.new(-319.780853,26.762104,-76.743370,0.002146,0.079291,0.996849,-0.015788,0.996730,-0.079248,-0.999873,-0.015568,0.003390),
	CFrame.new(-319.780853,26.762104,-76.743370,0.002146,0.079291,0.996849,-0.015788,0.996730,-0.079248,-0.999873,-0.015568,0.003390),
	CFrame.new(-319.780853,26.762104,-76.743370,0.002146,0.079291,0.996849,-0.015788,0.996730,-0.079248,-0.999873,-0.015568,0.003390),
	CFrame.new(-319.780853,26.762104,-76.743370,0.002146,0.079291,0.996849,-0.015788,0.996730,-0.079248,-0.999873,-0.015568,0.003390),
	CFrame.new(-319.780853,26.762104,-76.743370,0.002146,0.079291,0.996849,-0.015788,0.996730,-0.079248,-0.999873,-0.015568,0.003390),
	CFrame.new(-319.780853,26.762104,-76.743370,0.002146,0.079292,0.996849,-0.015788,0.996730,-0.079248,-0.999873,-0.015568,0.003390),
	CFrame.new(-319.780853,26.762104,-76.743370,0.002146,0.079292,0.996849,-0.015788,0.996730,-0.079248,-0.999873,-0.015568,0.003390),
	CFrame.new(-319.782959,26.737709,-76.734138,0.002146,0.079291,0.996849,-0.015788,0.996730,-0.079248,-0.999873,-0.015568,0.003390),
	CFrame.new(-319.782959,26.737709,-76.734138,0.002146,0.079291,0.996849,-0.015788,0.996730,-0.079248,-0.999873,-0.015568,0.003390),
	CFrame.new(-319.782959,26.737709,-76.734138,0.002146,0.079291,0.996849,-0.015788,0.996730,-0.079248,-0.999873,-0.015568,0.003390),
	CFrame.new(-319.782959,26.737709,-76.734138,0.002146,0.079291,0.996849,-0.015788,0.996730,-0.079248,-0.999873,-0.015568,0.003390),
	CFrame.new(-319.782959,26.737709,-76.734138,0.002146,0.079291,0.996849,-0.015788,0.996730,-0.079248,-0.999873,-0.015568,0.003390),
	CFrame.new(-319.782959,26.737709,-76.734138,0.002146,0.079291,0.996849,-0.015788,0.996730,-0.079248,-0.999873,-0.015568,0.003390),
	CFrame.new(-319.782959,26.737709,-76.734138,0.002146,0.079292,0.996849,-0.015788,0.996730,-0.079248,-0.999873,-0.015568,0.003390),
	CFrame.new(-319.782959,26.737709,-76.734138,0.002146,0.079292,0.996849,-0.015788,0.996730,-0.079248,-0.999873,-0.015568,0.003390),
	CFrame.new(-319.782959,26.737709,-76.734138,0.002146,0.079291,0.996849,-0.015788,0.996730,-0.079248,-0.999873,-0.015568,0.003390),
	CFrame.new(-319.782959,26.737709,-76.734138,0.002146,0.079291,0.996849,-0.015788,0.996730,-0.079248,-0.999873,-0.015568,0.003390),
	CFrame.new(-319.782959,26.737709,-76.734138,0.002146,0.079291,0.996849,-0.015788,0.996730,-0.079248,-0.999873,-0.015568,0.003390),
	CFrame.new(-319.782959,26.737709,-76.734138,0.002146,0.079291,0.996849,-0.015788,0.996730,-0.079248,-0.999873,-0.015568,0.003390),
	CFrame.new(-319.782959,26.737709,-76.734138,0.002146,0.079291,0.996849,-0.015788,0.996730,-0.079248,-0.999873,-0.015568,0.003390),
	CFrame.new(-319.782959,26.737709,-76.734138,0.002146,0.079292,0.996849,-0.015788,0.996730,-0.079248,-0.999873,-0.015568,0.003390),
	CFrame.new(-319.782959,26.737709,-76.734138,0.002146,0.079292,0.996849,-0.015788,0.996730,-0.079248,-0.999873,-0.015568,0.003390),
	CFrame.new(-319.782959,26.737709,-76.734138,0.002146,0.079291,0.996849,-0.015788,0.996730,-0.079248,-0.999873,-0.015568,0.003390),
	CFrame.new(-319.782959,26.737709,-76.734138,0.002146,0.079291,0.996849,-0.015788,0.996730,-0.079248,-0.999873,-0.015568,0.003390),
	CFrame.new(-319.782959,26.737709,-76.734138,0.002146,0.079291,0.996849,-0.015788,0.996730,-0.079248,-0.999873,-0.015568,0.003390),
	CFrame.new(-319.782959,26.737709,-76.734138,0.002146,0.079291,0.996849,-0.015788,0.996730,-0.079248,-0.999873,-0.015568,0.003390),
	CFrame.new(-319.782959,26.737709,-76.734138,0.002146,0.079291,0.996849,-0.015788,0.996730,-0.079248,-0.999873,-0.015568,0.003390),
	CFrame.new(-319.782959,26.737709,-76.734138,0.002146,0.079291,0.996849,-0.015788,0.996730,-0.079248,-0.999873,-0.015568,0.003390),
	CFrame.new(-319.782959,26.737709,-76.734138,0.002146,0.079292,0.996849,-0.015788,0.996730,-0.079248,-0.999873,-0.015568,0.003390),
	CFrame.new(-319.782959,26.737709,-76.734138,0.002146,0.079292,0.996849,-0.015788,0.996730,-0.079248,-0.999873,-0.015568,0.003390),
	CFrame.new(-319.782959,26.737709,-76.734138,0.002146,0.079291,0.996849,-0.015788,0.996730,-0.079248,-0.999873,-0.015568,0.003390),
	CFrame.new(-319.782959,26.737709,-76.734138,0.002146,0.079291,0.996849,-0.015788,0.996730,-0.079248,-0.999873,-0.015568,0.003390),
	CFrame.new(-319.788513,26.719877,-76.739830,0.002146,0.079291,0.996849,-0.015788,0.996730,-0.079248,-0.999873,-0.015568,0.003390),
	CFrame.new(-319.788513,26.719877,-76.739830,0.002146,0.079291,0.996849,-0.015788,0.996730,-0.079248,-0.999873,-0.015568,0.003390),
	CFrame.new(-319.788513,26.719875,-76.739830,0.002146,0.079291,0.996849,-0.015788,0.996730,-0.079248,-0.999873,-0.015568,0.003390),
	CFrame.new(-319.788513,26.719875,-76.739830,0.002146,0.079291,0.996849,-0.015788,0.996730,-0.079248,-0.999873,-0.015568,0.003390),
	CFrame.new(-319.788513,26.719875,-76.739830,0.002146,0.079292,0.996849,-0.015788,0.996730,-0.079248,-0.999873,-0.015568,0.003390),
	CFrame.new(-319.788513,26.719875,-76.739830,0.002146,0.079291,0.996849,-0.015788,0.996730,-0.079248,-0.999873,-0.015568,0.003390),
	CFrame.new(-319.788513,26.719875,-76.739830,0.002146,0.079291,0.996849,-0.015788,0.996730,-0.079248,-0.999873,-0.015568,0.003390),
	CFrame.new(-319.788513,26.719875,-76.739830,0.002146,0.079291,0.996849,-0.015788,0.996730,-0.079248,-0.999873,-0.015568,0.003390),
	CFrame.new(-319.788513,26.719877,-76.739830,0.002146,0.079291,0.996849,-0.015788,0.996730,-0.079248,-0.999873,-0.015568,0.003390),
	CFrame.new(-319.788513,26.719875,-76.739830,0.002146,0.079291,0.996849,-0.015788,0.996730,-0.079248,-0.999873,-0.015568,0.003390),
	CFrame.new(-319.788513,26.719875,-76.739830,0.002146,0.079291,0.996849,-0.015788,0.996730,-0.079248,-0.999873,-0.015568,0.003390),
	CFrame.new(-319.788513,26.719875,-76.739830,0.002146,0.079291,0.996849,-0.015788,0.996730,-0.079248,-0.999873,-0.015568,0.003390),
	CFrame.new(-319.788513,26.719875,-76.739830,0.002146,0.079292,0.996849,-0.015788,0.996730,-0.079248,-0.999873,-0.015568,0.003390),
	CFrame.new(-319.817749,26.680939,-76.940285,-0.020022,0.070727,0.997295,-0.095970,0.992753,-0.072332,-0.995183,-0.097159,-0.013089),
	CFrame.new(-319.817749,26.680939,-76.940285,-0.020022,0.070727,0.997295,-0.095970,0.992753,-0.072332,-0.995183,-0.097159,-0.013089),
	CFrame.new(-319.817749,26.680939,-76.940285,-0.020022,0.070727,0.997295,-0.095970,0.992753,-0.072332,-0.995183,-0.097159,-0.013089),
	CFrame.new(-319.817749,26.680939,-76.940285,-0.020022,0.070727,0.997295,-0.095970,0.992753,-0.072332,-0.995183,-0.097159,-0.013089),
	CFrame.new(-319.817749,26.680939,-76.940285,-0.020022,0.070727,0.997295,-0.095970,0.992753,-0.072332,-0.995183,-0.097159,-0.013089),
	CFrame.new(-319.822021,26.669569,-76.963219,-0.014548,0.072129,0.997289,-0.076187,0.994415,-0.073032,-0.996987,-0.077043,-0.008972),
	CFrame.new(-319.822021,26.669569,-76.963219,-0.014548,0.072129,0.997289,-0.076187,0.994415,-0.073032,-0.996987,-0.077043,-0.008972),
	CFrame.new(-319.822021,26.669569,-76.963219,-0.014548,0.072129,0.997289,-0.076187,0.994415,-0.073032,-0.996987,-0.077043,-0.008972),
	CFrame.new(-319.822021,26.669569,-76.963219,-0.014548,0.072129,0.997289,-0.076187,0.994415,-0.073032,-0.996987,-0.077043,-0.008972),
	CFrame.new(-319.822021,26.669569,-76.963219,-0.014548,0.072129,0.997289,-0.076187,0.994415,-0.073032,-0.996987,-0.077043,-0.008972),
	CFrame.new(-319.822021,26.669569,-76.963219,-0.014548,0.072129,0.997289,-0.076187,0.994415,-0.073032,-0.996987,-0.077043,-0.008972),
	CFrame.new(-319.822021,26.669569,-76.963219,-0.014548,0.072129,0.997289,-0.076187,0.994415,-0.073032,-0.996987,-0.077043,-0.008972),
	CFrame.new(-319.975433,26.667900,-76.937431,0.292659,-0.114368,0.949353,-0.010297,0.992387,0.122727,-0.956161,-0.045693,0.289253),
	CFrame.new(-319.975433,26.667900,-76.937431,0.292659,-0.114368,0.949353,-0.010297,0.992387,0.122727,-0.956161,-0.045693,0.289253),
	CFrame.new(-319.975433,26.667900,-76.937431,0.292659,-0.114368,0.949353,-0.010297,0.992387,0.122727,-0.956161,-0.045692,0.289253),
	CFrame.new(-319.969971,26.667183,-77.161789,0.319455,-0.108471,0.941373,-0.126917,0.979578,0.155943,-0.939063,-0.169293,0.299165),
	CFrame.new(-319.969971,26.667183,-77.161789,0.319455,-0.108471,0.941373,-0.126917,0.979578,0.155942,-0.939063,-0.169293,0.299165),
	CFrame.new(-319.969971,26.667183,-77.161789,0.319455,-0.108471,0.941373,-0.126917,0.979578,0.155942,-0.939063,-0.169293,0.299165),
	CFrame.new(-319.969971,26.667183,-77.161789,0.319455,-0.108471,0.941373,-0.126917,0.979578,0.155942,-0.939063,-0.169293,0.299165),
	CFrame.new(-319.969971,26.667183,-77.161789,0.319455,-0.108471,0.941373,-0.126917,0.979578,0.155942,-0.939063,-0.169293,0.299165),
	CFrame.new(-319.969971,26.667183,-77.161789,0.319455,-0.108471,0.941373,-0.126917,0.979578,0.155943,-0.939063,-0.169293,0.299165),
	CFrame.new(-319.969971,26.667183,-77.161789,0.319455,-0.108471,0.941373,-0.126917,0.979578,0.155943,-0.939063,-0.169293,0.299165),
	CFrame.new(-319.973816,26.672092,-77.047577,0.319455,-0.108471,0.941373,-0.126917,0.979578,0.155943,-0.939063,-0.169293,0.299165),
	CFrame.new(-319.973816,26.672092,-77.047577,0.319455,-0.108471,0.941373,-0.126917,0.979578,0.155943,-0.939063,-0.169293,0.299165),
	CFrame.new(-319.973816,26.672092,-77.047577,0.319455,-0.108471,0.941373,-0.126917,0.979578,0.155943,-0.939063,-0.169293,0.299165),
	CFrame.new(-319.973816,26.672092,-77.047577,0.319455,-0.108471,0.941373,-0.126917,0.979578,0.155943,-0.939063,-0.169293,0.299165),
	CFrame.new(-319.973816,26.672092,-77.047577,0.319455,-0.108471,0.941373,-0.126917,0.979578,0.155943,-0.939063,-0.169293,0.299165),
	CFrame.new(-319.973816,26.672092,-77.047577,0.319455,-0.108471,0.941373,-0.126917,0.979578,0.155942,-0.939063,-0.169293,0.299165),
	CFrame.new(-319.973816,26.672092,-77.047577,0.319455,-0.108471,0.941373,-0.126917,0.979578,0.155942,-0.939063,-0.169293,0.299165),
	CFrame.new(-319.973816,26.672092,-77.047577,0.319455,-0.108471,0.941373,-0.126917,0.979578,0.155942,-0.939063,-0.169293,0.299165),
	CFrame.new(-319.904053,26.672092,-76.555077,0.231326,0.182120,-0.955678,-0.126911,0.979577,0.155955,0.964563,0.085209,0.249715),
	CFrame.new(-319.915283,26.672817,-76.445145,-0.152434,0.146563,-0.977386,-0.108701,0.980457,0.163976,0.982318,0.131239,-0.133523),
	CFrame.new(-319.915283,26.672817,-76.445145,-0.152434,0.146563,-0.977386,-0.108701,0.980457,0.163976,0.982318,0.131239,-0.133523),
	CFrame.new(-319.915283,26.672817,-76.445145,-0.152434,0.146563,-0.977386,-0.108701,0.980457,0.163976,0.982318,0.131239,-0.133523),
	CFrame.new(-319.915283,26.672817,-76.445145,-0.152434,0.146563,-0.977386,-0.108701,0.980457,0.163976,0.982318,0.131239,-0.133523),
	CFrame.new(-319.960968,26.676003,-76.286461,-0.865790,0.031580,-0.499410,-0.055100,0.985922,0.157866,0.497365,0.164196,-0.851861),
	CFrame.new(-319.937683,26.660658,-76.272705,-0.989083,0.058483,0.135261,0.074686,0.990201,0.118001,-0.127034,0.126815,-0.983758),
	CFrame.new(-319.937683,26.660658,-76.272705,-0.989083,0.058483,0.135261,0.074686,0.990201,0.118001,-0.127034,0.126815,-0.983758),
	CFrame.new(-319.937683,26.660658,-76.272705,-0.989083,0.058483,0.135261,0.074686,0.990201,0.118001,-0.127034,0.126815,-0.983758),
	CFrame.new(-319.788727,26.555365,-76.240479,-0.421250,0.250292,0.871724,0.222445,0.960320,-0.168237,-0.879242,0.123041,-0.460211),
	CFrame.new(-319.788727,26.555365,-76.240479,-0.421250,0.250292,0.871724,0.222445,0.960320,-0.168237,-0.879242,0.123041,-0.460211),
	CFrame.new(-319.883423,26.542925,-76.272942,-0.403830,0.160813,0.900589,0.189099,0.977842,-0.089814,-0.895077,0.134031,-0.425292),
	CFrame.new(-319.883423,26.542925,-76.272942,-0.403830,0.160813,0.900589,0.189099,0.977842,-0.089814,-0.895077,0.134031,-0.425292),
	CFrame.new(-319.883423,26.542925,-76.272942,-0.403830,0.160813,0.900589,0.189099,0.977842,-0.089814,-0.895077,0.134031,-0.425292),
	CFrame.new(-320.138458,26.534369,-76.469032,-0.409948,-0.099544,0.906661,0.072427,0.987335,0.141150,-0.909229,0.123531,-0.397546),
	CFrame.new(-320.138458,26.534369,-76.469032,-0.409948,-0.099544,0.906661,0.072427,0.987335,0.141150,-0.909229,0.123531,-0.397546),
	CFrame.new(-320.138458,26.534369,-76.469032,-0.409948,-0.099544,0.906661,0.072427,0.987335,0.141150,-0.909229,0.123531,-0.397546),
	CFrame.new(-320.149750,26.554564,-76.594742,-0.409567,-0.106722,0.906016,0.026931,0.991287,0.128940,-0.911883,0.077209,-0.403124),
	CFrame.new(-320.149750,26.554564,-76.594742,-0.409567,-0.106722,0.906016,0.026931,0.991287,0.128940,-0.911883,0.077209,-0.403124),
	CFrame.new(-320.149750,26.554564,-76.594742,-0.409567,-0.106722,0.906016,0.026931,0.991287,0.128940,-0.911883,0.077209,-0.403124),
	CFrame.new(-320.149750,26.554564,-76.594742,-0.409567,-0.106722,0.906016,0.026931,0.991287,0.128940,-0.911883,0.077209,-0.403124),
	CFrame.new(-320.149750,26.554564,-76.594742,-0.409567,-0.106722,0.906016,0.026931,0.991287,0.128940,-0.911883,0.077209,-0.403124),
	CFrame.new(-320.149750,26.554564,-76.594742,-0.409567,-0.106722,0.906016,0.026931,0.991287,0.128940,-0.911883,0.077209,-0.403124),
	CFrame.new(-320.149200,26.587011,-76.634048,-0.412059,-0.104240,0.905175,0.010670,0.992814,0.119189,-0.911095,0.058771,-0.407985),
	CFrame.new(-320.149200,26.587011,-76.634048,-0.412059,-0.104240,0.905175,0.010670,0.992814,0.119189,-0.911095,0.058771,-0.407985),
	CFrame.new(-320.149200,26.587011,-76.634048,-0.412059,-0.104240,0.905175,0.010670,0.992814,0.119189,-0.911095,0.058771,-0.407985),
	CFrame.new(-320.140808,26.594955,-76.526031,-0.411361,-0.102595,0.905680,0.032067,0.991401,0.126871,-0.910908,0.081233,-0.404534),
	CFrame.new(-320.140808,26.594955,-76.526031,-0.411361,-0.102595,0.905680,0.032067,0.991401,0.126871,-0.910908,0.081233,-0.404534),
	CFrame.new(-320.140808,26.594955,-76.526031,-0.411361,-0.102595,0.905680,0.032067,0.991401,0.126871,-0.910908,0.081233,-0.404534),
	CFrame.new(-320.140808,26.594955,-76.526031,-0.411361,-0.102595,0.905680,0.032067,0.991401,0.126871,-0.910908,0.081233,-0.404534),
	CFrame.new(-320.140808,26.594955,-76.526031,-0.411361,-0.102595,0.905680,0.032068,0.991401,0.126871,-0.910908,0.081233,-0.404534),
	CFrame.new(-320.137848,26.568933,-76.475410,-0.410747,-0.101227,0.906112,0.050054,0.989815,0.133268,-0.910374,0.100095,-0.401497),
	CFrame.new(-320.137848,26.568933,-76.475410,-0.410747,-0.101227,0.906112,0.050054,0.989815,0.133268,-0.910374,0.100095,-0.401497),
	CFrame.new(-320.137848,26.568933,-76.475410,-0.410747,-0.101227,0.906112,0.050054,0.989815,0.133268,-0.910374,0.100094,-0.401497),
	CFrame.new(-320.137848,26.568933,-76.475410,-0.410747,-0.101227,0.906112,0.050054,0.989815,0.133268,-0.910374,0.100094,-0.401497),
	CFrame.new(-320.137848,26.568933,-76.475410,-0.410747,-0.101227,0.906112,0.050054,0.989815,0.133268,-0.910374,0.100094,-0.401497),
	CFrame.new(-320.137848,26.568933,-76.475410,-0.410747,-0.101227,0.906112,0.050054,0.989815,0.133268,-0.910374,0.100094,-0.401497),
	CFrame.new(-320.144379,26.572754,-76.496666,-0.412127,-0.107849,0.904721,0.041525,0.989715,0.136897,-0.910180,0.093987,-0.403410),
	CFrame.new(-320.144379,26.572754,-76.496666,-0.412127,-0.107849,0.904721,0.041525,0.989715,0.136897,-0.910180,0.093987,-0.403410),
	CFrame.new(-320.144379,26.572754,-76.496666,-0.412127,-0.107849,0.904721,0.041525,0.989715,0.136896,-0.910180,0.093987,-0.403410),
	CFrame.new(-320.144379,26.572754,-76.496666,-0.412127,-0.107849,0.904721,0.041525,0.989715,0.136896,-0.910180,0.093987,-0.403410),
	CFrame.new(-320.144379,26.572754,-76.496666,-0.412127,-0.107849,0.904721,0.041525,0.989715,0.136896,-0.910180,0.093988,-0.403410),
	CFrame.new(-320.149902,26.576645,-76.518158,-0.413411,-0.113228,0.903477,0.033239,0.989700,0.139243,-0.909938,0.087595,-0.405389),
	CFrame.new(-320.149902,26.576645,-76.518158,-0.413411,-0.113228,0.903477,0.033239,0.989700,0.139243,-0.909938,0.087595,-0.405389),
	CFrame.new(-320.149902,26.576645,-76.518158,-0.413411,-0.113228,0.903477,0.033239,0.989700,0.139243,-0.909938,0.087595,-0.405389),
	CFrame.new(-320.149902,26.576645,-76.518158,-0.413411,-0.113228,0.903477,0.033239,0.989700,0.139243,-0.909938,0.087595,-0.405389),
	CFrame.new(-320.149902,26.576645,-76.518158,-0.413411,-0.113228,0.903477,0.033239,0.989700,0.139243,-0.909938,0.087595,-0.405389),
	CFrame.new(-320.149963,26.572636,-76.513931,-0.413446,-0.113482,0.903429,0.033773,0.989609,0.139764,-0.909902,0.088296,-0.405318),
	CFrame.new(-320.149963,26.572636,-76.513931,-0.413446,-0.113482,0.903429,0.033773,0.989609,0.139764,-0.909902,0.088296,-0.405318),
	CFrame.new(-320.149963,26.572636,-76.513931,-0.413446,-0.113482,0.903429,0.033773,0.989609,0.139764,-0.909902,0.088296,-0.405318),
	CFrame.new(-320.149963,26.572636,-76.513931,-0.413446,-0.113482,0.903429,0.033773,0.989609,0.139764,-0.909902,0.088296,-0.405318),
	CFrame.new(-320.149475,26.564684,-76.505470,-0.413493,-0.113252,0.903436,0.035146,0.989509,0.140128,-0.909829,0.089694,-0.405175),
	CFrame.new(-320.149475,26.564686,-76.505470,-0.413493,-0.113252,0.903436,0.035146,0.989509,0.140128,-0.909829,0.089694,-0.405175),
	CFrame.new(-320.149475,26.564686,-76.505470,-0.413493,-0.113252,0.903436,0.035146,0.989509,0.140128,-0.909829,0.089694,-0.405175),
	CFrame.new(-320.149475,26.564686,-76.505470,-0.413493,-0.113252,0.903436,0.035146,0.989509,0.140128,-0.909829,0.089694,-0.405175),
	CFrame.new(-320.149475,26.564686,-76.505470,-0.413493,-0.113252,0.903436,0.035146,0.989509,0.140128,-0.909829,0.089694,-0.405175),
	CFrame.new(-320.148987,26.558161,-76.497963,-0.413283,-0.112938,0.903572,0.037044,0.989372,0.140606,-0.909849,0.091582,-0.404707),
	CFrame.new(-320.148987,26.558161,-76.497963,-0.413283,-0.112938,0.903572,0.037044,0.989372,0.140606,-0.909849,0.091582,-0.404707),
	CFrame.new(-320.148987,26.558161,-76.497963,-0.413283,-0.112938,0.903572,0.037044,0.989372,0.140606,-0.909849,0.091582,-0.404707),
	CFrame.new(-320.148987,26.558161,-76.497963,-0.413283,-0.112938,0.903572,0.037044,0.989372,0.140606,-0.909849,0.091582,-0.404707),
	CFrame.new(-320.148987,26.558161,-76.497963,-0.413283,-0.112938,0.903572,0.037044,0.989372,0.140606,-0.909849,0.091582,-0.404707),
	CFrame.new(-320.146973,26.561798,-76.508797,-0.411926,-0.109625,0.904599,0.038734,0.989733,0.137580,-0.910394,0.091711,-0.403451),
	CFrame.new(-320.146973,26.561798,-76.508797,-0.411926,-0.109625,0.904599,0.038734,0.989733,0.137580,-0.910394,0.091711,-0.403451),
	CFrame.new(-320.146973,26.561798,-76.508797,-0.411926,-0.109625,0.904599,0.038734,0.989733,0.137580,-0.910394,0.091711,-0.403451),
	CFrame.new(-320.146973,26.561798,-76.508797,-0.411926,-0.109625,0.904599,0.038734,0.989733,0.137580,-0.910394,0.091711,-0.403451),
	CFrame.new(-320.145050,26.567860,-76.528198,-0.410730,-0.105811,0.905596,0.039809,0.990215,0.133753,-0.910887,0.090987,-0.402499),
	CFrame.new(-320.145050,26.567860,-76.528198,-0.410730,-0.105811,0.905596,0.039809,0.990215,0.133753,-0.910887,0.090987,-0.402499),
	CFrame.new(-320.145050,26.567860,-76.528198,-0.410730,-0.105811,0.905596,0.039809,0.990215,0.133753,-0.910887,0.090987,-0.402499),
	CFrame.new(-320.145050,26.567860,-76.528198,-0.410730,-0.105811,0.905596,0.039809,0.990215,0.133753,-0.910887,0.090987,-0.402499),
	CFrame.new(-320.143036,26.568115,-76.528664,-0.410167,-0.103347,0.906136,0.040377,0.990527,0.131248,-0.911116,0.090421,-0.402108),
	CFrame.new(-320.143036,26.568115,-76.528664,-0.410167,-0.103347,0.906136,0.040377,0.990527,0.131248,-0.911116,0.090421,-0.402108),
	CFrame.new(-320.143036,26.568115,-76.528664,-0.410167,-0.103347,0.906136,0.040377,0.990527,0.131248,-0.911116,0.090421,-0.402108),
	CFrame.new(-320.143036,26.568115,-76.528664,-0.410167,-0.103347,0.906136,0.040377,0.990527,0.131248,-0.911116,0.090421,-0.402108),
	CFrame.new(-320.143036,26.568115,-76.528664,-0.410167,-0.103347,0.906136,0.040377,0.990527,0.131249,-0.911116,0.090421,-0.402108),
	CFrame.new(-320.143036,26.568117,-76.528664,-0.410167,-0.103347,0.906136,0.040377,0.990527,0.131249,-0.911116,0.090421,-0.402108),
	CFrame.new(-320.143036,26.568117,-76.528664,-0.410167,-0.103347,0.906136,0.040377,0.990527,0.131248,-0.911116,0.090421,-0.402108),
	CFrame.new(-320.143036,26.568115,-76.528664,-0.410167,-0.103347,0.906136,0.040377,0.990527,0.131248,-0.911116,0.090421,-0.402108),
	CFrame.new(-320.143036,26.568115,-76.528664,-0.410167,-0.103347,0.906136,0.040377,0.990527,0.131248,-0.911116,0.090421,-0.402108),
	CFrame.new(-320.149384,26.587381,-76.601280,-0.411408,-0.106258,0.905236,0.025281,0.991469,0.127870,-0.911101,0.075492,-0.405212),
	CFrame.new(-320.149384,26.587381,-76.601280,-0.411408,-0.106258,0.905236,0.025281,0.991469,0.127870,-0.911101,0.075492,-0.405212),
	CFrame.new(-320.149384,26.587381,-76.601280,-0.411408,-0.106258,0.905236,0.025281,0.991469,0.127870,-0.911101,0.075492,-0.405212),
	CFrame.new(-320.149384,26.587381,-76.601280,-0.411408,-0.106258,0.905236,0.025281,0.991469,0.127870,-0.911101,0.075492,-0.405212),
	CFrame.new(-320.149384,26.587381,-76.601280,-0.411408,-0.106258,0.905236,0.025280,0.991469,0.127870,-0.911101,0.075492,-0.405212),
	CFrame.new(-320.149384,26.587381,-76.601280,-0.411408,-0.106258,0.905236,0.025280,0.991469,0.127870,-0.911101,0.075491,-0.405212),
	CFrame.new(-320.158447,26.599144,-76.666313,-0.414214,-0.114479,0.902951,-0.011616,0.992643,0.120522,-0.910105,0.039433,-0.412496),
	CFrame.new(-320.158447,26.599144,-76.666313,-0.414214,-0.114479,0.902951,-0.011616,0.992643,0.120522,-0.910105,0.039433,-0.412496),
	CFrame.new(-320.158447,26.599144,-76.666313,-0.414214,-0.114479,0.902951,-0.011616,0.992643,0.120522,-0.910105,0.039433,-0.412496),
	CFrame.new(-320.158447,26.599144,-76.666313,-0.414214,-0.114479,0.902951,-0.011616,0.992643,0.120522,-0.910105,0.039433,-0.412496),
	CFrame.new(-320.158447,26.599144,-76.666313,-0.414214,-0.114479,0.902951,-0.011616,0.992643,0.120522,-0.910105,0.039434,-0.412496),
	CFrame.new(-320.161957,26.602551,-76.689461,-0.415278,-0.117870,0.902026,-0.026787,0.992725,0.117389,-0.909300,0.024587,-0.415414),
	CFrame.new(-320.161957,26.602551,-76.689461,-0.415278,-0.117870,0.902026,-0.026787,0.992725,0.117390,-0.909300,0.024587,-0.415414),
	CFrame.new(-320.161957,26.602551,-76.689461,-0.415278,-0.117870,0.902026,-0.026787,0.992725,0.117390,-0.909300,0.024587,-0.415414),
	CFrame.new(-320.161957,26.602551,-76.689461,-0.415278,-0.117870,0.902026,-0.026787,0.992725,0.117390,-0.909300,0.024587,-0.415414),
	CFrame.new(-320.161957,26.602551,-76.689461,-0.415278,-0.117870,0.902026,-0.026787,0.992725,0.117390,-0.909300,0.024587,-0.415414),
	CFrame.new(-320.161957,26.602551,-76.689461,-0.415278,-0.117870,0.902026,-0.026787,0.992725,0.117390,-0.909300,0.024587,-0.415414),
	CFrame.new(-320.166595,26.662495,-76.776642,-0.415619,-0.118822,0.901744,-0.038869,0.992845,0.112911,-0.908708,0.011878,-0.417264),
	CFrame.new(-320.166595,26.662495,-76.776642,-0.415619,-0.118822,0.901744,-0.038869,0.992845,0.112911,-0.908708,0.011878,-0.417264),
	CFrame.new(-320.166595,26.662495,-76.776642,-0.415619,-0.118822,0.901744,-0.038869,0.992845,0.112911,-0.908708,0.011878,-0.417264),
	CFrame.new(-320.533173,26.201523,-76.708557,0.150210,-0.518162,-0.841989,0.000258,0.851672,-0.524075,0.988654,0.078504,0.128063),
	CFrame.new(-320.533173,26.201523,-76.708557,0.150210,-0.518162,-0.841989,0.000258,0.851672,-0.524075,0.988654,0.078504,0.128063),
	CFrame.new(-320.484680,26.378738,-76.434311,-0.563600,-0.456093,-0.688719,-0.213248,0.885825,-0.412115,0.798048,-0.085400,-0.596512),
	CFrame.new(-320.484680,26.378738,-76.434311,-0.563600,-0.456093,-0.688719,-0.213248,0.885825,-0.412116,0.798048,-0.085400,-0.596512),
	CFrame.new(-320.484680,26.378738,-76.434311,-0.563600,-0.456093,-0.688719,-0.213248,0.885825,-0.412116,0.798048,-0.085400,-0.596512),
	CFrame.new(-320.484680,26.378738,-76.434311,-0.563600,-0.456093,-0.688719,-0.213248,0.885825,-0.412116,0.798048,-0.085400,-0.596512),
	CFrame.new(-320.469208,26.282366,-76.547325,-0.780910,-0.458499,0.424216,-0.386401,0.888180,0.248659,-0.490790,0.030263,-0.870752),
	CFrame.new(-320.469208,26.282366,-76.547325,-0.780910,-0.458499,0.424216,-0.386401,0.888180,0.248659,-0.490790,0.030263,-0.870752),
	CFrame.new(-320.469208,26.282366,-76.547325,-0.780910,-0.458499,0.424216,-0.386401,0.888180,0.248659,-0.490790,0.030263,-0.870752),
	CFrame.new(-320.469208,26.282366,-76.547325,-0.780910,-0.458499,0.424216,-0.386401,0.888180,0.248659,-0.490790,0.030263,-0.870752),
	CFrame.new(-320.585388,26.098179,-76.770508,0.008333,-0.620906,0.783840,0.021855,0.783793,0.620637,-0.999726,0.011959,0.020101),
	CFrame.new(-320.585388,26.098179,-76.770508,0.008333,-0.620906,0.783840,0.021855,0.783793,0.620637,-0.999726,0.011959,0.020101),
	CFrame.new(-320.585388,26.098179,-76.770508,0.008333,-0.620906,0.783840,0.021855,0.783793,0.620637,-0.999726,0.011959,0.020101),
	CFrame.new(-320.585388,26.098179,-76.770508,0.008333,-0.620906,0.783840,0.021855,0.783793,0.620637,-0.999726,0.011959,0.020101),
	CFrame.new(-320.585388,26.098179,-76.770508,0.008333,-0.620906,0.783840,0.021855,0.783793,0.620637,-0.999726,0.011959,0.020101),
	CFrame.new(-320.523315,26.233904,-76.744179,-0.005130,-0.531940,0.846766,0.037122,0.846093,0.531742,-0.999298,0.034161,0.015407),
	CFrame.new(-320.523315,26.233904,-76.744179,-0.005130,-0.531940,0.846766,0.037122,0.846093,0.531742,-0.999298,0.034161,0.015407),
	CFrame.new(-320.523315,26.233904,-76.744179,-0.005130,-0.531940,0.846766,0.037122,0.846093,0.531742,-0.999298,0.034161,0.015407),
	CFrame.new(-320.523285,26.211813,-76.739746,-0.005130,-0.531940,0.846766,0.037122,0.846093,0.531742,-0.999298,0.034161,0.015407),
	CFrame.new(-320.523285,26.211813,-76.739746,-0.005130,-0.531940,0.846766,0.037122,0.846093,0.531742,-0.999298,0.034161,0.015407),
	CFrame.new(-320.523285,26.211813,-76.739746,-0.005130,-0.531940,0.846766,0.037122,0.846093,0.531742,-0.999298,0.034161,0.015407),
	CFrame.new(-320.523285,26.211813,-76.739746,-0.005130,-0.531940,0.846766,0.037122,0.846093,0.531742,-0.999298,0.034161,0.015407),
	CFrame.new(-320.523285,26.211813,-76.739746,-0.005130,-0.531940,0.846766,0.037122,0.846093,0.531742,-0.999298,0.034161,0.015407),
	CFrame.new(-320.523285,26.211813,-76.739746,-0.005130,-0.531940,0.846766,0.037122,0.846093,0.531742,-0.999298,0.034161,0.015407),
	CFrame.new(-320.523285,26.211813,-76.739746,-0.005130,-0.531940,0.846766,0.037122,0.846093,0.531742,-0.999298,0.034161,0.015407),
	CFrame.new(-320.523285,26.211813,-76.739746,-0.005130,-0.531940,0.846766,0.037122,0.846093,0.531742,-0.999298,0.034161,0.015407),
	CFrame.new(-320.523285,26.211813,-76.739746,-0.005130,-0.531940,0.846766,0.037122,0.846093,0.531742,-0.999298,0.034161,0.015407),
	CFrame.new(-320.523285,26.211813,-76.739746,-0.005130,-0.531940,0.846766,0.037122,0.846093,0.531742,-0.999298,0.034161,0.015407),
	CFrame.new(-320.523285,26.211813,-76.739746,-0.005130,-0.531940,0.846766,0.037122,0.846093,0.531742,-0.999298,0.034161,0.015407),
	CFrame.new(-320.523285,26.211813,-76.739746,-0.005130,-0.531940,0.846766,0.037122,0.846093,0.531742,-0.999298,0.034161,0.015407),
	CFrame.new(-320.523285,26.211813,-76.739746,-0.005130,-0.531940,0.846766,0.037122,0.846093,0.531742,-0.999298,0.034161,0.015407),
	CFrame.new(-320.523285,26.211813,-76.739746,-0.005130,-0.531940,0.846766,0.037122,0.846093,0.531742,-0.999298,0.034161,0.015407),
	CFrame.new(-320.356232,26.019144,-76.826981,0.028925,-0.343081,0.938860,0.008740,0.939304,0.342974,-0.999543,-0.001715,0.030168),
	CFrame.new(-320.356232,26.019144,-76.826981,0.028925,-0.343081,0.938860,0.008740,0.939304,0.342974,-0.999543,-0.001715,0.030168),
	CFrame.new(-320.356232,26.019144,-76.826981,0.028925,-0.343081,0.938860,0.008740,0.939304,0.342974,-0.999543,-0.001715,0.030168),
	CFrame.new(-320.356232,26.019144,-76.826981,0.028925,-0.343081,0.938860,0.008740,0.939304,0.342974,-0.999543,-0.001715,0.030168),
	CFrame.new(-320.356232,26.019144,-76.826981,0.028925,-0.343081,0.938860,0.008740,0.939304,0.342974,-0.999543,-0.001715,0.030168),
	CFrame.new(-320.356232,26.019144,-76.826981,0.028925,-0.343081,0.938860,0.008740,0.939304,0.342974,-0.999543,-0.001715,0.030168),
	CFrame.new(-320.178345,26.347960,-76.768570,0.042674,-0.111064,0.992897,0.022204,0.993662,0.110196,-0.998842,0.017344,0.044870),
	CFrame.new(-320.178345,26.347960,-76.768570,0.042674,-0.111064,0.992897,0.022204,0.993662,0.110196,-0.998842,0.017344,0.044870),
	CFrame.new(-320.178345,26.347960,-76.768570,0.042674,-0.111065,0.992896,0.022204,0.993662,0.110196,-0.998842,0.017344,0.044870),
	CFrame.new(-320.178345,26.347960,-76.768570,0.042674,-0.111065,0.992897,0.022204,0.993662,0.110196,-0.998842,0.017344,0.044870),
	CFrame.new(-319.860687,26.882063,-76.789192,-0.037004,0.260100,0.964872,-0.001172,0.965522,-0.260320,-0.999314,-0.010763,-0.035423),
	CFrame.new(-319.860687,26.882063,-76.789192,-0.037004,0.260100,0.964872,-0.001172,0.965522,-0.260320,-0.999314,-0.010763,-0.035423),
	CFrame.new(-319.860687,26.882063,-76.789192,-0.037004,0.260100,0.964872,-0.001172,0.965522,-0.260320,-0.999314,-0.010763,-0.035423),
	CFrame.new(-319.860687,26.882063,-76.789192,-0.037004,0.260100,0.964872,-0.001172,0.965522,-0.260320,-0.999314,-0.010763,-0.035423),
	CFrame.new(-319.860474,26.912039,-76.790436,-0.037004,0.260100,0.964872,-0.001172,0.965522,-0.260320,-0.999314,-0.010763,-0.035423),
	CFrame.new(-319.860474,26.912039,-76.790436,-0.037004,0.260100,0.964872,-0.001172,0.965522,-0.260320,-0.999314,-0.010763,-0.035423),
	CFrame.new(-319.860474,26.912039,-76.790436,-0.037004,0.260100,0.964872,-0.001172,0.965522,-0.260320,-0.999314,-0.010763,-0.035423),
	CFrame.new(-319.860474,26.912039,-76.790436,-0.037004,0.260100,0.964872,-0.001172,0.965522,-0.260320,-0.999314,-0.010763,-0.035423),
	CFrame.new(-319.860474,26.912039,-76.790436,-0.037004,0.260100,0.964872,-0.001172,0.965522,-0.260320,-0.999314,-0.010764,-0.035423),
	CFrame.new(-319.860474,26.912039,-76.790436,-0.037004,0.260100,0.964872,-0.001172,0.965522,-0.260320,-0.999314,-0.010764,-0.035423),
	CFrame.new(-319.860443,26.898300,-76.794189,-0.037004,0.260100,0.964872,-0.001172,0.965522,-0.260320,-0.999314,-0.010764,-0.035423),
	CFrame.new(-319.860443,26.898300,-76.794189,-0.037004,0.260100,0.964872,-0.001172,0.965522,-0.260320,-0.999314,-0.010763,-0.035423),
	CFrame.new(-319.860443,26.898300,-76.794189,-0.037004,0.260100,0.964872,-0.001172,0.965522,-0.260320,-0.999314,-0.010763,-0.035423),
	CFrame.new(-319.860443,26.898300,-76.794189,-0.037004,0.260100,0.964872,-0.001172,0.965522,-0.260320,-0.999314,-0.010763,-0.035423),
	CFrame.new(-319.860443,26.898300,-76.794189,-0.037004,0.260100,0.964872,-0.001172,0.965522,-0.260320,-0.999314,-0.010763,-0.035423),
	CFrame.new(-319.860443,26.898300,-76.794189,-0.037004,0.260100,0.964872,-0.001172,0.965522,-0.260320,-0.999314,-0.010763,-0.035423),
	CFrame.new(-319.860443,26.898300,-76.794189,-0.037004,0.260100,0.964872,-0.001172,0.965522,-0.260320,-0.999314,-0.010763,-0.035423),
	CFrame.new(-319.860443,26.898300,-76.794189,-0.037004,0.260100,0.964872,-0.001172,0.965522,-0.260320,-0.999314,-0.010763,-0.035423),
	CFrame.new(-319.860443,26.898300,-76.794189,-0.037004,0.260100,0.964872,-0.001172,0.965522,-0.260320,-0.999314,-0.010763,-0.035423),
	CFrame.new(-319.860443,26.898300,-76.794189,-0.037004,0.260100,0.964872,-0.001172,0.965522,-0.260320,-0.999314,-0.010764,-0.035423),
	CFrame.new(-319.860474,26.896738,-76.793617,-0.037004,0.260100,0.964872,-0.001172,0.965522,-0.260320,-0.999314,-0.010764,-0.035423),
	CFrame.new(-319.860474,26.896738,-76.793617,-0.037004,0.260100,0.964872,-0.001172,0.965522,-0.260320,-0.999314,-0.010764,-0.035423),
	CFrame.new(-319.860474,26.896738,-76.793617,-0.037004,0.260100,0.964872,-0.001172,0.965522,-0.260320,-0.999314,-0.010763,-0.035423),
	CFrame.new(-319.860474,26.896738,-76.793617,-0.037004,0.260100,0.964872,-0.001172,0.965522,-0.260320,-0.999314,-0.010763,-0.035423),
	CFrame.new(-319.860474,26.896738,-76.793617,-0.037004,0.260100,0.964872,-0.001172,0.965522,-0.260320,-0.999314,-0.010763,-0.035423),
	CFrame.new(-319.860474,26.896738,-76.793617,-0.037004,0.260100,0.964872,-0.001172,0.965522,-0.260320,-0.999314,-0.010763,-0.035423),
	CFrame.new(-319.860474,26.896738,-76.793617,-0.037004,0.260100,0.964872,-0.001172,0.965522,-0.260320,-0.999314,-0.010763,-0.035423),
	CFrame.new(-319.860474,26.896738,-76.793617,-0.037004,0.260100,0.964872,-0.001172,0.965522,-0.260320,-0.999314,-0.010763,-0.035423),
	CFrame.new(-319.860474,26.896738,-76.793617,-0.037004,0.260100,0.964872,-0.001172,0.965522,-0.260320,-0.999314,-0.010763,-0.035423),
	CFrame.new(-319.860504,26.896038,-76.792137,-0.037004,0.260100,0.964872,-0.001172,0.965522,-0.260320,-0.999314,-0.010764,-0.035423),
	CFrame.new(-319.860504,26.896038,-76.792137,-0.037004,0.260100,0.964872,-0.001172,0.965522,-0.260320,-0.999314,-0.010764,-0.035423),
	CFrame.new(-319.860504,26.896038,-76.792137,-0.037004,0.260100,0.964872,-0.001172,0.965522,-0.260320,-0.999314,-0.010764,-0.035423),
	CFrame.new(-319.860504,26.896038,-76.792137,-0.037004,0.260100,0.964872,-0.001172,0.965522,-0.260320,-0.999314,-0.010763,-0.035423),
	CFrame.new(-319.860504,26.896038,-76.792137,-0.037004,0.260100,0.964872,-0.001172,0.965522,-0.260320,-0.999314,-0.010763,-0.035423),
	CFrame.new(-319.860504,26.896038,-76.792137,-0.037004,0.260100,0.964872,-0.001172,0.965522,-0.260320,-0.999314,-0.010763,-0.035423),
	CFrame.new(-319.860504,26.896038,-76.792137,-0.037004,0.260100,0.964872,-0.001172,0.965522,-0.260320,-0.999314,-0.010763,-0.035423),
	CFrame.new(-319.860504,26.896038,-76.792137,-0.037004,0.260100,0.964872,-0.001172,0.965522,-0.260320,-0.999314,-0.010763,-0.035423),
	CFrame.new(-319.860565,26.895130,-76.790451,-0.037004,0.260100,0.964872,-0.001172,0.965522,-0.260320,-0.999314,-0.010763,-0.035423),
	CFrame.new(-319.860565,26.895130,-76.790451,-0.037004,0.260100,0.964872,-0.001172,0.965522,-0.260320,-0.999314,-0.010763,-0.035423),
	CFrame.new(-319.860565,26.895130,-76.790451,-0.037004,0.260100,0.964872,-0.001172,0.965522,-0.260320,-0.999314,-0.010763,-0.035423),
	CFrame.new(-319.860565,26.895130,-76.790451,-0.037004,0.260100,0.964872,-0.001172,0.965522,-0.260320,-0.999314,-0.010764,-0.035423),
	CFrame.new(-319.860565,26.895130,-76.790451,-0.037004,0.260100,0.964872,-0.001172,0.965522,-0.260320,-0.999314,-0.010764,-0.035423),
	CFrame.new(-319.860565,26.895130,-76.790451,-0.037004,0.260100,0.964872,-0.001172,0.965522,-0.260320,-0.999314,-0.010764,-0.035423),
	CFrame.new(-319.860565,26.895130,-76.790451,-0.037004,0.260100,0.964872,-0.001172,0.965522,-0.260320,-0.999314,-0.010763,-0.035423),
	CFrame.new(-319.860626,26.894304,-76.788956,-0.037004,0.260100,0.964872,-0.001172,0.965522,-0.260320,-0.999314,-0.010763,-0.035423),
	CFrame.new(-319.860626,26.894304,-76.788956,-0.037004,0.260100,0.964872,-0.001172,0.965522,-0.260320,-0.999314,-0.010763,-0.035423),
	CFrame.new(-319.860626,26.894304,-76.788956,-0.037004,0.260100,0.964872,-0.001172,0.965522,-0.260320,-0.999314,-0.010763,-0.035423),
	CFrame.new(-319.860626,26.894304,-76.788956,-0.037004,0.260100,0.964872,-0.001172,0.965522,-0.260320,-0.999314,-0.010763,-0.035423),
	CFrame.new(-319.860626,26.894304,-76.788956,-0.037004,0.260100,0.964872,-0.001172,0.965522,-0.260320,-0.999314,-0.010763,-0.035423),
	CFrame.new(-319.860626,26.894304,-76.788956,-0.037004,0.260100,0.964872,-0.001172,0.965522,-0.260320,-0.999314,-0.010763,-0.035423),
	CFrame.new(-319.860626,26.894304,-76.788956,-0.037004,0.260100,0.964872,-0.001172,0.965522,-0.260320,-0.999314,-0.010763,-0.035423),
	CFrame.new(-319.860626,26.894304,-76.788956,-0.037004,0.260100,0.964872,-0.001172,0.965522,-0.260320,-0.999314,-0.010764,-0.035423),
	CFrame.new(-319.860626,26.894304,-76.788956,-0.037004,0.260100,0.964872,-0.001172,0.965522,-0.260320,-0.999314,-0.010764,-0.035423),
	CFrame.new(-319.860626,26.894304,-76.788956,-0.037004,0.260100,0.964872,-0.001172,0.965522,-0.260320,-0.999314,-0.010764,-0.035423),
	CFrame.new(-319.860626,26.894304,-76.788956,-0.037004,0.260100,0.964872,-0.001172,0.965522,-0.260320,-0.999314,-0.010763,-0.035423),
	CFrame.new(-319.860626,26.894304,-76.788956,-0.037004,0.260100,0.964872,-0.001172,0.965522,-0.260320,-0.999314,-0.010763,-0.035423),
	CFrame.new(-319.860626,26.894304,-76.788956,-0.037004,0.260100,0.964872,-0.001172,0.965522,-0.260320,-0.999314,-0.010763,-0.035423),
	CFrame.new(-319.860626,26.894304,-76.788956,-0.037004,0.260100,0.964872,-0.001172,0.965522,-0.260320,-0.999314,-0.010763,-0.035423),
	CFrame.new(-319.860626,26.894304,-76.788956,-0.037004,0.260100,0.964872,-0.001172,0.965522,-0.260320,-0.999314,-0.010763,-0.035423),
	CFrame.new(-319.860718,26.892397,-76.785637,-0.037004,0.260100,0.964872,-0.001172,0.965522,-0.260320,-0.999314,-0.010763,-0.035423),
	CFrame.new(-319.860718,26.892397,-76.785637,-0.037004,0.260100,0.964872,-0.001172,0.965522,-0.260320,-0.999314,-0.010763,-0.035423),
	CFrame.new(-319.860718,26.892397,-76.785637,-0.037004,0.260100,0.964872,-0.001172,0.965522,-0.260320,-0.999314,-0.010763,-0.035423),
	CFrame.new(-319.860718,26.892397,-76.785637,-0.037004,0.260100,0.964872,-0.001172,0.965522,-0.260320,-0.999314,-0.010764,-0.035423),
	CFrame.new(-319.860718,26.892397,-76.785637,-0.037004,0.260100,0.964872,-0.001172,0.965522,-0.260320,-0.999314,-0.010764,-0.035423),
	CFrame.new(-319.860718,26.892397,-76.785637,-0.037004,0.260100,0.964872,-0.001172,0.965522,-0.260320,-0.999314,-0.010764,-0.035423),
	CFrame.new(-319.860718,26.892397,-76.785637,-0.037004,0.260100,0.964872,-0.001172,0.965522,-0.260320,-0.999314,-0.010763,-0.035423),
	CFrame.new(-319.860718,26.892397,-76.785637,-0.037004,0.260100,0.964872,-0.001172,0.965522,-0.260320,-0.999314,-0.010763,-0.035423),
	CFrame.new(-319.860718,26.892397,-76.785637,-0.037004,0.260100,0.964872,-0.001172,0.965522,-0.260320,-0.999314,-0.010763,-0.035423),
	CFrame.new(-319.860718,26.892397,-76.785637,-0.037004,0.260100,0.964872,-0.001172,0.965522,-0.260320,-0.999314,-0.010763,-0.035423),
	CFrame.new(-319.860718,26.892397,-76.785637,-0.037004,0.260100,0.964872,-0.001172,0.965522,-0.260320,-0.999314,-0.010763,-0.035423),
	CFrame.new(-319.860718,26.892397,-76.785637,-0.037004,0.260100,0.964872,-0.001172,0.965522,-0.260320,-0.999314,-0.010763,-0.035423),
	CFrame.new(-319.860718,26.892397,-76.785637,-0.037004,0.260100,0.964872,-0.001172,0.965522,-0.260320,-0.999314,-0.010763,-0.035423),
	CFrame.new(-319.860779,26.891262,-76.783714,-0.037004,0.260100,0.964872,-0.001172,0.965522,-0.260320,-0.999314,-0.010763,-0.035423),
	CFrame.new(-319.860779,26.891262,-76.783714,-0.037004,0.260100,0.964872,-0.001172,0.965522,-0.260320,-0.999314,-0.010763,-0.035423),
	CFrame.new(-319.860779,26.891262,-76.783714,-0.037004,0.260100,0.964872,-0.001172,0.965522,-0.260320,-0.999314,-0.010764,-0.035423),
	CFrame.new(-319.860779,26.891262,-76.783714,-0.037004,0.260100,0.964872,-0.001172,0.965522,-0.260320,-0.999314,-0.010763,-0.035423),
	CFrame.new(-319.860779,26.891262,-76.783714,-0.037004,0.260100,0.964872,-0.001172,0.965522,-0.260320,-0.999314,-0.010763,-0.035423),
	CFrame.new(-319.820160,26.878788,-76.785118,-0.050501,0.309513,0.949553,0.002560,0.950803,-0.309784,-0.998721,-0.013214,-0.048808),
	CFrame.new(-319.820160,26.878788,-76.785118,-0.050501,0.309513,0.949553,0.002560,0.950803,-0.309784,-0.998721,-0.013214,-0.048808),
	CFrame.new(-319.820160,26.878788,-76.785118,-0.050501,0.309513,0.949553,0.002560,0.950803,-0.309784,-0.998721,-0.013214,-0.048808),
	CFrame.new(-319.820160,26.878788,-76.785118,-0.050501,0.309513,0.949553,0.002560,0.950803,-0.309784,-0.998721,-0.013214,-0.048808),
	CFrame.new(-319.820160,26.878788,-76.785118,-0.050501,0.309513,0.949553,0.002560,0.950803,-0.309784,-0.998721,-0.013214,-0.048808),
	CFrame.new(-319.794159,26.869726,-76.786575,-0.059145,0.341128,0.938154,0.005353,0.939894,-0.341423,-0.998235,-0.015172,-0.057416),
	CFrame.new(-319.794159,26.869726,-76.786575,-0.059145,0.341128,0.938154,0.005352,0.939894,-0.341423,-0.998235,-0.015172,-0.057416),
	CFrame.new(-319.794159,26.869726,-76.786575,-0.059145,0.341128,0.938154,0.005352,0.939894,-0.341423,-0.998235,-0.015172,-0.057416),
	CFrame.new(-319.794159,26.869726,-76.786575,-0.059145,0.341128,0.938154,0.005352,0.939894,-0.341423,-0.998235,-0.015172,-0.057416),
	CFrame.new(-319.794159,26.869726,-76.786575,-0.059145,0.341128,0.938154,0.005353,0.939894,-0.341423,-0.998235,-0.015172,-0.057416),
	CFrame.new(-319.924927,26.905352,-76.783905,-0.047527,0.182128,0.982125,-0.003311,0.983203,-0.182488,-0.998864,-0.011925,-0.046126),
	CFrame.new(-319.924927,26.905352,-76.783905,-0.047527,0.182128,0.982125,-0.003311,0.983203,-0.182488,-0.998864,-0.011925,-0.046126),
	CFrame.new(-319.924927,26.905352,-76.783905,-0.047527,0.182128,0.982125,-0.003311,0.983203,-0.182488,-0.998864,-0.011925,-0.046126),
	CFrame.new(-319.924927,26.905352,-76.783905,-0.047527,0.182128,0.982125,-0.003311,0.983203,-0.182488,-0.998864,-0.011925,-0.046126),
	CFrame.new(-319.924927,26.905352,-76.783905,-0.047527,0.182128,0.982125,-0.003311,0.983203,-0.182488,-0.998864,-0.011925,-0.046126),
	CFrame.new(-319.924927,26.905352,-76.783905,-0.047527,0.182128,0.982125,-0.003311,0.983203,-0.182488,-0.998864,-0.011925,-0.046126),
	CFrame.new(-319.924927,26.905352,-76.783905,-0.047527,0.182128,0.982125,-0.003311,0.983203,-0.182488,-0.998864,-0.011925,-0.046126),
	CFrame.new(-320.133514,26.917021,-76.782867,-0.027226,-0.071418,0.997075,-0.012634,0.997389,0.071096,-0.999549,-0.010661,-0.028057),
	CFrame.new(-320.133514,26.917021,-76.782867,-0.027226,-0.071418,0.997075,-0.012634,0.997389,0.071096,-0.999549,-0.010661,-0.028057),
	CFrame.new(-320.133514,26.917021,-76.782867,-0.027226,-0.071418,0.997075,-0.012634,0.997389,0.071096,-0.999549,-0.010661,-0.028057),
	CFrame.new(-320.133514,26.917021,-76.782867,-0.027226,-0.071418,0.997075,-0.012634,0.997389,0.071096,-0.999549,-0.010661,-0.028057),
	CFrame.new(-320.133514,26.917023,-76.782867,-0.027226,-0.071418,0.997075,-0.012634,0.997389,0.071096,-0.999549,-0.010661,-0.028057),
	CFrame.new(-320.133514,26.917023,-76.782867,-0.027226,-0.071418,0.997075,-0.012634,0.997389,0.071096,-0.999549,-0.010661,-0.028057),
	CFrame.new(-320.133514,26.917023,-76.782867,-0.027226,-0.071418,0.997075,-0.012634,0.997389,0.071096,-0.999549,-0.010661,-0.028057),
	CFrame.new(-320.138550,26.778219,-76.849785,-0.027226,-0.071418,0.997075,-0.012634,0.997389,0.071096,-0.999549,-0.010661,-0.028057),
	CFrame.new(-320.138550,26.778219,-76.849785,-0.027226,-0.071418,0.997075,-0.012634,0.997389,0.071096,-0.999549,-0.010661,-0.028057),
	CFrame.new(-320.138550,26.778219,-76.849785,-0.027226,-0.071418,0.997075,-0.012634,0.997389,0.071096,-0.999549,-0.010661,-0.028057),
	CFrame.new(-320.138550,26.778219,-76.849785,-0.027226,-0.071418,0.997075,-0.012634,0.997389,0.071096,-0.999549,-0.010661,-0.028057),
	CFrame.new(-320.138550,26.778219,-76.849785,-0.027226,-0.071418,0.997075,-0.012634,0.997389,0.071096,-0.999549,-0.010661,-0.028057),
	CFrame.new(-320.140869,26.744083,-76.853996,-0.027226,-0.071418,0.997075,-0.012634,0.997389,0.071096,-0.999549,-0.010661,-0.028057),
	CFrame.new(-320.140869,26.744083,-76.853996,-0.027226,-0.071418,0.997075,-0.012634,0.997389,0.071096,-0.999549,-0.010661,-0.028057),
	CFrame.new(-320.140869,26.744083,-76.853996,-0.027226,-0.071418,0.997075,-0.012634,0.997389,0.071096,-0.999549,-0.010661,-0.028057),
	CFrame.new(-320.141541,26.738401,-76.854271,-0.027226,-0.071418,0.997075,-0.012634,0.997389,0.071096,-0.999549,-0.010661,-0.028057),
	CFrame.new(-320.141541,26.738401,-76.854271,-0.027226,-0.071418,0.997075,-0.012634,0.997389,0.071096,-0.999549,-0.010661,-0.028057),
	CFrame.new(-320.141541,26.738401,-76.854271,-0.027226,-0.071418,0.997075,-0.012634,0.997389,0.071096,-0.999549,-0.010661,-0.028057),
	CFrame.new(-320.141541,26.738401,-76.854271,-0.027226,-0.071418,0.997075,-0.012634,0.997389,0.071096,-0.999549,-0.010661,-0.028057),
	CFrame.new(-320.141541,26.738401,-76.854271,-0.027226,-0.071418,0.997075,-0.012634,0.997389,0.071096,-0.999549,-0.010661,-0.028057),
	CFrame.new(-320.141541,26.738401,-76.854271,-0.027226,-0.071418,0.997075,-0.012634,0.997389,0.071096,-0.999549,-0.010661,-0.028057),
	CFrame.new(-320.141541,26.738401,-76.854271,-0.027226,-0.071418,0.997075,-0.012634,0.997389,0.071096,-0.999549,-0.010661,-0.028057),
	CFrame.new(-320.141541,26.738401,-76.854271,-0.027226,-0.071418,0.997075,-0.012634,0.997389,0.071096,-0.999549,-0.010661,-0.028057),
	CFrame.new(-320.141541,26.738401,-76.854271,-0.027226,-0.071418,0.997075,-0.012634,0.997389,0.071096,-0.999549,-0.010661,-0.028057),
	CFrame.new(-320.141541,26.738401,-76.854271,-0.027226,-0.071418,0.997075,-0.012634,0.997389,0.071096,-0.999549,-0.010661,-0.028057),
	CFrame.new(-320.361603,26.510527,-76.804131,-0.034468,-0.325211,0.945013,-0.008687,0.945637,0.325109,-0.999368,0.002996,-0.035419),
	CFrame.new(-320.361603,26.510527,-76.804131,-0.034468,-0.325211,0.945013,-0.008687,0.945637,0.325109,-0.999368,0.002996,-0.035419),
	CFrame.new(-320.361603,26.510527,-76.804131,-0.034468,-0.325211,0.945013,-0.008687,0.945637,0.325109,-0.999368,0.002996,-0.035419),
	CFrame.new(-320.361603,26.510527,-76.804131,-0.034468,-0.325211,0.945013,-0.008687,0.945637,0.325109,-0.999368,0.002996,-0.035419),
	CFrame.new(-320.382690,26.213593,-76.810211,-0.034468,-0.325211,0.945013,-0.008687,0.945637,0.325109,-0.999368,0.002996,-0.035419),
	CFrame.new(-320.382690,26.213593,-76.810211,-0.034468,-0.325211,0.945013,-0.008687,0.945637,0.325109,-0.999368,0.002996,-0.035419),
	CFrame.new(-320.382690,26.213593,-76.810211,-0.034468,-0.325211,0.945013,-0.008687,0.945637,0.325109,-0.999368,0.002996,-0.035419),
	CFrame.new(-320.389740,26.115419,-76.813667,-0.034468,-0.325211,0.945013,-0.008687,0.945637,0.325109,-0.999368,0.002996,-0.035420),
	CFrame.new(-320.389740,26.115419,-76.813667,-0.034468,-0.325211,0.945013,-0.008687,0.945637,0.325109,-0.999368,0.002996,-0.035420),
	CFrame.new(-320.389740,26.115419,-76.813667,-0.034468,-0.325211,0.945013,-0.008687,0.945637,0.325109,-0.999368,0.002996,-0.035419),
	CFrame.new(-320.389557,26.139751,-76.816727,-0.034468,-0.325211,0.945013,-0.008687,0.945637,0.325109,-0.999368,0.002996,-0.035419),
	CFrame.new(-320.389557,26.139751,-76.816727,-0.034468,-0.325211,0.945013,-0.008687,0.945637,0.325109,-0.999368,0.002996,-0.035419),
	CFrame.new(-320.389557,26.139751,-76.816727,-0.034468,-0.325211,0.945013,-0.008687,0.945637,0.325109,-0.999368,0.002996,-0.035419),
	CFrame.new(-320.389557,26.139751,-76.816727,-0.034468,-0.325211,0.945013,-0.008687,0.945637,0.325109,-0.999368,0.002996,-0.035419),
	CFrame.new(-320.340607,26.179153,-76.815414,-0.042222,-0.265973,0.963055,-0.005001,0.963959,0.266004,-0.999096,0.006415,-0.042030),
	CFrame.new(-320.340607,26.179153,-76.815414,-0.042222,-0.265973,0.963055,-0.005001,0.963959,0.266004,-0.999096,0.006415,-0.042030),
	CFrame.new(-320.340607,26.179153,-76.815414,-0.042222,-0.265973,0.963055,-0.005001,0.963959,0.266004,-0.999096,0.006415,-0.042030),
	CFrame.new(-320.340607,26.179153,-76.815414,-0.042222,-0.265973,0.963055,-0.005001,0.963959,0.266004,-0.999096,0.006415,-0.042030),
	CFrame.new(-320.340607,26.179153,-76.815407,-0.042222,-0.265973,0.963055,-0.005001,0.963959,0.266004,-0.999096,0.006415,-0.042030),
	CFrame.new(-320.340607,26.179153,-76.815407,-0.042222,-0.265973,0.963055,-0.005001,0.963959,0.266004,-0.999096,0.006415,-0.042030),
	CFrame.new(-320.340607,26.179153,-76.815407,-0.042222,-0.265973,0.963055,-0.005001,0.963959,0.266004,-0.999096,0.006415,-0.042030),
	CFrame.new(-320.341003,26.209425,-76.815399,-0.042222,-0.265973,0.963055,-0.005001,0.963959,0.266004,-0.999096,0.006415,-0.042030),
	CFrame.new(-320.341003,26.209425,-76.815399,-0.042222,-0.265973,0.963055,-0.005001,0.963959,0.266004,-0.999096,0.006415,-0.042030),
	CFrame.new(-320.341003,26.209425,-76.815399,-0.042222,-0.265973,0.963055,-0.005001,0.963959,0.266004,-0.999096,0.006415,-0.042030),
	CFrame.new(-320.341003,26.209425,-76.815399,-0.042222,-0.265973,0.963055,-0.005001,0.963959,0.266004,-0.999096,0.006415,-0.042030),
	CFrame.new(-320.341003,26.209425,-76.815399,-0.042222,-0.265973,0.963055,-0.005001,0.963959,0.266004,-0.999096,0.006415,-0.042030),
	CFrame.new(-320.341003,26.209425,-76.815399,-0.042222,-0.265973,0.963055,-0.005001,0.963959,0.266004,-0.999096,0.006415,-0.042030),
	CFrame.new(-320.341003,26.209425,-76.815399,-0.042222,-0.265973,0.963055,-0.005001,0.963959,0.266004,-0.999096,0.006415,-0.042030),
	CFrame.new(-320.341400,26.220068,-76.815384,-0.042222,-0.265973,0.963055,-0.005001,0.963959,0.266004,-0.999096,0.006415,-0.042030),
	CFrame.new(-320.341400,26.220068,-76.815384,-0.042222,-0.265973,0.963055,-0.005001,0.963959,0.266004,-0.999096,0.006415,-0.042030),
	CFrame.new(-320.341400,26.220068,-76.815384,-0.042222,-0.265973,0.963055,-0.005001,0.963959,0.266004,-0.999096,0.006415,-0.042030),
	CFrame.new(-320.341400,26.220068,-76.815384,-0.042222,-0.265973,0.963055,-0.005001,0.963959,0.266004,-0.999096,0.006415,-0.042030),
	CFrame.new(-320.404053,26.200050,-76.815865,-0.041663,-0.342155,0.938719,-0.008969,0.939626,0.342087,-0.999091,0.005833,-0.042217),
	CFrame.new(-320.404053,26.200050,-76.815865,-0.041663,-0.342155,0.938720,-0.008969,0.939626,0.342087,-0.999091,0.005833,-0.042217),
	CFrame.new(-320.404053,26.200050,-76.815865,-0.041663,-0.342155,0.938720,-0.008969,0.939626,0.342087,-0.999091,0.005833,-0.042217),
	CFrame.new(-320.404053,26.200050,-76.815865,-0.041663,-0.342155,0.938720,-0.008969,0.939626,0.342087,-0.999091,0.005833,-0.042216),
	CFrame.new(-320.404053,26.200050,-76.815865,-0.041663,-0.342155,0.938720,-0.008969,0.939626,0.342087,-0.999091,0.005833,-0.042216),
	CFrame.new(-320.395660,26.116535,-76.822060,-0.041663,-0.342155,0.938720,-0.008969,0.939626,0.342087,-0.999091,0.005833,-0.042217),
	CFrame.new(-320.395660,26.116535,-76.822060,-0.041663,-0.342155,0.938720,-0.008969,0.939626,0.342087,-0.999091,0.005833,-0.042217),
	CFrame.new(-320.395660,26.116535,-76.822060,-0.041663,-0.342155,0.938719,-0.008969,0.939626,0.342087,-0.999091,0.005833,-0.042217),
	CFrame.new(-320.395660,26.116535,-76.822060,-0.041663,-0.342155,0.938719,-0.008969,0.939626,0.342087,-0.999091,0.005833,-0.042217),
	CFrame.new(-320.395660,26.116535,-76.822060,-0.041663,-0.342155,0.938719,-0.008969,0.939626,0.342087,-0.999091,0.005833,-0.042217),
	CFrame.new(-320.374420,26.210197,-76.818420,-0.016095,-0.306222,0.951824,-0.006148,0.951960,0.306162,-0.999852,-0.000924,-0.017205),
	CFrame.new(-320.374420,26.210197,-76.818420,-0.016095,-0.306222,0.951824,-0.006147,0.951960,0.306162,-0.999852,-0.000924,-0.017205),
	CFrame.new(-320.374420,26.210197,-76.818420,-0.016095,-0.306222,0.951824,-0.006147,0.951960,0.306162,-0.999852,-0.000924,-0.017205),
	CFrame.new(-320.381165,26.256107,-76.819832,-0.006967,-0.308624,0.951159,-0.005200,0.951180,0.308593,-0.999962,-0.002796,-0.008232),
	CFrame.new(-320.381165,26.256107,-76.819832,-0.006967,-0.308624,0.951159,-0.005200,0.951180,0.308593,-0.999962,-0.002796,-0.008232),
	CFrame.new(-320.381165,26.256107,-76.819832,-0.006967,-0.308624,0.951159,-0.005200,0.951180,0.308593,-0.999962,-0.002796,-0.008232),
	CFrame.new(-320.381165,26.256107,-76.819832,-0.006967,-0.308624,0.951159,-0.005200,0.951180,0.308593,-0.999962,-0.002796,-0.008232),
	CFrame.new(-320.382507,26.269209,-76.819817,-0.006967,-0.308624,0.951159,-0.005200,0.951180,0.308593,-0.999962,-0.002796,-0.008232),
	CFrame.new(-320.382507,26.269209,-76.819817,-0.006967,-0.308624,0.951158,-0.005200,0.951180,0.308593,-0.999962,-0.002796,-0.008232),
	CFrame.new(-320.382507,26.269209,-76.819817,-0.006967,-0.308624,0.951158,-0.005200,0.951180,0.308593,-0.999962,-0.002796,-0.008232),
	CFrame.new(-320.382507,26.269209,-76.819817,-0.006967,-0.308624,0.951158,-0.005200,0.951180,0.308593,-0.999962,-0.002796,-0.008232),
	CFrame.new(-320.382507,26.269209,-76.819817,-0.006967,-0.308624,0.951158,-0.005200,0.951180,0.308593,-0.999962,-0.002796,-0.008232),
	CFrame.new(-320.396362,26.256523,-76.821236,0.002421,-0.326456,0.945209,-0.003919,0.945202,0.326463,-0.999989,-0.004495,0.001009),
	CFrame.new(-320.396362,26.256523,-76.821236,0.002421,-0.326456,0.945209,-0.003919,0.945202,0.326463,-0.999989,-0.004495,0.001009),
	CFrame.new(-320.396362,26.256523,-76.821236,0.002421,-0.326456,0.945209,-0.003919,0.945202,0.326463,-0.999989,-0.004495,0.001009),
	CFrame.new(-320.396362,26.256523,-76.821236,0.002421,-0.326456,0.945209,-0.003919,0.945202,0.326463,-0.999989,-0.004495,0.001009),
	CFrame.new(-320.396362,26.256523,-76.821236,0.002421,-0.326456,0.945209,-0.003919,0.945202,0.326463,-0.999989,-0.004495,0.001009),
	CFrame.new(-320.402527,26.235451,-76.821648,0.005105,-0.336210,0.941773,-0.003409,0.941774,0.336229,-0.999981,-0.004927,0.003661),
	CFrame.new(-320.402527,26.235451,-76.821648,0.005105,-0.336210,0.941773,-0.003410,0.941774,0.336229,-0.999981,-0.004927,0.003661),
	CFrame.new(-320.402527,26.235451,-76.821648,0.005105,-0.336210,0.941773,-0.003410,0.941774,0.336229,-0.999981,-0.004927,0.003661),
	CFrame.new(-320.403046,26.220501,-76.821732,0.005622,-0.338597,0.940915,-0.003296,0.940918,0.338618,-0.999979,-0.005005,0.004174),
	CFrame.new(-320.403046,26.220501,-76.821732,0.005622,-0.338597,0.940915,-0.003296,0.940918,0.338618,-0.999979,-0.005005,0.004174),
	CFrame.new(-320.403046,26.220501,-76.821732,0.005622,-0.338597,0.940915,-0.003296,0.940918,0.338618,-0.999979,-0.005005,0.004174),
	CFrame.new(-320.403046,26.220501,-76.821732,0.005622,-0.338597,0.940915,-0.003296,0.940918,0.338618,-0.999979,-0.005005,0.004174),
	CFrame.new(-320.403046,26.220501,-76.821732,0.005622,-0.338597,0.940915,-0.003296,0.940918,0.338618,-0.999979,-0.005005,0.004174),
	CFrame.new(-320.401093,26.201777,-76.820251,0.005622,-0.338597,0.940915,-0.003296,0.940918,0.338618,-0.999979,-0.005005,0.004174),
	CFrame.new(-320.401093,26.201777,-76.820251,0.005622,-0.338597,0.940915,-0.003296,0.940918,0.338618,-0.999979,-0.005005,0.004174),
	CFrame.new(-320.401093,26.201777,-76.820251,0.005622,-0.338597,0.940915,-0.003296,0.940918,0.338618,-0.999979,-0.005005,0.004174),
	CFrame.new(-320.401093,26.201777,-76.820251,0.005622,-0.338597,0.940915,-0.003296,0.940918,0.338618,-0.999979,-0.005005,0.004174),
	CFrame.new(-320.401093,26.201777,-76.820251,0.005622,-0.338597,0.940915,-0.003296,0.940918,0.338618,-0.999979,-0.005005,0.004174),
	CFrame.new(-320.400238,26.193657,-76.818802,0.005622,-0.338597,0.940915,-0.003296,0.940918,0.338618,-0.999979,-0.005005,0.004174),
	CFrame.new(-320.400238,26.193657,-76.818802,0.005622,-0.338597,0.940915,-0.003296,0.940918,0.338618,-0.999979,-0.005005,0.004174),
	CFrame.new(-320.400238,26.193657,-76.818802,0.005622,-0.338597,0.940915,-0.003296,0.940918,0.338618,-0.999979,-0.005005,0.004174),
	CFrame.new(-320.400238,26.193657,-76.818802,0.005622,-0.338597,0.940915,-0.003296,0.940918,0.338618,-0.999979,-0.005005,0.004174),
	CFrame.new(-320.400238,26.193657,-76.818802,0.005622,-0.338597,0.940915,-0.003296,0.940918,0.338618,-0.999979,-0.005005,0.004174),
	CFrame.new(-320.407990,26.202854,-76.818871,0.005648,-0.346603,0.937995,-0.002954,0.938000,0.346623,-0.999980,-0.004728,0.004274),
	CFrame.new(-320.407990,26.202854,-76.818871,0.005648,-0.346603,0.937995,-0.002954,0.938000,0.346623,-0.999980,-0.004728,0.004274),
	CFrame.new(-320.407990,26.202854,-76.818871,0.005648,-0.346603,0.937995,-0.002953,0.938000,0.346623,-0.999980,-0.004728,0.004274),
	CFrame.new(-320.407990,26.202854,-76.818871,0.005648,-0.346603,0.937995,-0.002953,0.938000,0.346623,-0.999980,-0.004728,0.004274),
	CFrame.new(-320.407990,26.202854,-76.818871,0.005648,-0.346603,0.937995,-0.002953,0.938000,0.346623,-0.999980,-0.004728,0.004274),
	CFrame.new(-320.407990,26.202854,-76.818871,0.005648,-0.346603,0.937995,-0.002954,0.938000,0.346623,-0.999980,-0.004728,0.004274),
	CFrame.new(-320.407990,26.202854,-76.818871,0.005648,-0.346603,0.937995,-0.002954,0.938000,0.346623,-0.999980,-0.004728,0.004274),
	CFrame.new(-320.407990,26.202854,-76.818871,0.005648,-0.346603,0.937995,-0.002954,0.938000,0.346623,-0.999980,-0.004728,0.004274),
	CFrame.new(-320.428345,26.226768,-76.819046,0.005704,-0.367535,0.929992,-0.002053,0.930001,0.367551,-0.999982,-0.004006,0.004551),
	CFrame.new(-320.428345,26.226768,-76.819046,0.005704,-0.367535,0.929992,-0.002053,0.930001,0.367551,-0.999982,-0.004006,0.004551),
	CFrame.new(-320.428345,26.226768,-76.819046,0.005704,-0.367535,0.929992,-0.002053,0.930001,0.367551,-0.999982,-0.004006,0.004551),
	CFrame.new(-320.428345,26.226768,-76.819046,0.005704,-0.367535,0.929992,-0.002053,0.930001,0.367551,-0.999982,-0.004006,0.004551),
	CFrame.new(-320.428345,26.226768,-76.819046,0.005704,-0.367535,0.929992,-0.002053,0.930001,0.367551,-0.999982,-0.004006,0.004551),
	CFrame.new(-320.428345,26.226768,-76.819046,0.005704,-0.367535,0.929992,-0.002053,0.930001,0.367551,-0.999982,-0.004006,0.004551),
	CFrame.new(-320.436066,26.235762,-76.819122,0.005721,-0.375447,0.926826,-0.001710,0.926837,0.375461,-0.999982,-0.003733,0.004660),
	CFrame.new(-320.436066,26.235762,-76.819122,0.005721,-0.375446,0.926826,-0.001710,0.926837,0.375461,-0.999982,-0.003733,0.004660),
	CFrame.new(-320.436066,26.235762,-76.819122,0.005721,-0.375447,0.926826,-0.001710,0.926837,0.375461,-0.999982,-0.003733,0.004660),
	CFrame.new(-320.436066,26.235762,-76.819122,0.005721,-0.375447,0.926826,-0.001710,0.926837,0.375461,-0.999982,-0.003733,0.004660),
	CFrame.new(-320.436066,26.235762,-76.819122,0.005721,-0.375447,0.926826,-0.001710,0.926837,0.375461,-0.999982,-0.003733,0.004660),
	CFrame.new(-320.435516,26.257929,-76.816849,0.005721,-0.375447,0.926826,-0.001710,0.926837,0.375461,-0.999982,-0.003733,0.004660),
	CFrame.new(-320.435516,26.257929,-76.816849,0.005721,-0.375447,0.926826,-0.001710,0.926837,0.375461,-0.999982,-0.003733,0.004660),
	CFrame.new(-320.435516,26.257929,-76.816849,0.005721,-0.375447,0.926826,-0.001710,0.926837,0.375461,-0.999982,-0.003733,0.004660),
	CFrame.new(-320.435516,26.257929,-76.816849,0.005721,-0.375447,0.926826,-0.001710,0.926837,0.375461,-0.999982,-0.003733,0.004660),
	CFrame.new(-320.435516,26.257929,-76.816849,0.005721,-0.375447,0.926826,-0.001710,0.926837,0.375461,-0.999982,-0.003733,0.004660),
	CFrame.new(-320.435516,26.257929,-76.816849,0.005721,-0.375447,0.926826,-0.001710,0.926837,0.375461,-0.999982,-0.003733,0.004660),
	CFrame.new(-320.435516,26.257929,-76.816849,0.005721,-0.375447,0.926826,-0.001710,0.926837,0.375461,-0.999982,-0.003733,0.004660),
	CFrame.new(-320.434967,26.272331,-76.814583,0.005721,-0.375447,0.926826,-0.001710,0.926837,0.375461,-0.999982,-0.003733,0.004660),
	CFrame.new(-320.434967,26.272331,-76.814583,0.005721,-0.375446,0.926826,-0.001710,0.926837,0.375461,-0.999982,-0.003733,0.004660),
	CFrame.new(-320.434967,26.272331,-76.814583,0.005721,-0.375446,0.926826,-0.001710,0.926837,0.375461,-0.999982,-0.003733,0.004660),
	CFrame.new(-320.405060,26.323339,-76.834145,0.246168,-0.339116,0.907966,0.060474,0.940342,0.334813,-0.967339,-0.027512,0.251990),
	CFrame.new(-320.405060,26.323339,-76.834145,0.246168,-0.339116,0.907966,0.060474,0.940342,0.334813,-0.967339,-0.027512,0.251990),
	CFrame.new(-320.364929,26.336361,-76.842827,0.297000,-0.290320,0.909673,0.052216,0.956172,0.288112,-0.953449,-0.038070,0.299143),
	CFrame.new(-320.364929,26.336361,-76.842827,0.297000,-0.290320,0.909673,0.052216,0.956172,0.288112,-0.953449,-0.038070,0.299143),
	CFrame.new(-320.364929,26.336361,-76.842827,0.297000,-0.290320,0.909673,0.052216,0.956172,0.288112,-0.953449,-0.038070,0.299143),
	CFrame.new(-320.364929,26.336361,-76.842827,0.297000,-0.290320,0.909673,0.052216,0.956172,0.288112,-0.953449,-0.038070,0.299143),
	CFrame.new(-320.367310,26.432243,-76.845818,0.495919,-0.293227,0.817363,0.114662,0.955133,0.273082,-0.860765,-0.041706,0.507290),
	CFrame.new(-320.367310,26.432243,-76.845818,0.495919,-0.293227,0.817363,0.114663,0.955133,0.273082,-0.860765,-0.041706,0.507290),
	CFrame.new(-320.367310,26.432243,-76.845818,0.495919,-0.293227,0.817363,0.114663,0.955133,0.273082,-0.860765,-0.041706,0.507290),
	CFrame.new(-320.367310,26.432243,-76.845818,0.495919,-0.293227,0.817363,0.114663,0.955133,0.273082,-0.860765,-0.041706,0.507290),
	CFrame.new(-320.351410,26.503872,-76.847244,0.643978,-0.273905,0.714331,0.149667,0.960775,0.233476,-0.750262,-0.043441,0.659712),
	CFrame.new(-320.351410,26.503872,-76.847244,0.643978,-0.273905,0.714331,0.149667,0.960775,0.233476,-0.750262,-0.043441,0.659712),
	CFrame.new(-320.351410,26.503872,-76.847244,0.643978,-0.273905,0.714331,0.149667,0.960775,0.233476,-0.750262,-0.043441,0.659712),
	CFrame.new(-320.325165,26.562254,-76.845825,0.720827,-0.241991,0.649499,0.150826,0.969381,0.193783,-0.676506,-0.041723,0.735254),
	CFrame.new(-320.325165,26.562254,-76.845825,0.720827,-0.241991,0.649499,0.150826,0.969381,0.193783,-0.676506,-0.041723,0.735254),
	CFrame.new(-320.318481,26.584414,-76.844643,0.751602,-0.233858,0.616769,0.154345,0.971436,0.180249,-0.641305,-0.040281,0.766228),
	CFrame.new(-320.318481,26.584414,-76.844643,0.751602,-0.233858,0.616769,0.154345,0.971436,0.180249,-0.641305,-0.040281,0.766228),
	CFrame.new(-320.318481,26.584414,-76.844643,0.751602,-0.233858,0.616769,0.154345,0.971436,0.180249,-0.641305,-0.040281,0.766228),
	CFrame.new(-320.318481,26.584414,-76.844643,0.751602,-0.233858,0.616769,0.154345,0.971436,0.180249,-0.641305,-0.040281,0.766228),
	CFrame.new(-320.310852,26.559341,-76.919754,0.752497,-0.230693,0.616870,0.129059,0.970137,0.205372,-0.645827,-0.074929,0.759798),
	CFrame.new(-320.307037,26.537468,-76.958694,0.753188,-0.228018,0.617021,0.107675,0.968085,0.226315,-0.648933,-0.104020,0.753702),
	CFrame.new(-320.307037,26.537468,-76.958694,0.753188,-0.228018,0.617021,0.107675,0.968085,0.226315,-0.648933,-0.104020,0.753702),
	CFrame.new(-320.307037,26.537468,-76.958694,0.753188,-0.228018,0.617021,0.107675,0.968085,0.226315,-0.648933,-0.104020,0.753702),
	CFrame.new(-320.302765,26.510519,-77.002296,0.753937,-0.224824,0.617279,0.082143,0.964505,0.250962,-0.651791,-0.138505,0.745644),
	CFrame.new(-320.302765,26.510519,-77.002296,0.753937,-0.224824,0.617279,0.082143,0.964505,0.250962,-0.651791,-0.138505,0.745644),
	CFrame.new(-320.302765,26.510519,-77.002296,0.753937,-0.224824,0.617279,0.082143,0.964505,0.250962,-0.651791,-0.138505,0.745644),
	CFrame.new(-320.302765,26.510519,-77.002296,0.753937,-0.224824,0.617279,0.082143,0.964505,0.250962,-0.651791,-0.138505,0.745644),
	CFrame.new(-320.302765,26.510519,-77.002296,0.753937,-0.224824,0.617279,0.082143,0.964505,0.250962,-0.651791,-0.138505,0.745644),
	CFrame.new(-320.302765,26.510519,-77.002296,0.753937,-0.224824,0.617279,0.082143,0.964505,0.250962,-0.651791,-0.138505,0.745644),
	CFrame.new(-320.302765,26.510519,-77.002296,0.753937,-0.224824,0.617279,0.082143,0.964505,0.250962,-0.651791,-0.138505,0.745644),
	CFrame.new(-320.303345,26.491661,-77.059746,0.755362,-0.225387,0.615329,0.070550,0.961504,0.265581,-0.651499,-0.157198,0.742184),
	CFrame.new(-320.303345,26.491663,-77.059746,0.755362,-0.225387,0.615329,0.070550,0.961504,0.265580,-0.651499,-0.157198,0.742184),
	CFrame.new(-320.303345,26.491663,-77.059746,0.755362,-0.225387,0.615329,0.070550,0.961504,0.265580,-0.651499,-0.157198,0.742184),
	CFrame.new(-320.303345,26.491661,-77.059746,0.755362,-0.225387,0.615329,0.070550,0.961504,0.265580,-0.651499,-0.157198,0.742184),
	CFrame.new(-320.188507,26.546741,-76.954910,0.580832,-0.104466,0.807293,-0.037977,0.987174,0.155067,-0.813137,-0.120726,0.569414),
	CFrame.new(-320.188507,26.546741,-76.954910,0.580832,-0.104466,0.807293,-0.037977,0.987174,0.155067,-0.813137,-0.120726,0.569414),
	CFrame.new(-320.188507,26.546741,-76.954910,0.580832,-0.104466,0.807293,-0.037977,0.987174,0.155067,-0.813137,-0.120726,0.569414),
	CFrame.new(-320.188507,26.546741,-76.954910,0.580832,-0.104466,0.807293,-0.037977,0.987174,0.155067,-0.813137,-0.120726,0.569414),
	CFrame.new(-320.188507,26.546741,-76.954910,0.580832,-0.104466,0.807293,-0.037977,0.987174,0.155067,-0.813137,-0.120726,0.569414),
	CFrame.new(-320.188507,26.546741,-76.954910,0.580832,-0.104466,0.807293,-0.037977,0.987174,0.155067,-0.813137,-0.120726,0.569414),
	CFrame.new(-320.141327,26.551615,-76.943947,0.529112,-0.047094,0.847244,-0.066395,0.993100,0.096666,-0.845950,-0.107400,0.522334),
	CFrame.new(-320.141327,26.551615,-76.943947,0.529112,-0.047095,0.847244,-0.066395,0.993100,0.096666,-0.845950,-0.107400,0.522334),
	CFrame.new(-320.141327,26.551615,-76.943947,0.529112,-0.047095,0.847244,-0.066395,0.993100,0.096666,-0.845950,-0.107400,0.522334),
	CFrame.new(-320.141327,26.551615,-76.943947,0.529112,-0.047095,0.847244,-0.066395,0.993100,0.096666,-0.845950,-0.107400,0.522334),
	CFrame.new(-320.041656,26.750536,-76.277992,0.526460,-0.012856,0.850103,0.139638,0.987615,-0.071541,-0.838654,0.156370,0.521735),
	CFrame.new(-320.041656,26.750536,-76.277992,0.526460,-0.012856,0.850103,0.139638,0.987615,-0.071541,-0.838654,0.156370,0.521735),
	CFrame.new(-320.041656,26.750536,-76.277992,0.526460,-0.012856,0.850103,0.139638,0.987615,-0.071541,-0.838654,0.156370,0.521735),
	CFrame.new(-320.036133,26.748308,-76.192154,0.526961,-0.012237,0.849801,0.148500,0.985840,-0.077889,-0.836815,0.167240,0.521317),
	CFrame.new(-320.036133,26.748308,-76.192154,0.526961,-0.012237,0.849801,0.148500,0.985840,-0.077889,-0.836815,0.167240,0.521317),
	CFrame.new(-320.036133,26.748308,-76.192154,0.526961,-0.012237,0.849801,0.148500,0.985840,-0.077889,-0.836815,0.167240,0.521317),
	CFrame.new(-320.036133,26.748308,-76.192154,0.526961,-0.012237,0.849801,0.148500,0.985840,-0.077889,-0.836815,0.167240,0.521317),
	CFrame.new(-320.034332,26.746271,-76.155632,0.527520,-0.012140,0.849456,0.150513,0.985415,-0.079386,-0.836103,0.169732,0.521653),
	CFrame.new(-320.034332,26.746271,-76.155632,0.527520,-0.012140,0.849456,0.150513,0.985415,-0.079386,-0.836103,0.169732,0.521653),
	CFrame.new(-320.034332,26.746271,-76.155632,0.527520,-0.012140,0.849456,0.150513,0.985415,-0.079386,-0.836103,0.169732,0.521653),
	CFrame.new(-320.034332,26.746271,-76.155632,0.527520,-0.012140,0.849456,0.150513,0.985415,-0.079386,-0.836103,0.169732,0.521653),
	CFrame.new(-320.032837,26.744072,-76.135635,0.528050,-0.011974,0.849129,0.153407,0.984795,-0.081512,-0.835242,0.173305,0.521858),
	CFrame.new(-320.032837,26.744072,-76.135635,0.528050,-0.011974,0.849129,0.153407,0.984795,-0.081512,-0.835242,0.173305,0.521858),
	CFrame.new(-320.032837,26.744072,-76.135635,0.528050,-0.011974,0.849129,0.153407,0.984795,-0.081512,-0.835242,0.173305,0.521858),
	CFrame.new(-320.032196,26.743042,-76.129547,0.528285,-0.011887,0.848984,0.154881,0.984475,-0.082592,-0.834821,0.175124,0.521924),
	CFrame.new(-320.032196,26.743042,-76.129547,0.528285,-0.011887,0.848984,0.154881,0.984475,-0.082592,-0.834821,0.175124,0.521924),
	CFrame.new(-320.032196,26.743042,-76.129547,0.528285,-0.011887,0.848984,0.154881,0.984475,-0.082592,-0.834821,0.175124,0.521924),
	CFrame.new(-320.032196,26.743042,-76.129547,0.528285,-0.011887,0.848984,0.154881,0.984475,-0.082592,-0.834821,0.175124,0.521924),
	CFrame.new(-320.032501,26.741053,-76.131996,0.528285,-0.011887,0.848984,0.154881,0.984475,-0.082592,-0.834821,0.175124,0.521924),
	CFrame.new(-320.032501,26.741053,-76.131996,0.528285,-0.011887,0.848984,0.154881,0.984475,-0.082592,-0.834821,0.175124,0.521924),
	CFrame.new(-320.032501,26.741053,-76.131996,0.528285,-0.011887,0.848984,0.154881,0.984475,-0.082592,-0.834821,0.175124,0.521924),
	CFrame.new(-320.033234,26.737698,-76.138306,0.528285,-0.011887,0.848984,0.154881,0.984475,-0.082592,-0.834821,0.175124,0.521924),
	CFrame.new(-320.033234,26.737698,-76.138306,0.528285,-0.011887,0.848984,0.154881,0.984475,-0.082592,-0.834821,0.175124,0.521924),
	CFrame.new(-320.033234,26.737700,-76.138306,0.528285,-0.011887,0.848984,0.154881,0.984475,-0.082592,-0.834821,0.175124,0.521924),
	CFrame.new(-320.033234,26.737700,-76.138306,0.528285,-0.011887,0.848984,0.154881,0.984475,-0.082592,-0.834821,0.175124,0.521924),
	CFrame.new(-320.033234,26.737700,-76.138306,0.528285,-0.011887,0.848984,0.154881,0.984475,-0.082592,-0.834821,0.175124,0.521924),
	CFrame.new(-320.034637,26.732153,-76.150063,0.528285,-0.011887,0.848984,0.154881,0.984475,-0.082592,-0.834821,0.175124,0.521924),
	CFrame.new(-320.034637,26.732153,-76.150063,0.528285,-0.011887,0.848984,0.154881,0.984475,-0.082592,-0.834821,0.175124,0.521924),
	CFrame.new(-320.034637,26.732153,-76.150063,0.528285,-0.011887,0.848984,0.154881,0.984475,-0.082592,-0.834821,0.175124,0.521924),
	CFrame.new(-320.034637,26.732153,-76.150063,0.528285,-0.011887,0.848984,0.154881,0.984475,-0.082592,-0.834821,0.175124,0.521924),
	CFrame.new(-320.034637,26.732153,-76.150063,0.528285,-0.011887,0.848984,0.154881,0.984475,-0.082592,-0.834821,0.175124,0.521924),
	CFrame.new(-320.036072,26.726707,-76.162277,0.528285,-0.011887,0.848984,0.154881,0.984475,-0.082592,-0.834821,0.175124,0.521924),
	CFrame.new(-320.036072,26.726707,-76.162277,0.528285,-0.011887,0.848984,0.154881,0.984475,-0.082592,-0.834821,0.175124,0.521924),
	CFrame.new(-320.036072,26.726707,-76.162277,0.528285,-0.011887,0.848984,0.154881,0.984475,-0.082592,-0.834821,0.175124,0.521924),
	CFrame.new(-320.036072,26.726707,-76.162277,0.528285,-0.011887,0.848984,0.154881,0.984475,-0.082592,-0.834821,0.175124,0.521924),
	CFrame.new(-320.036072,26.726707,-76.162277,0.528285,-0.011887,0.848984,0.154881,0.984475,-0.082592,-0.834821,0.175124,0.521924),
	CFrame.new(-320.037140,26.722805,-76.171280,0.528285,-0.011887,0.848984,0.154881,0.984475,-0.082592,-0.834821,0.175124,0.521924),
	CFrame.new(-320.037140,26.722805,-76.171280,0.528285,-0.011887,0.848984,0.154881,0.984475,-0.082592,-0.834821,0.175124,0.521924),
	CFrame.new(-320.037140,26.722805,-76.171280,0.528285,-0.011887,0.848984,0.154881,0.984475,-0.082592,-0.834821,0.175124,0.521924),
	CFrame.new(-320.037415,26.721762,-76.173729,0.528285,-0.011887,0.848984,0.154881,0.984475,-0.082592,-0.834821,0.175124,0.521924),
	CFrame.new(-320.037415,26.721762,-76.173729,0.528285,-0.011887,0.848984,0.154881,0.984475,-0.082592,-0.834821,0.175124,0.521924),
	CFrame.new(-320.037415,26.721762,-76.173729,0.528285,-0.011887,0.848984,0.154881,0.984475,-0.082592,-0.834821,0.175124,0.521924),
	CFrame.new(-320.037415,26.721762,-76.173729,0.528285,-0.011887,0.848984,0.154881,0.984475,-0.082592,-0.834821,0.175124,0.521924),
	CFrame.new(-320.037170,26.722712,-76.172279,0.528285,-0.011887,0.848984,0.154881,0.984475,-0.082592,-0.834821,0.175124,0.521924),
	CFrame.new(-320.037170,26.722712,-76.172279,0.528285,-0.011887,0.848984,0.154881,0.984475,-0.082592,-0.834821,0.175124,0.521924),
	CFrame.new(-320.037170,26.722712,-76.172279,0.528285,-0.011887,0.848984,0.154881,0.984475,-0.082592,-0.834821,0.175124,0.521924),
	CFrame.new(-320.037170,26.722712,-76.172279,0.528285,-0.011887,0.848984,0.154881,0.984475,-0.082592,-0.834821,0.175124,0.521924),
	CFrame.new(-320.037170,26.722712,-76.172279,0.528285,-0.011887,0.848984,0.154881,0.984475,-0.082592,-0.834821,0.175124,0.521924),
	CFrame.new(-320.036072,26.726212,-76.166466,0.528285,-0.011887,0.848984,0.154881,0.984475,-0.082592,-0.834821,0.175124,0.521924),
	CFrame.new(-320.036072,26.726212,-76.166466,0.528285,-0.011887,0.848984,0.154881,0.984475,-0.082592,-0.834821,0.175124,0.521924),
	CFrame.new(-320.036072,26.726212,-76.166466,0.528285,-0.011887,0.848984,0.154881,0.984475,-0.082592,-0.834821,0.175124,0.521924),
	CFrame.new(-320.036072,26.726212,-76.166466,0.528285,-0.011887,0.848984,0.154881,0.984475,-0.082592,-0.834821,0.175124,0.521924),
	CFrame.new(-320.034271,26.730959,-76.157364,0.528285,-0.011887,0.848984,0.154881,0.984475,-0.082592,-0.834821,0.175124,0.521924),
	CFrame.new(-320.034271,26.730959,-76.157364,0.528285,-0.011887,0.848984,0.154881,0.984475,-0.082592,-0.834821,0.175124,0.521924),
	CFrame.new(-320.034271,26.730959,-76.157364,0.528285,-0.011887,0.848984,0.154881,0.984475,-0.082592,-0.834821,0.175124,0.521924),
	CFrame.new(-320.034271,26.730959,-76.157364,0.528285,-0.011887,0.848984,0.154881,0.984475,-0.082592,-0.834821,0.175124,0.521924),
	CFrame.new(-320.031952,26.735527,-76.146217,0.528285,-0.011887,0.848984,0.154881,0.984475,-0.082592,-0.834821,0.175124,0.521924),
	CFrame.new(-320.031952,26.735525,-76.146217,0.528285,-0.011887,0.848984,0.154881,0.984475,-0.082592,-0.834821,0.175124,0.521924),
	CFrame.new(-320.031952,26.735525,-76.146217,0.528285,-0.011887,0.848984,0.154881,0.984475,-0.082592,-0.834821,0.175124,0.521924),
	CFrame.new(-320.029999,26.737980,-76.137268,0.528285,-0.011887,0.848984,0.154881,0.984475,-0.082592,-0.834821,0.175124,0.521924),
	CFrame.new(-320.029999,26.737980,-76.137268,0.528285,-0.011887,0.848984,0.154881,0.984475,-0.082592,-0.834821,0.175124,0.521924),
	CFrame.new(-320.029999,26.737980,-76.137268,0.528285,-0.011887,0.848984,0.154881,0.984475,-0.082592,-0.834821,0.175124,0.521924),
	CFrame.new(-320.026428,26.737831,-76.122269,0.528190,-0.010079,0.849066,0.160276,0.983139,-0.088034,-0.833863,0.182583,0.520899),
	CFrame.new(-320.026428,26.737831,-76.122269,0.528190,-0.010079,0.849066,0.160276,0.983139,-0.088034,-0.833863,0.182584,0.520899),
	CFrame.new(-320.026428,26.737831,-76.122269,0.528190,-0.010079,0.849066,0.160276,0.983139,-0.088034,-0.833863,0.182584,0.520899),
	CFrame.new(-320.026428,26.737831,-76.122269,0.528190,-0.010079,0.849066,0.160276,0.983139,-0.088034,-0.833863,0.182584,0.520899),
	CFrame.new(-320.026428,26.737831,-76.122269,0.528190,-0.010079,0.849066,0.160276,0.983139,-0.088034,-0.833863,0.182583,0.520899),
	CFrame.new(-320.019379,26.730816,-76.097496,0.525102,-0.005764,0.851019,0.170055,0.980521,-0.098288,-0.833876,0.196331,0.515854),
	CFrame.new(-320.019379,26.730816,-76.097496,0.525102,-0.005764,0.851019,0.170055,0.980521,-0.098288,-0.833876,0.196331,0.515854),
	CFrame.new(-320.019379,26.730816,-76.097496,0.525102,-0.005764,0.851019,0.170055,0.980521,-0.098288,-0.833876,0.196331,0.515854),
	CFrame.new(-320.015472,26.723688,-76.086166,0.521987,-0.003454,0.852946,0.173749,0.979455,-0.102365,-0.835069,0.201632,0.511864),
	CFrame.new(-320.015472,26.723688,-76.086166,0.521987,-0.003454,0.852946,0.173749,0.979455,-0.102365,-0.835069,0.201632,0.511864),
	CFrame.new(-320.015472,26.723688,-76.086166,0.521987,-0.003455,0.852946,0.173749,0.979455,-0.102365,-0.835069,0.201632,0.511864),
	CFrame.new(-320.015472,26.723688,-76.086166,0.521987,-0.003455,0.852946,0.173749,0.979455,-0.102364,-0.835069,0.201632,0.511864),
	CFrame.new(-320.011017,26.713047,-76.074867,0.517318,-0.000852,0.855793,0.176757,0.978544,-0.105873,-0.837341,0.206038,0.506369),
	CFrame.new(-320.011017,26.713047,-76.074867,0.517318,-0.000852,0.855793,0.176757,0.978544,-0.105873,-0.837341,0.206038,0.506369),
	CFrame.new(-320.011017,26.713047,-76.074867,0.517318,-0.000852,0.855793,0.176757,0.978544,-0.105873,-0.837341,0.206038,0.506369),
	CFrame.new(-320.011017,26.713047,-76.074867,0.517318,-0.000852,0.855793,0.176757,0.978544,-0.105873,-0.837341,0.206038,0.506369),
	CFrame.new(-320.011017,26.713047,-76.074867,0.517318,-0.000852,0.855793,0.176757,0.978544,-0.105873,-0.837341,0.206038,0.506369),
	CFrame.new(-320.007080,26.701515,-76.066429,0.512222,0.001392,0.858852,0.178315,0.978036,-0.107933,-0.840138,0.208432,0.500724),
	CFrame.new(-320.007080,26.701517,-76.066429,0.512222,0.001392,0.858852,0.178315,0.978036,-0.107933,-0.840138,0.208432,0.500724),
	CFrame.new(-320.007080,26.701517,-76.066429,0.512222,0.001392,0.858852,0.178315,0.978036,-0.107933,-0.840138,0.208432,0.500724),
	CFrame.new(-320.007080,26.701517,-76.066429,0.512222,0.001392,0.858852,0.178315,0.978036,-0.107933,-0.840138,0.208432,0.500724),
	CFrame.new(-320.007080,26.701515,-76.066429,0.512222,0.001392,0.858852,0.178315,0.978036,-0.107933,-0.840138,0.208432,0.500724),
	CFrame.new(-320.007080,26.701515,-76.066429,0.512222,0.001392,0.858852,0.178315,0.978036,-0.107933,-0.840138,0.208432,0.500724),
	CFrame.new(-320.005615,26.696575,-76.063744,0.510027,0.002209,0.860156,0.178562,0.977940,-0.108390,-0.841420,0.208873,0.498381),
	CFrame.new(-320.005615,26.696575,-76.063744,0.510027,0.002209,0.860156,0.178562,0.977940,-0.108390,-0.841420,0.208873,0.498381),
	CFrame.new(-320.005615,26.696575,-76.063744,0.510027,0.002209,0.860156,0.178562,0.977940,-0.108390,-0.841420,0.208873,0.498381),
	CFrame.new(-320.005615,26.696575,-76.063744,0.510027,0.002209,0.860156,0.178562,0.977940,-0.108390,-0.841420,0.208873,0.498381),
	CFrame.new(-320.005615,26.696575,-76.063744,0.510027,0.002209,0.860156,0.178562,0.977940,-0.108390,-0.841420,0.208873,0.498381),
	CFrame.new(-320.004364,26.696762,-76.059273,0.509926,0.002513,0.860214,0.178942,0.977811,-0.108931,-0.841401,0.209476,0.498162),
	CFrame.new(-320.004364,26.696762,-76.059273,0.509926,0.002513,0.860214,0.178942,0.977811,-0.108932,-0.841401,0.209476,0.498162),
	CFrame.new(-320.004364,26.696762,-76.059273,0.509926,0.002513,0.860214,0.178942,0.977811,-0.108932,-0.841401,0.209476,0.498162),
	CFrame.new(-320.004364,26.696762,-76.059273,0.509926,0.002513,0.860214,0.178942,0.977811,-0.108932,-0.841401,0.209476,0.498162),
	CFrame.new(-320.002655,26.697329,-76.052002,0.509955,0.002823,0.860196,0.179692,0.977583,-0.109736,-0.841223,0.210531,0.498016),
	CFrame.new(-320.002655,26.697329,-76.052002,0.509955,0.002823,0.860196,0.179692,0.977583,-0.109736,-0.841223,0.210531,0.498016),
	CFrame.new(-320.002655,26.697329,-76.052002,0.509955,0.002823,0.860196,0.179692,0.977583,-0.109736,-0.841223,0.210531,0.498016),
	CFrame.new(-320.002655,26.697329,-76.052002,0.509955,0.002823,0.860196,0.179692,0.977583,-0.109737,-0.841223,0.210531,0.498016),
	CFrame.new(-320.000671,26.698126,-76.043205,0.509971,0.003133,0.860186,0.180666,0.977298,-0.110669,-0.841005,0.211844,0.497828),
	CFrame.new(-320.000671,26.698126,-76.043205,0.509971,0.003133,0.860186,0.180666,0.977298,-0.110669,-0.841005,0.211844,0.497828),
	CFrame.new(-320.000671,26.698128,-76.043205,0.509971,0.003133,0.860186,0.180666,0.977298,-0.110669,-0.841005,0.211844,0.497828),
	CFrame.new(-319.999176,26.698786,-76.036369,0.509976,0.003350,0.860182,0.181445,0.977073,-0.111379,-0.840834,0.212877,0.497676),
	CFrame.new(-319.999176,26.698786,-76.036369,0.509976,0.003350,0.860182,0.181445,0.977073,-0.111379,-0.840834,0.212877,0.497676),
	CFrame.new(-319.997772,26.699429,-76.029922,0.509978,0.003543,0.860180,0.182193,0.976858,-0.112041,-0.840671,0.213857,0.497531),
	CFrame.new(-319.997772,26.699429,-76.029922,0.509978,0.003543,0.860180,0.182193,0.976858,-0.112041,-0.840671,0.213857,0.497531),
	CFrame.new(-319.997772,26.699429,-76.029922,0.509978,0.003543,0.860180,0.182193,0.976858,-0.112041,-0.840671,0.213857,0.497531),
	CFrame.new(-319.996582,26.699991,-76.024399,0.509977,0.003700,0.860180,0.182840,0.976673,-0.112602,-0.840531,0.214700,0.497405),
	CFrame.new(-319.996582,26.699991,-76.024399,0.509977,0.003700,0.860180,0.182840,0.976673,-0.112602,-0.840531,0.214700,0.497405),
	CFrame.new(-319.996582,26.699991,-76.024399,0.509977,0.003700,0.860180,0.182840,0.976673,-0.112602,-0.840531,0.214700,0.497405),
	CFrame.new(-319.995728,26.700411,-76.020348,0.509976,0.003811,0.860180,0.183320,0.976536,-0.113012,-0.840427,0.215322,0.497311),
	CFrame.new(-319.995728,26.700411,-76.020348,0.509976,0.003811,0.860180,0.183320,0.976536,-0.113012,-0.840427,0.215322,0.497311),
	CFrame.new(-319.995728,26.700411,-76.020348,0.509976,0.003811,0.860180,0.183320,0.976536,-0.113012,-0.840427,0.215322,0.497311),
	CFrame.new(-319.995728,26.700411,-76.020348,0.509976,0.003811,0.860180,0.183320,0.976536,-0.113012,-0.840427,0.215322,0.497311),
	CFrame.new(-319.995728,26.700411,-76.020348,0.509976,0.003811,0.860180,0.183320,0.976536,-0.113012,-0.840427,0.215322,0.497311),
	CFrame.new(-319.999207,26.698435,-76.035805,0.510001,0.002981,0.860169,0.180811,0.977280,-0.110591,-0.840956,0.211929,0.497875),
	CFrame.new(-319.999207,26.698435,-76.035805,0.510001,0.002981,0.860169,0.180811,0.977280,-0.110591,-0.840956,0.211929,0.497875),
	CFrame.new(-319.999207,26.698435,-76.035805,0.510001,0.002981,0.860169,0.180811,0.977280,-0.110591,-0.840956,0.211929,0.497875),
	CFrame.new(-319.999207,26.698433,-76.035805,0.510001,0.002981,0.860169,0.180811,0.977280,-0.110591,-0.840956,0.211929,0.497875),
	CFrame.new(-320.002411,26.702978,-76.040497,0.510066,0.001109,0.860135,0.175143,0.978915,-0.105123,-0.842115,0.204266,0.499117),
	CFrame.new(-320.002411,26.702978,-76.040497,0.510066,0.001109,0.860135,0.175143,0.978915,-0.105123,-0.842115,0.204266,0.499117),
	CFrame.new(-320.002411,26.702980,-76.040497,0.510066,0.001109,0.860135,0.175143,0.978915,-0.105123,-0.842115,0.204266,0.499117),
	CFrame.new(-320.002411,26.702980,-76.040497,0.510066,0.001109,0.860135,0.175143,0.978915,-0.105123,-0.842115,0.204266,0.499117),
	CFrame.new(-320.002411,26.702980,-76.040497,0.510066,0.001109,0.860135,0.175143,0.978915,-0.105123,-0.842115,0.204266,0.499117),
	CFrame.new(-320.009613,26.708315,-76.071999,0.510146,-0.000879,0.860087,0.169115,0.980581,-0.099306,-0.843298,0.196114,0.500388),
	CFrame.new(-320.009613,26.708315,-76.071999,0.510146,-0.000879,0.860087,0.169115,0.980581,-0.099306,-0.843298,0.196115,0.500388),
	CFrame.new(-320.009613,26.708315,-76.071999,0.510146,-0.000879,0.860087,0.169115,0.980581,-0.099306,-0.843298,0.196115,0.500388),
	CFrame.new(-320.009613,26.708315,-76.071999,0.510146,-0.000879,0.860087,0.169115,0.980581,-0.099306,-0.843298,0.196115,0.500388),
	CFrame.new(-320.009613,26.708315,-76.071999,0.510146,-0.000879,0.860087,0.169115,0.980581,-0.099306,-0.843298,0.196115,0.500388),
	CFrame.new(-320.009613,26.708315,-76.071999,0.510146,-0.000879,0.860087,0.169115,0.980581,-0.099306,-0.843298,0.196115,0.500388),
	CFrame.new(-320.013275,26.697369,-76.082710,0.510203,-0.002115,0.860052,0.165362,0.981580,-0.095683,-0.844008,0.191037,0.501155),
	CFrame.new(-320.013275,26.697369,-76.082710,0.510202,-0.002115,0.860052,0.165362,0.981580,-0.095683,-0.844008,0.191037,0.501155),
	CFrame.new(-320.013275,26.697369,-76.082710,0.510202,-0.002115,0.860052,0.165362,0.981580,-0.095683,-0.844008,0.191037,0.501155),
	CFrame.new(-320.015320,26.689106,-76.107727,0.510146,-0.000879,0.860087,0.169115,0.980581,-0.099306,-0.843298,0.196115,0.500388),
	CFrame.new(-320.015320,26.689106,-76.107727,0.510146,-0.000879,0.860087,0.169115,0.980581,-0.099306,-0.843298,0.196115,0.500388),
	CFrame.new(-320.015320,26.689106,-76.107727,0.510146,-0.000879,0.860087,0.169115,0.980581,-0.099306,-0.843298,0.196115,0.500388),
	CFrame.new(-320.015320,26.689106,-76.107727,0.510146,-0.000879,0.860087,0.169115,0.980581,-0.099306,-0.843298,0.196115,0.500388),
	CFrame.new(-320.015320,26.689106,-76.107727,0.510146,-0.000879,0.860087,0.169115,0.980581,-0.099306,-0.843298,0.196115,0.500388),
	CFrame.new(-320.015320,26.689106,-76.107727,0.510146,-0.000879,0.860087,0.169115,0.980581,-0.099306,-0.843298,0.196114,0.500388),
	CFrame.new(-320.015320,26.689106,-76.107727,0.510146,-0.000879,0.860087,0.169115,0.980581,-0.099306,-0.843298,0.196114,0.500388),
	CFrame.new(-320.030975,26.710155,-76.209518,0.507666,-0.009279,0.861504,0.124363,0.990259,-0.062619,-0.852531,0.138929,0.503875),
	CFrame.new(-320.030975,26.710155,-76.209518,0.507666,-0.009279,0.861504,0.124363,0.990259,-0.062619,-0.852531,0.138929,0.503875),
	CFrame.new(-320.030975,26.710155,-76.209518,0.507666,-0.009279,0.861504,0.124363,0.990259,-0.062619,-0.852531,0.138929,0.503875),
	CFrame.new(-320.034393,26.736788,-76.359924,0.520921,-0.000472,0.853605,0.050063,0.998295,-0.029999,-0.852136,0.058362,0.520057),
	CFrame.new(-320.034393,26.736788,-76.359924,0.520921,-0.000472,0.853605,0.050063,0.998295,-0.029999,-0.852136,0.058362,0.520057),
	CFrame.new(-320.034393,26.736788,-76.359924,0.520921,-0.000472,0.853605,0.050063,0.998295,-0.029999,-0.852136,0.058362,0.520057),
	CFrame.new(-320.019135,26.739849,-76.374191,0.526256,0.019394,0.850105,0.034047,0.998458,-0.043855,-0.849644,0.052022,0.524784),
	CFrame.new(-320.019135,26.739849,-76.374191,0.526256,0.019394,0.850105,0.034047,0.998458,-0.043855,-0.849644,0.052022,0.524784),
	CFrame.new(-320.019135,26.739849,-76.374191,0.526256,0.019394,0.850105,0.034047,0.998458,-0.043855,-0.849644,0.052022,0.524784),
	CFrame.new(-320.005524,26.725771,-76.271675,0.528309,0.025212,0.848678,0.061238,0.995824,-0.067704,-0.846841,0.087740,0.524559),
	CFrame.new(-320.005524,26.725771,-76.271675,0.528309,0.025212,0.848678,0.061238,0.995824,-0.067704,-0.846841,0.087740,0.524559),
	CFrame.new(-320.005524,26.725771,-76.271675,0.528309,0.025212,0.848678,0.061238,0.995824,-0.067704,-0.846841,0.087740,0.524559),
	CFrame.new(-319.999237,26.714701,-76.195679,0.529129,0.024799,0.848179,0.083075,0.993257,-0.080867,-0.844465,0.113252,0.523501),
	CFrame.new(-319.999237,26.714701,-76.195679,0.529129,0.024799,0.848179,0.083075,0.993257,-0.080867,-0.844465,0.113251,0.523501),
	CFrame.new(-319.999237,26.714701,-76.195679,0.529129,0.024799,0.848179,0.083075,0.993257,-0.080867,-0.844465,0.113251,0.523501),
	CFrame.new(-319.999237,26.714701,-76.195679,0.529129,0.024799,0.848179,0.083075,0.993257,-0.080867,-0.844465,0.113252,0.523501),
	CFrame.new(-319.995300,26.709604,-76.141327,0.529574,0.023511,0.847938,0.098448,0.991157,-0.088967,-0.842532,0.130592,0.522576),
	CFrame.new(-319.995300,26.709604,-76.141327,0.529574,0.023511,0.847938,0.098448,0.991157,-0.088967,-0.842532,0.130592,0.522576),
	CFrame.new(-319.995300,26.709606,-76.141327,0.529574,0.023511,0.847938,0.098448,0.991157,-0.088967,-0.842532,0.130592,0.522576),
	CFrame.new(-319.995300,26.709606,-76.141327,0.529574,0.023511,0.847938,0.098448,0.991157,-0.088967,-0.842532,0.130592,0.522576),
	CFrame.new(-319.991364,26.713438,-76.111336,0.529855,0.023801,0.847754,0.104151,0.990214,-0.092896,-0.841668,0.137516,0.522191),
	CFrame.new(-319.991364,26.713438,-76.111336,0.529855,0.023801,0.847754,0.104151,0.990214,-0.092896,-0.841668,0.137516,0.522191),
	CFrame.new(-319.991364,26.713438,-76.111336,0.529855,0.023801,0.847754,0.104151,0.990214,-0.092896,-0.841668,0.137516,0.522191),
	CFrame.new(-319.991364,26.713438,-76.111336,0.529855,0.023801,0.847754,0.104151,0.990214,-0.092896,-0.841668,0.137516,0.522191),
	CFrame.new(-319.988800,26.714716,-76.106110,0.530007,0.026013,0.847594,0.104012,0.989988,-0.095423,-0.841590,0.138735,0.521995),
	CFrame.new(-319.988800,26.714716,-76.106110,0.530007,0.026013,0.847594,0.104012,0.989988,-0.095423,-0.841590,0.138735,0.521995),
	CFrame.new(-319.988800,26.714716,-76.106110,0.530007,0.026013,0.847594,0.104012,0.989988,-0.095423,-0.841590,0.138735,0.521995),
	CFrame.new(-319.988800,26.714716,-76.106110,0.530007,0.026013,0.847594,0.104012,0.989988,-0.095423,-0.841590,0.138735,0.521995),
	CFrame.new(-319.985535,26.711798,-76.118813,0.521518,0.032249,0.852631,0.101632,0.989823,-0.099602,-0.847166,0.138599,0.512933),
	CFrame.new(-319.985535,26.711798,-76.118813,0.521518,0.032249,0.852631,0.101632,0.989823,-0.099603,-0.847166,0.138599,0.512933),
	CFrame.new(-319.984070,26.709414,-76.129845,0.514257,0.035990,0.856880,0.100107,0.989771,-0.101651,-0.851773,0.138055,0.505394),
	CFrame.new(-319.984070,26.709414,-76.129845,0.514257,0.035990,0.856880,0.100107,0.989771,-0.101651,-0.851773,0.138055,0.505394),
	CFrame.new(-319.984070,26.709414,-76.129845,0.514257,0.035990,0.856880,0.100107,0.989771,-0.101651,-0.851773,0.138055,0.505394),
	CFrame.new(-319.984070,26.709414,-76.129845,0.514257,0.035990,0.856880,0.100107,0.989771,-0.101651,-0.851773,0.138055,0.505394),
	CFrame.new(-319.982574,26.706589,-76.143074,0.505551,0.040085,0.861865,0.098417,0.989721,-0.103761,-0.857166,0.137278,0.496409),
	CFrame.new(-319.982574,26.706589,-76.143074,0.505551,0.040085,0.861865,0.098417,0.989721,-0.103761,-0.857166,0.137279,0.496409),
	CFrame.new(-319.982574,26.706589,-76.143074,0.505551,0.040085,0.861865,0.098417,0.989721,-0.103761,-0.857166,0.137279,0.496409),
	CFrame.new(-319.983582,26.703115,-76.149826,0.505551,0.040085,0.861865,0.098417,0.989721,-0.103761,-0.857166,0.137279,0.496409),
	CFrame.new(-319.983582,26.703115,-76.149826,0.505551,0.040085,0.861865,0.098417,0.989721,-0.103761,-0.857166,0.137278,0.496409),
	CFrame.new(-319.983582,26.703115,-76.149826,0.505551,0.040085,0.861865,0.098417,0.989721,-0.103761,-0.857166,0.137278,0.496409),
	CFrame.new(-319.983582,26.703115,-76.149826,0.505551,0.040085,0.861865,0.098417,0.989721,-0.103760,-0.857166,0.137278,0.496409),
	CFrame.new(-319.983582,26.703115,-76.149826,0.505551,0.040085,0.861865,0.098417,0.989721,-0.103761,-0.857166,0.137278,0.496409),
	CFrame.new(-319.984833,26.695923,-76.158066,0.505551,0.040085,0.861865,0.098417,0.989721,-0.103761,-0.857166,0.137278,0.496409),
	CFrame.new(-319.984833,26.695923,-76.158066,0.505551,0.040085,0.861865,0.098417,0.989721,-0.103761,-0.857166,0.137279,0.496409),
	CFrame.new(-319.984833,26.695923,-76.158066,0.505551,0.040085,0.861865,0.098417,0.989721,-0.103761,-0.857166,0.137279,0.496409),
	CFrame.new(-319.985657,26.689384,-76.163551,0.505551,0.040085,0.861865,0.098417,0.989721,-0.103761,-0.857166,0.137279,0.496409),
	CFrame.new(-319.985657,26.689384,-76.163551,0.505551,0.040085,0.861865,0.098417,0.989721,-0.103761,-0.857166,0.137278,0.496409),
	CFrame.new(-319.985657,26.689384,-76.163551,0.505551,0.040085,0.861865,0.098417,0.989721,-0.103761,-0.857166,0.137278,0.496409),
	CFrame.new(-319.985657,26.689384,-76.163551,0.505551,0.040085,0.861865,0.098417,0.989721,-0.103760,-0.857166,0.137278,0.496409),
	CFrame.new(-319.986359,26.682528,-76.168327,0.505551,0.040085,0.861865,0.098417,0.989721,-0.103760,-0.857166,0.137278,0.496409),
	CFrame.new(-319.986359,26.682528,-76.168327,0.505551,0.040085,0.861865,0.098417,0.989721,-0.103761,-0.857166,0.137278,0.496409),
	CFrame.new(-319.986359,26.682528,-76.168327,0.505551,0.040085,0.861865,0.098417,0.989721,-0.103761,-0.857166,0.137279,0.496409),
	CFrame.new(-319.986359,26.682528,-76.168327,0.505551,0.040085,0.861865,0.098417,0.989721,-0.103761,-0.857166,0.137279,0.496409),
	CFrame.new(-319.986969,26.675949,-76.172302,0.505551,0.040085,0.861865,0.098417,0.989721,-0.103761,-0.857166,0.137279,0.496409),
	CFrame.new(-319.986969,26.675949,-76.172302,0.505551,0.040085,0.861865,0.098417,0.989721,-0.103761,-0.857166,0.137279,0.496409),
	CFrame.new(-319.986969,26.675949,-76.172302,0.505551,0.040085,0.861865,0.098417,0.989721,-0.103761,-0.857166,0.137278,0.496409),
	CFrame.new(-319.986969,26.675949,-76.172302,0.505551,0.040085,0.861865,0.098417,0.989721,-0.103761,-0.857166,0.137278,0.496409),
	CFrame.new(-319.987427,26.670248,-76.175377,0.505551,0.040085,0.861865,0.098417,0.989721,-0.103760,-0.857166,0.137278,0.496409),
	CFrame.new(-319.987427,26.670248,-76.175377,0.505551,0.040085,0.861865,0.098417,0.989721,-0.103761,-0.857166,0.137278,0.496409),
	CFrame.new(-319.987640,26.667229,-76.176880,0.505551,0.040085,0.861865,0.098417,0.989721,-0.103761,-0.857166,0.137279,0.496409),
	CFrame.new(-319.987640,26.667229,-76.176880,0.505551,0.040085,0.861865,0.098417,0.989721,-0.103761,-0.857166,0.137279,0.496409),
	CFrame.new(-319.987640,26.667229,-76.176880,0.505551,0.040085,0.861865,0.098417,0.989721,-0.103761,-0.857166,0.137279,0.496409),
	CFrame.new(-319.987854,26.664316,-76.178230,0.505551,0.040085,0.861865,0.098417,0.989721,-0.103761,-0.857166,0.137278,0.496409),
	CFrame.new(-319.987854,26.664316,-76.178230,0.505551,0.040085,0.861865,0.098417,0.989721,-0.103760,-0.857166,0.137278,0.496409),
	CFrame.new(-319.987885,26.663708,-76.178497,0.505551,0.040085,0.861865,0.098417,0.989721,-0.103760,-0.857166,0.137278,0.496409),
	CFrame.new(-319.987885,26.663708,-76.178497,0.505551,0.040085,0.861865,0.098417,0.989721,-0.103761,-0.857166,0.137278,0.496409),
	CFrame.new(-319.987885,26.665581,-76.171982,0.505133,0.040275,0.862101,0.096056,0.990081,-0.102536,-0.857679,0.134604,0.496254),
	CFrame.new(-319.987885,26.665581,-76.171982,0.505133,0.040275,0.862101,0.096056,0.990081,-0.102536,-0.857679,0.134604,0.496254),
	CFrame.new(-319.987885,26.665581,-76.171982,0.505133,0.040275,0.862101,0.096056,0.990081,-0.102536,-0.857679,0.134604,0.496254),
	CFrame.new(-319.987762,26.669044,-76.159882,0.504356,0.040624,0.862540,0.091668,0.990729,-0.100262,-0.858616,0.129635,0.495956)
}

-- transform helper
local origin = frames[1]:Inverse()
local startCFrame = hrp.CFrame

local function getRelative(cf)
	return startCFrame * (origin * cf)
end

-- === MAIN TIMELINE CONFIGURATION ===
local targetFPS = 55        -- Framerate your recorder captured at
local playbackSpeed = 0.65

local totalFrames = #frames
-- Total base duration adjusted by playback speed multiplier
local totalDuration = ((totalFrames - 1) / targetFPS) / playbackSpeed

local function calculateMainTimeline(elapsedTime)
	if elapsedTime >= totalDuration then
		return totalFrames, 1, true
	end
	
	local progress = elapsedTime / totalDuration
	local scaledIndex = progress * (totalFrames - 1) + 1
	local index = math.floor(scaledIndex)
	local alpha = scaledIndex - index
	
	return index, alpha, false
end

-- RUNTIME LOOP
local startTime = tick()
local finished = false
local conn

conn = RunService.RenderStepped:Connect(function()
	-- NEW: abort if wheel cancelled this emote
	if _token and _token.cancelled then
		finished = true
		doCleanup()
		return
	end
	if finished then return end

	local currentTime = tick()
	local elapsedTime = currentTime - startTime
	local index, alpha, isFinished = calculateMainTimeline(elapsedTime)

	if isFinished or index >= totalFrames then
		finished = true
		conn:Disconnect()

		track:Stop()

		-- stabilize before final tween
		hrp.Anchored = true
		hrp.AssemblyLinearVelocity = Vector3.zero
		hrp.AssemblyAngularVelocity = Vector3.zero

		local tween = TweenService:Create(
			hrp,
			TweenInfo.new(0, Enum.EasingStyle.Quint, Enum.EasingDirection.Out), -- Instant transition (0s)
			{CFrame = checkpoint.CFrame}
		)

		tween:Play()
		tween.Completed:Wait()

		checkpoint:Destroy()

		-- restore state
		hrp.Anchored = false
		setGhost(false)

		hum.PlatformStand = false
		hum.Sit = oldSit
		hum.AutoRotate = oldAutoRotate

		return
	end

	local nextIndex = math.min(index + 1, totalFrames)
	local a = getRelative(frames[index])
	local b = getRelative(frames[nextIndex])

	hrp.CFrame = a:Lerp(b, alpha)
	hrp.AssemblyLinearVelocity = Vector3.zero
	hrp.AssemblyAngularVelocity = Vector3.zero
end)


local player = game.Players.LocalPlayer
local character = player.Character or player.CharacterAdded:Wait()
local humanoid = character:WaitForChild("Humanoid")

local SPEED_MULTIPLIER = 1.17

local function playPose(animId, fadeTime, timePos, speed, stopDelay, waitTime)
local animation = Instance.new("Animation")
animation.AnimationId = "http://www.roblox.com/asset/?version=1&id=" .. animId
local track = humanoid:LoadAnimation(animation)
track:Play(fadeTime)
track.TimePosition = timePos
track:AdjustSpeed(speed * SPEED_MULTIPLIER)

local scaledStopDelay = stopDelay / SPEED_MULTIPLIER
task.delay(scaledStopDelay, function()
track:Stop(fadeTime)
end)

if waitTime then
wait(waitTime / SPEED_MULTIPLIER)
end
end

playPose(21633130, 0.35, 0, 1, 40, nil)
playPose(73177718, 0.3, 0.4, 0, 0.9, 0.9)
playPose(78622405, 0.3, 0.5, 0, 3.3, 3.3)
playPose(218504594, 0.5, 0.3, 0.08, 4, 4)
playPose(174517680, 0.5, 0.4, 0.15, 3, 3)
playPose(184573779, 0.3, 0.8, -0.25, 3, 3)
playPose(243985891, 0.35, 0, 1, 2.7, 2.7)
playPose(253205777, 0.53, 0, 1, 3.2, 3.2)
playPose(93693205, 0.3, 2, 0.5, 3, 3)
playPose(97170520, 0.3, 0.4, 0.05, 3, 3)
playPose(184572142, 0.5, 0, 1, 2.6, 2.6)
playPose(233087184, 0.3, 0.4, 0, 3, 3)
playPose(220832011, 0.3, 0.4, 0.0003, 8.5, nil)